-- phpMyAdmin SQL Dump
-- version 4.0.10deb1
-- http://www.phpmyadmin.net
--
-- Host: localhost
-- Generation Time: Jan 14, 2016 at 03:30 PM
-- Server version: 5.5.46-0ubuntu0.14.04.2
-- PHP Version: 5.5.9-1ubuntu4.14

SET SQL_MODE = "NO_AUTO_VALUE_ON_ZERO";
SET time_zone = "+00:00";


/*!40101 SET @OLD_CHARACTER_SET_CLIENT=@@CHARACTER_SET_CLIENT */;
/*!40101 SET @OLD_CHARACTER_SET_RESULTS=@@CHARACTER_SET_RESULTS */;
/*!40101 SET @OLD_COLLATION_CONNECTION=@@COLLATION_CONNECTION */;
/*!40101 SET NAMES utf8 */;

--
-- Database: `elunch_portal_lastest`
--

-- --------------------------------------------------------

--
-- Table structure for table `access_point`
--

CREATE TABLE IF NOT EXISTS `access_point` (
  `id` int(11) NOT NULL AUTO_INCREMENT,
  `ssid` varchar(255) NOT NULL,
  `bssid` varchar(255) NOT NULL,
  `floor_id` int(11) DEFAULT NULL,
  `selected` tinyint(4) NOT NULL,
  `created_at` timestamp NOT NULL DEFAULT CURRENT_TIMESTAMP,
  `updated_at` timestamp NOT NULL DEFAULT '0000-00-00 00:00:00',
  PRIMARY KEY (`id`)
) ENGINE=InnoDB DEFAULT CHARSET=utf8 AUTO_INCREMENT=1 ;

-- --------------------------------------------------------

--
-- Table structure for table `admin_messages`
--

CREATE TABLE IF NOT EXISTS `admin_messages` (
  `id` int(11) NOT NULL AUTO_INCREMENT,
  `user_id` int(11) NOT NULL,
  `title` varchar(255) NOT NULL,
  `content` text NOT NULL,
  `meal_date` date NOT NULL,
  `table` int(11) DEFAULT NULL,
  `shift` int(11) DEFAULT NULL,
  `user` varchar(20) DEFAULT NULL,
  `created_at` timestamp NOT NULL DEFAULT CURRENT_TIMESTAMP,
  `updated_at` timestamp NOT NULL DEFAULT '0000-00-00 00:00:00',
  PRIMARY KEY (`id`)
) ENGINE=InnoDB  DEFAULT CHARSET=utf8 AUTO_INCREMENT=15 ;

--
-- Dumping data for table `admin_messages`
--

INSERT INTO `admin_messages` (`id`, `user_id`, `title`, `content`, `meal_date`, `table`, `shift`, `user`, `created_at`, `updated_at`) VALUES
(7, 1, 'asd', 'asd', '2015-12-09', NULL, NULL, '1', '2015-12-15 03:07:41', '0000-00-00 00:00:00'),
(8, 1, 'asd', 'asd', '2015-12-25', NULL, NULL, '85', '2015-12-15 07:09:01', '0000-00-00 00:00:00'),
(9, 1, 'test', 'nick', '2015-12-22', NULL, NULL, '126', '2015-12-22 06:36:30', '0000-00-00 00:00:00'),
(10, 1, 'Nick testing', 'Lorem Ipsum is simply dummy text of the printing and typesetting industry. Lorem Ipsum has been the industry''s standard dummy text ever since the 1500s, when an unknown printer took a galley of type and scrambled it to make a type specimen book. It has survived not only five centuries, but also the leap into electronic typesetting, remaining essentially unchanged. It was popularised in the 1960s with the release of Letraset sheets containing Lorem Ipsum passages, and more recently with desktop publishing software like Aldus PageMaker including versions of Lorem Ipsum.', '2015-12-23', NULL, NULL, 'all', '2015-12-23 10:08:04', '0000-00-00 00:00:00'),
(11, 1, 'Nick', 'asdasdasd', '2015-12-23', NULL, NULL, '126', '2015-12-23 10:14:20', '0000-00-00 00:00:00'),
(12, 1, 'Hello Cody', 'I just want to test something.', '2016-01-14', NULL, NULL, '85', '2016-01-14 06:36:38', '0000-00-00 00:00:00'),
(13, 1, 'Hello Users', 'Hello Users', '2016-01-13', NULL, NULL, 'all', '2016-01-14 06:42:02', '0000-00-00 00:00:00'),
(14, 1, 'Hello Cody 2', 'HEllo OCdy 2', '2016-01-14', NULL, 2, NULL, '2016-01-14 06:42:27', '0000-00-00 00:00:00');

-- --------------------------------------------------------

--
-- Table structure for table `categories`
--

CREATE TABLE IF NOT EXISTS `categories` (
  `id` int(11) NOT NULL AUTO_INCREMENT,
  `name` text CHARACTER SET utf8 NOT NULL,
  `description` text CHARACTER SET utf8,
  `created_at` timestamp NOT NULL DEFAULT CURRENT_TIMESTAMP ON UPDATE CURRENT_TIMESTAMP,
  `updated_at` timestamp NOT NULL DEFAULT '0000-00-00 00:00:00',
  `order` int(11) NOT NULL,
  PRIMARY KEY (`id`)
) ENGINE=InnoDB  DEFAULT CHARSET=latin1 AUTO_INCREMENT=6 ;

--
-- Dumping data for table `categories`
--

INSERT INTO `categories` (`id`, `name`, `description`, `created_at`, `updated_at`, `order`) VALUES
(1, 'Rau', 'Rau', '2015-12-15 04:23:41', '2015-11-10 11:20:20', 2),
(2, 'Cá', 'Cá', '2015-12-15 04:23:41', '2015-11-18 02:43:15', 5),
(3, 'Thịt', 'Thịt', '2015-12-15 04:23:41', '2015-11-10 11:21:18', 3),
(4, 'Súp', 'Súp', '2015-12-01 04:04:56', '0000-00-00 00:00:00', 4),
(5, 'Tráng miệng', 'Tráng miệng', '2015-12-07 08:42:19', '2015-12-07 08:42:19', 1);

-- --------------------------------------------------------

--
-- Table structure for table `comments`
--

CREATE TABLE IF NOT EXISTS `comments` (
  `id` int(11) NOT NULL AUTO_INCREMENT,
  `user_id` int(11) NOT NULL,
  `dish_id` int(11) DEFAULT NULL,
  `content` text CHARACTER SET utf8 NOT NULL,
  `title` varchar(255) CHARACTER SET utf8 NOT NULL,
  `meal_date` date NOT NULL,
  `created_at` timestamp NULL DEFAULT CURRENT_TIMESTAMP,
  `updated_at` timestamp NULL DEFAULT NULL,
  PRIMARY KEY (`id`)
) ENGINE=InnoDB  DEFAULT CHARSET=latin1 AUTO_INCREMENT=64 ;

--
-- Dumping data for table `comments`
--

INSERT INTO `comments` (`id`, `user_id`, `dish_id`, `content`, `title`, `meal_date`, `created_at`, `updated_at`) VALUES
(1, 179, 38, 'hơi khô. chưa thấm', 'tôm rang me', '2015-11-17', '2015-11-17 05:03:08', NULL),
(2, 118, 7, '11-17 13:46:57.057 I: INFO [UM_processor] :jcMsg: {"id":"fe256e76026fd84a385a71c98acd58df","mt":"iden_xchange_add","jid":"f2a947e5584f640b62f57aad08c9010abd58e077@zistaim.zipitchat.com.my","ct":"WHNSczVoWm44bjY0bm0zMFBBTllmNkRPenROcmo1MG9FQ0tyN0d5UnFFNlZnVnZMTUFhM0dqM0czTlJiM256cFNLa3hxYzZPVG1FUlZTbzhqZzNZVjZoR3hsaUplY1VZK0tsdU9oYkZXc3oxZmZsaUtmaitOVlNDOWNjNElUVEFjTUsvWUptOUU0SzROVnNnNnZUaHN6dUVtTVlHY2Z4M3hCVWRML0JHdmJrPSpAKmNhUjBjSWdtYTdXc3k2UVV5bkhxWnFqUVNwc2RQZzRkY0dEVlJvNkVQd3NQMUFHbjRzOTFBU0JiVEJ0ZW9Id015akhtcDNSMXBxOEZlSExIUHlEZWdkb2RkSTAzOEJxdkQzUnhJdllFbmhBRU84Ky9aaGE0dHVualFTOVJ0YUg4d05oeDQ0aVM5b1JseGU0MHVBK3JNR0oyait2YWNIbTBHRGFlYlFUcFdiL05lRkV3cWJyUDg0TG04QnhuM2VVSmkxVE05eUhFdWR3dktFYnV2eStwTDh2L1BLaXZIK1RVcWVKMkkvK2YzYkJCMUhwNVZhM1loRm9QNG81V2JNMUJuWFh4MTRoR1F1MFA1U0NuWXkxeS9XL1JtVDN1dnRlWGh5NU4yZ1FRTFU0UkJNSWNGaVVsYkJWY0VYUnJYcVpSNHY3VjNsTTBYZWtvTGcyZEozM0xuZmozVnU1T2sreW12RUlXNnkrY2daN0hBeFFqcUhaYktXK1VRYnpaZWZlWVNqM0Qwd3crYkZiVXFGajN5eDhYV3p4a2dvUkdyUUh6eW9ZQVBYTjJaVjg9","src":"server"}\n11-17 13:46:57.057 D: DEBUG [UM_processor] :Class(UM_processor) - Method(run) - Line(962): Already handle friend request: 94ed761db692779ac712b3b6a84a9f3a\n11-17 13:46:57.057 D: SENT (0): <a xmlns=''urn:xmpp:sm:3'' h=''3''/>\n11-17 13:46:57.057 D: RECV (0): <presence from=''adab85299ccd315eced0fbef8fe262f7d8bef4ef@zistaim.zipitchat.com.my/KRYPTO_ANDROID_3.200000'' to=''adab85299ccd315eced0fbef8fe262f7d8bef4ef@zistaim.zipitchat.com.my/KRYPTO_ANDROID_3.200000'' xml:lang=''en'' id=''1cKFx-10''><status>Available</status><c xmlns=''http://jabber.org/protocol/caps'' hash=''sha-1'' node=''http://www.igniterealtime.org/projects/smack'' ver=''NfJ3flI83zSdUDzCEICtbypursw=''/></presence><r xmlns=''urn:xmpp:sm:3''/>\n11-17 13:46:57.057 D: SENT (0): <a xmlns=''urn:xmpp:sm:3'' h=''4''/>', 'Test', '2015-11-16', '2015-11-17 08:03:15', NULL),
(3, 96, NULL, 'SELECT * FROM Users WHERE Username=''$username'' AND Password=''$password''', 'Testing', '2015-11-16', '2015-11-17 08:15:07', NULL),
(4, 96, 7, 'testing service', 'tesing server', '2015-11-16', '2015-11-17 09:31:34', NULL),
(5, 179, NULL, 'good', 'good', '2015-11-19', '2015-11-19 06:02:45', NULL),
(7, 116, 17, 'rivertest', 'test', '2015-11-27', '2015-12-07 02:55:26', NULL),
(37, 126, 7, 'test', 'test', '2015-12-07', '2015-12-22 08:21:12', NULL),
(38, 126, 7, 'testing', 'testing', '2015-12-07', '2015-12-25 06:59:58', NULL),
(39, 126, 7, 'asdasdasdasd', 'asdasdasdasdasdasd', '2015-12-04', '2015-12-28 04:24:44', NULL),
(40, 126, 7, 'asdasasdas', 'dasdasdasd', '2015-12-07', '2015-12-28 04:30:55', NULL),
(41, 126, 7, 'hi nick', 'hi nick', '2015-12-07', '2015-12-28 08:29:20', NULL),
(42, 85, 2, 'Bootstrap is a sleek, intuitive, and powerful mobile first front-end framework for faster and easier web development. ProUI was built on top, extending it to a large degree.', 'Comment example 1', '2016-01-11', '2016-01-12 08:50:54', NULL),
(43, 85, 3, 'The User Interface will adjust to any screen size. It will look great on mobile devices and on desktops at the same time. No need to worry about the UI, just stay focused on the development.', 'Comment example 2', '2016-01-12', '2016-01-12 08:50:54', NULL),
(44, 85, 6, 'Bootstrap is a sleek, intuitive, and powerful mobile first front-end framework for faster and easier web development. ProUI was built on top, extending it to a large degree.', 'Comment example 1', '2016-01-01', '2016-01-12 08:50:54', NULL),
(45, 85, 2, 'Bootstrap is a sleek, intuitive, and powerful mobile first front-end framework for faster and easier web development. ProUI was built on top, extending it to a large degree.', 'Comment example 12', '2015-12-31', '2016-01-12 08:50:54', NULL),
(46, 85, 12, 'The User Interface will adjust to any screen size. It will look great on mobile devices and on desktops at the same time. No need to worry about the UI, just stay focused on the development.', 'Comment example 22', '2016-01-13', '2016-01-12 08:50:54', NULL),
(47, 85, 22, 'Bootstrap is a sleek, intuitive, and powerful mobile first front-end framework for faster and easier web development. ProUI was built on top, extending it to a large degree.', 'Comment example 122', '2016-01-11', '2015-12-17 08:50:54', NULL),
(48, 85, 2, 'Bootstrap is a sleek, intuitive, and powerful mobile first front-end framework for faster and easier web development. ProUI was built on top, extending it to a large degree.', 'Comment example 1213', '2016-01-11', '2016-01-01 08:50:54', NULL),
(49, 85, 3, 'The User Interface will adjust to any screen size. It will look great on mobile devices and on desktops at the same time. No need to worry about the UI, just stay focused on the development.', 'Comment example 212312', '2016-01-12', '2015-12-25 08:50:54', NULL),
(56, 85, 37, 'Hello. I just want to test comment feature', 'Hello comment', '2016-01-11', '2016-01-13 04:09:32', NULL),
(58, 85, NULL, 'Hello comment 12321 Hello comment 12321 Hello comment 12321 Hello comment 12321  Hello comment 12321 Hello comment 12321', 'Hello comment 12321', '2016-01-13', '2016-01-13 04:11:13', NULL),
(59, 85, 21, 'Hello comment asd Hello comment asd Hello comment asd Hello comment asd Hello comment asd Hello comment asd', 'Hello comment asd', '2016-01-06', '2016-01-13 04:16:41', NULL),
(60, 85, 7, 'sadsadsad sad', 'sasad', '2016-01-11', '2016-01-13 09:41:23', NULL),
(61, 85, 2, 'In hac habitasse platea dictumst. Proin ac nibh rutrum lectus rhoncus eleifend. Sed porttitor pretium venenatis. Suspendisse potenti. Aliquam quis ligula elit. Aliquam at orci ac neque semper dictum. Sed tincidunt scelerisque ligula, et facilisis nulla hendrerit non. Suspendisse potenti. Pellentesque non accumsan orci. Praesent at lacinia dolor.', 'Test have read', '2016-01-14', '2016-01-14 03:01:13', NULL),
(62, 85, 2, 'In hac habitasse platea dictumst. Proin ac nibh rutrum lectus rhoncus eleifend. Sed porttitor pretium venenatis. Suspendisse potenti. Aliquam quis ligula elit. Aliquam at orci ac neque semper dictum. Sed tincidunt scelerisque ligula, et facilisis nulla hendrerit non. Suspendisse potenti. Pellentesque non accumsan orci. Praesent at lacinia dolor.', 'Test have read 2', '2016-01-14', '2016-01-14 03:01:45', NULL),
(63, 85, 38, 'In hac habitasse platea dictumst. Proin ac nibh rutrum lectus rhoncus eleifend. Sed porttitor pretium venenatis. Suspendisse potenti. Aliquam quis ligula elit. Aliquam at orci ac neque semper dictum. Sed tincidunt scelerisque ligula, et facilisis nulla hendrerit non. Suspendisse potenti. Pellentesque non accumsan orci. Praesent at lacinia dolor. In hac habitasse platea dictumst. Proin ac nibh rutrum lectus rhoncus eleifend. Sed porttitor pretium venenatis. Suspendisse potenti. Aliquam quis ligula elit. Aliquam at orci ac neque semper dictum. Sed tincidunt scelerisque ligula, et facilisis nulla hendrerit non. Suspendisse potenti. Pellentesque non accumsan orci. Praesent at lacinia dolor.', 'Test have read 3', '2016-01-13', '2016-01-14 03:03:01', NULL);

-- --------------------------------------------------------

--
-- Table structure for table `dishes`
--

CREATE TABLE IF NOT EXISTS `dishes` (
  `id` int(11) NOT NULL AUTO_INCREMENT,
  `name` text CHARACTER SET utf8 NOT NULL,
  `description` text CHARACTER SET utf8,
  `category_id` int(11) NOT NULL,
  `created_at` timestamp NOT NULL DEFAULT CURRENT_TIMESTAMP ON UPDATE CURRENT_TIMESTAMP,
  `updated_at` timestamp NOT NULL DEFAULT '0000-00-00 00:00:00',
  PRIMARY KEY (`id`)
) ENGINE=InnoDB  DEFAULT CHARSET=latin1 AUTO_INCREMENT=49 ;

--
-- Dumping data for table `dishes`
--

INSERT INTO `dishes` (`id`, `name`, `description`, `category_id`, `created_at`, `updated_at`) VALUES
(1, 'Đậu bắp luộc', 'Đậu bắp luộc', 1, '2015-11-10 12:19:09', '0000-00-00 00:00:00'),
(2, 'Thịt vịt luộc mắm gừng', 'Thịt vịt luộc mắm gừng', 3, '2015-11-16 08:25:15', '0000-00-00 00:00:00'),
(3, 'Nhãn', 'Nhãn', 5, '2015-11-10 12:19:59', '0000-00-00 00:00:00'),
(4, 'Cá chuồn chiên', 'Cá chuồn chiên', 2, '2015-11-16 08:22:55', '0000-00-00 00:00:00'),
(5, 'Rau khoai luộc', 'Rau khoai luộc', 1, '2015-11-10 12:20:59', '0000-00-00 00:00:00'),
(6, 'Mực xào rau củ', 'Mực xào rau củ', 3, '2015-11-16 15:22:41', '0000-00-00 00:00:00'),
(7, 'Canh bầu nấu tôm', 'Canh bầu nấu tôm', 4, '2015-11-16 08:24:47', '0000-00-00 00:00:00'),
(8, 'Trứng rán', 'Trứng rán', 3, '2015-11-10 12:23:42', '0000-00-00 00:00:00'),
(9, 'Đậu cove xào', 'Đậu cove xào', 1, '2015-11-10 12:25:06', '0000-00-00 00:00:00'),
(10, 'Thịt xào xả ớt', 'Thịt xào xả ớt', 3, '2015-11-16 15:24:36', '0000-00-00 00:00:00'),
(11, 'Canh chua', 'Canh chua', 4, '2015-11-10 12:26:30', '0000-00-00 00:00:00'),
(12, 'Cá phèn chiên', 'Cá phèn chiên', 2, '2015-11-16 08:21:02', '0000-00-00 00:00:00'),
(13, 'Chuối lùn', 'Chuối lùn', 5, '2015-11-10 12:27:30', '0000-00-00 00:00:00'),
(14, 'Đậu khuôn độn thịt', 'Đậu khuôn độn thịt', 1, '2015-11-16 08:24:04', '0000-00-00 00:00:00'),
(15, 'Canh hến', 'Canh hến', 4, '2015-11-10 12:29:40', '0000-00-00 00:00:00'),
(16, 'Dưa muối trộn', 'Dưa muối trộn', 1, '2015-11-16 08:22:35', '0000-00-00 00:00:00'),
(17, 'Thịt gà kho xả', 'Thịt gà kho xả', 3, '2015-11-16 15:23:37', '0000-00-00 00:00:00'),
(18, 'Cá nục kho', 'Cá nục kho', 2, '2015-11-16 15:21:33', '0000-00-00 00:00:00'),
(19, 'Su luộc', 'Su luộc', 1, '2015-11-10 12:32:09', '0000-00-00 00:00:00'),
(20, 'Canh rau ngót', 'Canh rau ngót', 4, '2015-11-10 12:32:49', '0000-00-00 00:00:00'),
(21, 'Canh cải', 'Canh cải', 4, '2015-11-10 12:33:23', '0000-00-00 00:00:00'),
(22, 'Cá thu nhật kho', 'Cá thu nhật kho', 2, '2015-11-16 08:21:30', '0000-00-00 00:00:00'),
(23, 'Tôm rang mặn', 'Tôm rang mặn', 3, '2015-11-16 15:26:24', '0000-00-00 00:00:00'),
(24, 'Cá ngừ kho thơm', 'Cá ngừ kho thơm', 2, '2015-11-16 08:21:48', '0000-00-00 00:00:00'),
(25, 'Đậu cove xào bún', 'Đậu cove xào bún', 1, '2015-11-16 08:23:28', '0000-00-00 00:00:00'),
(26, 'Cá điêu hồng chiên', 'Cá điêu hồng chiên', 2, '2015-11-16 08:22:12', '0000-00-00 00:00:00'),
(27, 'Canh bầu', 'Canh bầu', 4, '2015-11-10 12:37:11', '0000-00-00 00:00:00'),
(28, 'Khổ qua xào trứng', 'Khổ qua xào trứng', 1, '2015-11-10 12:37:57', '0000-00-00 00:00:00'),
(29, 'Thịt kho tiêu', 'Thịt kho tiêu', 3, '2015-11-16 15:25:20', '0000-00-00 00:00:00'),
(30, 'Rau muống luộc', 'Rau muống luộc', 1, '2015-11-10 12:38:58', '0000-00-00 00:00:00'),
(31, 'Cá bạc má kho', 'Cá bạc má kho', 2, '2015-11-16 15:20:51', '0000-00-00 00:00:00'),
(32, 'Ram', 'Ram', 3, '2015-11-10 12:39:45', '0000-00-00 00:00:00'),
(33, 'Súp lơ xào', 'Súp lơ xào', 1, '2015-11-10 12:40:16', '0000-00-00 00:00:00'),
(34, 'Rau cải luộc', 'Rau cải luộc', 1, '2015-11-10 12:40:42', '0000-00-00 00:00:00'),
(35, 'Cá ngừ sốt cà chua', 'Cá ngừ sốt cà chua', 2, '2015-11-10 12:41:16', '0000-00-00 00:00:00'),
(36, 'Cá rô phi chiên', 'Cá rô phi chiên', 2, '2015-11-16 08:14:55', '0000-00-00 00:00:00'),
(37, 'Thịt xá xíu', 'Thịt xá xíu', 3, '2015-11-16 08:16:31', '0000-00-00 00:00:00'),
(38, 'Tôm rang me', 'Tôm rang me', 3, '2015-11-16 08:19:06', '0000-00-00 00:00:00'),
(39, 'Trái cây', 'Trái cây', 5, '2015-11-16 08:22:13', '0000-00-00 00:00:00'),
(40, 'Cá basa kho tộ', 'Cá basa kho tộ', 2, '2015-11-16 08:29:14', '0000-00-00 00:00:00'),
(41, 'Thịt kho dừa', 'Thịt kho dừa', 3, '2015-11-16 08:36:02', '0000-00-00 00:00:00'),
(42, 'Su xào', 'Su xào', 1, '2015-11-16 08:38:41', '0000-00-00 00:00:00'),
(43, 'Cải ngọt xào', 'Cải ngọt xào', 1, '2015-11-16 08:41:30', '0000-00-00 00:00:00'),
(44, 'Sườn kho', 'Sườn kho', 3, '2015-11-16 08:43:16', '0000-00-00 00:00:00'),
(45, 'Canh rau tầng ô', 'Canh rau tầng ô', 4, '2015-11-16 08:46:16', '0000-00-00 00:00:00'),
(46, 'Thịt heo ốp chảo', 'Thịt heo ốp chảo', 3, '2015-11-16 08:48:32', '0000-00-00 00:00:00'),
(47, 'Canh cải thảo', 'Canh cải thảo', 4, '2015-11-16 08:50:18', '0000-00-00 00:00:00'),
(48, 'asd', 'asd', 13, '2015-12-14 09:14:56', '0000-00-00 00:00:00');

-- --------------------------------------------------------

--
-- Table structure for table `dishes_menus`
--

CREATE TABLE IF NOT EXISTS `dishes_menus` (
  `id` int(11) NOT NULL AUTO_INCREMENT,
  `dish_id` int(11) NOT NULL,
  `menu_id` int(11) NOT NULL,
  PRIMARY KEY (`id`)
) ENGINE=InnoDB  DEFAULT CHARSET=latin1 AUTO_INCREMENT=170 ;

--
-- Dumping data for table `dishes_menus`
--

INSERT INTO `dishes_menus` (`id`, `dish_id`, `menu_id`) VALUES
(31, 9, 7),
(32, 40, 7),
(33, 38, 7),
(34, 21, 7),
(35, 39, 7),
(36, 43, 8),
(37, 2, 8),
(38, 14, 8),
(39, 7, 8),
(40, 39, 8),
(41, 41, 9),
(42, 12, 9),
(43, 42, 9),
(44, 45, 9),
(45, 39, 9),
(51, 28, 10),
(52, 17, 10),
(53, 46, 10),
(54, 47, 10),
(55, 39, 10),
(56, 1, 11),
(57, 4, 11),
(58, 2, 11),
(59, 7, 11),
(60, 13, 11),
(164, 16, 6),
(165, 36, 6),
(166, 37, 6),
(167, 7, 6),
(168, 39, 6),
(169, 51, 6);

-- --------------------------------------------------------

--
-- Table structure for table `feedback`
--

CREATE TABLE IF NOT EXISTS `feedback` (
  `id` int(11) NOT NULL AUTO_INCREMENT,
  `user_id` int(11) NOT NULL,
  `title` varchar(255) CHARACTER SET utf8 NOT NULL,
  `content` text CHARACTER SET utf8 NOT NULL,
  `created_at` timestamp NOT NULL DEFAULT CURRENT_TIMESTAMP,
  `updated_at` timestamp NOT NULL DEFAULT '0000-00-00 00:00:00',
  PRIMARY KEY (`id`)
) ENGINE=InnoDB DEFAULT CHARSET=latin1 AUTO_INCREMENT=1 ;

-- --------------------------------------------------------

--
-- Table structure for table `floors`
--

CREATE TABLE IF NOT EXISTS `floors` (
  `id` int(11) NOT NULL AUTO_INCREMENT,
  `name` text CHARACTER SET utf8 NOT NULL,
  `description` text CHARACTER SET utf8,
  `created_at` timestamp NOT NULL DEFAULT CURRENT_TIMESTAMP ON UPDATE CURRENT_TIMESTAMP,
  `updated_at` timestamp NOT NULL DEFAULT '0000-00-00 00:00:00',
  PRIMARY KEY (`id`)
) ENGINE=InnoDB  DEFAULT CHARSET=latin1 AUTO_INCREMENT=6 ;

--
-- Dumping data for table `floors`
--

INSERT INTO `floors` (`id`, `name`, `description`, `created_at`, `updated_at`) VALUES
(1, 'Floor 1', 'Floor 1', '2015-11-23 04:40:05', '2015-11-23 04:40:05'),
(2, 'Floor 2', 'Floor 2', '2015-08-25 03:10:51', '0000-00-00 00:00:00'),
(3, 'Floor 3', 'Floor 3', '2015-08-25 03:10:51', '0000-00-00 00:00:00'),
(4, 'Floor 4', 'Floor 4', '2015-08-25 03:10:51', '0000-00-00 00:00:00'),
(5, 'Floor 5', 'Floor 5', '2015-10-22 08:40:28', '2015-10-22 08:40:28');

-- --------------------------------------------------------

--
-- Table structure for table `meals`
--

CREATE TABLE IF NOT EXISTS `meals` (
  `id` int(11) NOT NULL AUTO_INCREMENT,
  `meal_date` date NOT NULL,
  `for_vegans` tinyint(4) NOT NULL,
  `preordered_meals` int(11) NOT NULL,
  `menu_id` int(11) NOT NULL,
  `created_at` timestamp NOT NULL DEFAULT CURRENT_TIMESTAMP ON UPDATE CURRENT_TIMESTAMP,
  `updated_at` timestamp NOT NULL DEFAULT '0000-00-00 00:00:00',
  PRIMARY KEY (`id`)
) ENGINE=InnoDB  DEFAULT CHARSET=latin1 AUTO_INCREMENT=27 ;

--
-- Dumping data for table `meals`
--

INSERT INTO `meals` (`id`, `meal_date`, `for_vegans`, `preordered_meals`, `menu_id`, `created_at`, `updated_at`) VALUES
(1, '2015-11-16', 0, 140, 6, '2015-11-16 08:24:51', '0000-00-00 00:00:00'),
(2, '2015-11-17', 0, 140, 7, '2015-11-16 08:35:03', '0000-00-00 00:00:00'),
(3, '2015-11-18', 0, 140, 8, '2015-11-16 08:43:50', '0000-00-00 00:00:00'),
(4, '2015-11-19', 0, 140, 9, '2015-11-16 08:51:56', '0000-00-00 00:00:00'),
(5, '2015-11-20', 0, 140, 10, '2015-11-16 08:52:18', '0000-00-00 00:00:00'),
(6, '2015-11-23', 0, 100, 6, '2015-11-23 01:38:42', '0000-00-00 00:00:00'),
(7, '2015-11-24', 0, 100, 11, '2015-11-23 01:38:51', '0000-00-00 00:00:00'),
(8, '2015-11-25', 0, 100, 8, '2015-11-23 01:38:59', '0000-00-00 00:00:00'),
(9, '2015-11-26', 0, 100, 8, '2015-11-23 01:39:12', '0000-00-00 00:00:00'),
(10, '2015-11-27', 0, 100, 10, '2015-11-23 08:07:07', '0000-00-00 00:00:00'),
(11, '2015-11-23', 1, 111, 10, '2015-11-23 06:46:17', '0000-00-00 00:00:00'),
(12, '2015-11-25', 1, 100, 9, '2015-11-23 07:47:11', '0000-00-00 00:00:00'),
(13, '2015-12-07', 0, 100, 6, '2015-12-07 03:11:22', '0000-00-00 00:00:00'),
(14, '2015-12-04', 0, 100, 6, '2015-12-07 03:11:48', '0000-00-00 00:00:00'),
(15, '2015-12-08', 0, 100, 12, '2015-12-15 06:43:32', '0000-00-00 00:00:00'),
(16, '2015-07-07', 0, 100, 6, '2015-12-07 03:26:37', '0000-00-00 00:00:00'),
(17, '2016-01-04', 0, 100, 6, '2016-01-08 08:41:07', '0000-00-00 00:00:00'),
(18, '2016-01-05', 0, 100, 11, '2016-01-08 08:41:28', '0000-00-00 00:00:00'),
(19, '2016-01-06', 0, 100, 7, '2016-01-08 08:41:40', '0000-00-00 00:00:00'),
(20, '2016-01-07', 0, 100, 8, '2016-01-08 08:41:52', '0000-00-00 00:00:00'),
(21, '2016-01-08', 0, 100, 9, '2016-01-08 08:42:03', '0000-00-00 00:00:00'),
(22, '2016-01-11', 0, 100, 6, '2016-01-11 01:57:34', '0000-00-00 00:00:00'),
(23, '2016-01-12', 0, 100, 11, '2016-01-11 01:57:47', '0000-00-00 00:00:00'),
(24, '2016-01-13', 0, 100, 7, '2016-01-11 01:57:56', '0000-00-00 00:00:00'),
(25, '2016-01-14', 0, 100, 8, '2016-01-11 01:58:04', '0000-00-00 00:00:00'),
(26, '2016-01-15', 0, 100, 10, '2016-01-11 01:58:16', '0000-00-00 00:00:00');

-- --------------------------------------------------------

--
-- Table structure for table `meals_log`
--

CREATE TABLE IF NOT EXISTS `meals_log` (
  `meal_date` date NOT NULL,
  `tracking_log` text NOT NULL,
  `actual_meals` int(11) NOT NULL,
  `note` text NOT NULL,
  `private_note` text NOT NULL,
  `created_at` timestamp NOT NULL DEFAULT CURRENT_TIMESTAMP,
  `updated_at` timestamp NOT NULL DEFAULT '0000-00-00 00:00:00'
) ENGINE=InnoDB DEFAULT CHARSET=utf8;

--
-- Dumping data for table `meals_log`
--

INSERT INTO `meals_log` (`meal_date`, `tracking_log`, `actual_meals`, `note`, `private_note`, `created_at`, `updated_at`) VALUES
('2015-11-17', '[{"shift":{"id":"2","name":"2","start_time":"11:35:00","end_time":"12:00:00"},"tables":[{"id":"4","name":"2.1","users":[{"email":"perla@enclave.vn","avatar_content_file":"http:\\/\\/113.160.225.76:8989\\/elunch\\/assets\\/images\\/users\\/Perla.JPG","first_name":"Perla","last_name":"Trinh","status_user":"1"},{"email":"audrey@enclave.vn","avatar_content_file":"http:\\/\\/113.160.225.76:8989\\/elunch\\/assets\\/images\\/users\\/Audrey.JPG","first_name":"Audrey","last_name":"Tran","status_user":"1"}]},{"id":"5","name":"2.2","users":[{"email":"tristan@enclave.vn","avatar_content_file":"http:\\/\\/113.160.225.76:8989\\/elunch\\/assets\\/images\\/users\\/Tristan.JPG","first_name":"Tristan","last_name":"Vu","status_user":"1"}]},{"id":"6","name":"2.3","users":[{"email":"king@enclave.vn","avatar_content_file":"http:\\/\\/113.160.225.76:8989\\/elunch\\/assets\\/images\\/users\\/King.JPG","first_name":"King","last_name":"Tran","status_user":"1"},{"email":"hans@enclave.vn","avatar_content_file":"http:\\/\\/113.160.225.76:8989\\/elunch\\/assets\\/images\\/users\\/Hans.JPG","first_name":"Hans","last_name":"Tran","status_user":"1"},{"email":"haven@enclave.vn","avatar_content_file":"http:\\/\\/113.160.225.76:8989\\/elunch\\/assets\\/images\\/users\\/Haven.JPG","first_name":"Haven","last_name":"Vo","status_user":"1"},{"email":"luke@enclave.vn","avatar_content_file":"http:\\/\\/113.160.225.76:8989\\/elunch\\/assets\\/images\\/users\\/Luke.JPG","first_name":"Luke","last_name":"Vo","status_user":"1"}]},{"id":"7","name":"2.4","users":[{"email":"hiero@enclave.vn","avatar_content_file":"http:\\/\\/113.160.225.76:8989\\/elunch\\/assets\\/images\\/users\\/Hiero1.JPG","first_name":"Hiero","last_name":"Pham","status_user":"1"},{"email":"cody@enclave.vn","avatar_content_file":"http:\\/\\/113.160.225.76:8989\\/elunch\\/assets\\/images\\/users\\/Cody.JPG","first_name":"Cody","last_name":"Nguyen","status_user":"1"},{"email":"huck@enclave.vn","avatar_content_file":"http:\\/\\/113.160.225.76:8989\\/elunch\\/assets\\/images\\/users\\/Huck.JPG","first_name":"Huck","last_name":"Nguyen","status_user":"1"},{"email":"akos@enclave.vn","avatar_content_file":"http:\\/\\/113.160.225.76:8989\\/elunch\\/assets\\/images\\/users\\/Akos.JPG","first_name":"Akos","last_name":"Ngo","status_user":"1"},{"email":"vidal@enclave.vn","avatar_content_file":"http:\\/\\/113.160.225.76:8989\\/elunch\\/assets\\/images\\/users\\/Vidal.JPG","first_name":"Vidal","last_name":"Le","status_user":"1"},{"email":"hawk@enclave.vn","avatar_content_file":"http:\\/\\/113.160.225.76:8989\\/elunch\\/assets\\/images\\/users\\/Hawk.JPG","first_name":"Hawk","last_name":"Tran","status_user":"1"},{"email":"harold@enclave.vn","avatar_content_file":"http:\\/\\/113.160.225.76:8989\\/elunch\\/assets\\/images\\/users\\/Harold.JPG","first_name":"Harold","last_name":"Bui","status_user":"1"}]},{"id":"8","name":"2.5","users":[{"email":"nadie@enclave.vn","avatar_content_file":"http:\\/\\/113.160.225.76:8989\\/elunch\\/assets\\/images\\/users\\/Nadie.png","first_name":"Nadie","last_name":"Thai","status_user":"1"},{"email":"sunny@enclave.vn","avatar_content_file":"http:\\/\\/113.160.225.76:8989\\/elunch\\/assets\\/images\\/users\\/Sunny.JPG","first_name":"Sunny","last_name":"Nguyen","status_user":"1"},{"email":"tom@enclave.vn","avatar_content_file":"http:\\/\\/113.160.225.76:8989\\/elunch\\/assets\\/images\\/users\\/Tom.JPG","first_name":"Tom","last_name":"Nguyen","status_user":"1"},{"email":"castiel@enclave.vn","avatar_content_file":"http:\\/\\/113.160.225.76:8989\\/elunch\\/assets\\/images\\/users\\/Castiel.JPG","first_name":"Castiel","last_name":"Nguyen","status_user":"1"},{"email":"nick@enclave.vn","avatar_content_file":"http:\\/\\/113.160.225.76:8989\\/elunch\\/assets\\/images\\/users\\/Nick.JPG","first_name":"Nick","last_name":"Huynh","status_user":"1"}]},{"id":"9","name":"2.6","users":[{"email":"lucas@enclave.vn","avatar_content_file":"http:\\/\\/113.160.225.76:8989\\/elunch\\/assets\\/images\\/users\\/Lucas.JPG","first_name":"Lucas","last_name":"Tran","status_user":"2"}]}]}]', 0, '<br>Note<br>', '', '2015-11-17 06:38:17', '2015-11-17 06:48:49'),
('2015-11-16', '', 0, '', '', '2015-11-18 04:29:59', '0000-00-00 00:00:00'),
('2015-12-08', '', 0, '', '', '2015-12-07 08:13:04', '0000-00-00 00:00:00'),
('2015-12-07', '', 0, '', '', '2015-12-07 08:13:21', '0000-00-00 00:00:00'),
('2015-12-15', '', 0, '', '', '2015-12-15 06:55:56', '0000-00-00 00:00:00');

-- --------------------------------------------------------

--
-- Table structure for table `menus`
--

CREATE TABLE IF NOT EXISTS `menus` (
  `id` int(11) NOT NULL AUTO_INCREMENT,
  `name` text CHARACTER SET utf8 NOT NULL,
  `description` text CHARACTER SET utf8,
  `created_at` timestamp NOT NULL DEFAULT CURRENT_TIMESTAMP ON UPDATE CURRENT_TIMESTAMP,
  `updated_at` timestamp NOT NULL DEFAULT '0000-00-00 00:00:00',
  PRIMARY KEY (`id`)
) ENGINE=InnoDB  DEFAULT CHARSET=latin1 AUTO_INCREMENT=12 ;

--
-- Dumping data for table `menus`
--

INSERT INTO `menus` (`id`, `name`, `description`, `created_at`, `updated_at`) VALUES
(6, 'Menu 1', 'Menu 1', '2015-11-16 08:24:02', '0000-00-00 00:00:00'),
(7, 'Menu 2', 'Menu 2', '2015-11-16 08:34:39', '0000-00-00 00:00:00'),
(8, 'Menu 3', 'Menu 3', '2015-11-16 08:43:32', '0000-00-00 00:00:00'),
(9, 'Menu 4', 'Menu 4', '2015-11-16 08:46:41', '0000-00-00 00:00:00'),
(10, 'Menu 5', 'Menu 5', '2015-11-16 08:52:37', '0000-00-00 00:00:00'),
(11, 'Menu 123', 'Menu 123', '2015-11-23 01:38:28', '0000-00-00 00:00:00');

-- --------------------------------------------------------

--
-- Table structure for table `pictures`
--

CREATE TABLE IF NOT EXISTS `pictures` (
  `id` int(11) NOT NULL AUTO_INCREMENT,
  `image` text CHARACTER SET utf8 NOT NULL,
  `description` text CHARACTER SET utf8,
  `dish_id` int(11) DEFAULT NULL,
  `image_file_name` text CHARACTER SET utf8 NOT NULL,
  `image_content_type` text CHARACTER SET utf8 NOT NULL,
  `image_file_size` int(11) NOT NULL,
  `image_updated_at` timestamp NOT NULL DEFAULT CURRENT_TIMESTAMP ON UPDATE CURRENT_TIMESTAMP,
  `created_at` timestamp NOT NULL DEFAULT '0000-00-00 00:00:00',
  `updated_at` timestamp NOT NULL DEFAULT '0000-00-00 00:00:00',
  PRIMARY KEY (`id`)
) ENGINE=InnoDB  DEFAULT CHARSET=latin1 AUTO_INCREMENT=49 ;

--
-- Dumping data for table `pictures`
--

INSERT INTO `pictures` (`id`, `image`, `description`, `dish_id`, `image_file_name`, `image_content_type`, `image_file_size`, `image_updated_at`, `created_at`, `updated_at`) VALUES
(1, 'http://localhost/assets/images/dishes/DSC_1073.JPG', 'DSC_1073.JPG', 1, 'DSC_1073.JPG', '', 0, '2016-01-13 06:31:45', '0000-00-00 00:00:00', '0000-00-00 00:00:00'),
(2, 'http://localhost/assets/images/dishes/DSC_1076.JPG', 'DSC_1076.JPG', 2, 'DSC_1076.JPG', '', 0, '2016-01-13 06:31:45', '0000-00-00 00:00:00', '0000-00-00 00:00:00'),
(3, 'http://localhost/assets/images/dishes/DSC_1065.JPG', 'DSC_1065.JPG', 3, 'DSC_1065.JPG', '', 0, '2016-01-13 06:31:45', '0000-00-00 00:00:00', '0000-00-00 00:00:00'),
(4, 'http://localhost/assets/images/dishes/DSC_1063.JPG', 'DSC_1063.JPG', 4, 'DSC_1063.JPG', '', 0, '2016-01-13 06:31:45', '0000-00-00 00:00:00', '0000-00-00 00:00:00'),
(5, 'http://localhost/assets/images/dishes/DSC_1059.JPG', 'DSC_1059.JPG', 5, 'DSC_1059.JPG', '', 0, '2016-01-13 06:31:45', '0000-00-00 00:00:00', '0000-00-00 00:00:00'),
(6, 'http://localhost/assets/images/dishes/DSC_1057.JPG', 'DSC_1057.JPG', 6, 'DSC_1057.JPG', '', 0, '2016-01-13 06:31:45', '0000-00-00 00:00:00', '0000-00-00 00:00:00'),
(7, 'http://localhost/assets/images/dishes/DSC_1043.JPG', 'DSC_1043.JPG', 7, 'DSC_1043.JPG', '', 0, '2016-01-13 06:31:45', '0000-00-00 00:00:00', '0000-00-00 00:00:00'),
(8, 'http://localhost/assets/images/dishes/DSC_1028.JPG', 'DSC_1028.JPG', 8, 'DSC_1028.JPG', '', 0, '2016-01-13 06:31:45', '0000-00-00 00:00:00', '0000-00-00 00:00:00'),
(9, 'http://localhost/assets/images/dishes/IMG_1222.JPG', 'IMG_1222.JPG', 9, 'IMG_1222.JPG', '', 0, '2016-01-13 06:31:45', '0000-00-00 00:00:00', '0000-00-00 00:00:00'),
(10, 'http://localhost/assets/images/dishes/DSC_1023.JPG', 'DSC_1023.JPG', 10, 'DSC_1023.JPG', '', 0, '2016-01-13 06:31:45', '0000-00-00 00:00:00', '0000-00-00 00:00:00'),
(11, 'http://localhost/assets/images/dishes/DSC_1018.JPG', 'DSC_1018.JPG', 11, 'DSC_1018.JPG', '', 0, '2016-01-13 06:31:45', '0000-00-00 00:00:00', '0000-00-00 00:00:00'),
(12, 'http://localhost/assets/images/dishes/DSC_1012.JPG', 'DSC_1012.JPG', 12, 'DSC_1012.JPG', '', 0, '2016-01-13 06:31:45', '0000-00-00 00:00:00', '0000-00-00 00:00:00'),
(13, 'http://localhost/assets/images/dishes/DSC_1011.JPG', 'DSC_1011.JPG', 13, 'DSC_1011.JPG', '', 0, '2016-01-13 06:31:45', '0000-00-00 00:00:00', '0000-00-00 00:00:00'),
(14, 'http://localhost/assets/images/dishes/DSC_1008.JPG', 'DSC_1008.JPG', 14, 'DSC_1008.JPG', '', 0, '2016-01-13 06:31:45', '0000-00-00 00:00:00', '0000-00-00 00:00:00'),
(15, 'http://localhost/assets/images/dishes/DSC_1002.JPG', 'DSC_1002.JPG', 15, 'DSC_1002.JPG', '', 0, '2016-01-13 06:31:45', '0000-00-00 00:00:00', '0000-00-00 00:00:00'),
(16, 'http://localhost/assets/images/dishes/DSC_0995.JPG', 'DSC_0995.JPG', 16, 'DSC_0995.JPG', '', 0, '2016-01-13 06:31:45', '0000-00-00 00:00:00', '0000-00-00 00:00:00'),
(17, 'http://localhost/assets/images/dishes/DSC_0986.JPG', 'DSC_0986.JPG', 17, 'DSC_0986.JPG', '', 0, '2016-01-13 06:31:45', '0000-00-00 00:00:00', '0000-00-00 00:00:00'),
(18, 'http://localhost/assets/images/dishes/DSC_0977.JPG', 'DSC_0977.JPG', 18, 'DSC_0977.JPG', '', 0, '2016-01-13 06:31:45', '0000-00-00 00:00:00', '0000-00-00 00:00:00'),
(19, 'http://localhost/assets/images/dishes/DSC_0972.JPG', 'DSC_0972.JPG', 19, 'DSC_0972.JPG', '', 0, '2016-01-13 06:31:45', '0000-00-00 00:00:00', '0000-00-00 00:00:00'),
(20, 'http://localhost/assets/images/dishes/DSC_0966.JPG', 'DSC_0966.JPG', 20, 'DSC_0966.JPG', '', 0, '2016-01-13 06:31:45', '0000-00-00 00:00:00', '0000-00-00 00:00:00'),
(21, 'http://localhost/assets/images/dishes/DSC_0957.JPG', 'DSC_0957.JPG', 21, 'DSC_0957.JPG', '', 0, '2016-01-13 06:31:45', '0000-00-00 00:00:00', '0000-00-00 00:00:00'),
(22, 'http://localhost/assets/images/dishes/DSC_0955.JPG', 'DSC_0955.JPG', 22, 'DSC_0955.JPG', '', 0, '2016-01-13 06:31:45', '0000-00-00 00:00:00', '0000-00-00 00:00:00'),
(23, 'http://localhost/assets/images/dishes/DSC_0950.JPG', 'DSC_0950.JPG', 23, 'DSC_0950.JPG', '', 0, '2016-01-13 06:31:45', '0000-00-00 00:00:00', '0000-00-00 00:00:00'),
(24, 'http://localhost/assets/images/dishes/DSC_0921.JPG', 'DSC_0921.JPG', 24, 'DSC_0921.JPG', '', 0, '2016-01-13 06:31:46', '0000-00-00 00:00:00', '0000-00-00 00:00:00'),
(25, 'http://localhost/assets/images/dishes/DSC_0883.JPG', 'DSC_0883.JPG', 25, 'DSC_0883.JPG', '', 0, '2016-01-13 06:31:46', '0000-00-00 00:00:00', '0000-00-00 00:00:00'),
(26, 'http://localhost/assets/images/dishes/DSC_0898.JPG', 'DSC_0898.JPG', 26, 'DSC_0898.JPG', '', 0, '2016-01-13 06:31:46', '0000-00-00 00:00:00', '0000-00-00 00:00:00'),
(27, 'http://localhost/assets/images/dishes/DSC_0875.JPG', 'DSC_0875.JPG', 27, 'DSC_0875.JPG', '', 0, '2016-01-13 06:31:46', '0000-00-00 00:00:00', '0000-00-00 00:00:00'),
(28, 'http://localhost/assets/images/dishes/IMG_1112.JPG', 'IMG_1112.JPG', 28, 'IMG_1112.JPG', '', 0, '2016-01-13 06:31:46', '0000-00-00 00:00:00', '0000-00-00 00:00:00'),
(29, 'http://localhost/assets/images/dishes/DSC_0761.JPG', 'DSC_0761.JPG', 29, 'DSC_0761.JPG', '', 0, '2016-01-13 06:31:46', '0000-00-00 00:00:00', '0000-00-00 00:00:00'),
(30, 'http://localhost/assets/images/dishes/DSC_0007.JPG', 'DSC_0007.JPG', 30, 'DSC_0007.JPG', '', 0, '2016-01-13 06:31:46', '0000-00-00 00:00:00', '0000-00-00 00:00:00'),
(31, 'http://localhost/assets/images/dishes/DSC_0013.JPG', 'DSC_0013.JPG', 31, 'DSC_0013.JPG', '', 0, '2016-01-13 06:31:46', '0000-00-00 00:00:00', '0000-00-00 00:00:00'),
(32, 'http://localhost/assets/images/dishes/DSC_0021.JPG', 'DSC_0021.JPG', 32, 'DSC_0021.JPG', '', 0, '2016-01-13 06:31:46', '0000-00-00 00:00:00', '0000-00-00 00:00:00'),
(33, 'http://localhost/assets/images/dishes/DSC_0042.JPG', 'DSC_0042.JPG', 33, 'DSC_0042.JPG', '', 0, '2016-01-13 06:31:46', '0000-00-00 00:00:00', '0000-00-00 00:00:00'),
(34, 'http://localhost/assets/images/dishes/DSC_0056.JPG', 'DSC_0056.JPG', 34, 'DSC_0056.JPG', '', 0, '2016-01-13 06:31:46', '0000-00-00 00:00:00', '0000-00-00 00:00:00'),
(35, 'http://localhost/assets/images/dishes/DSC_0089.JPG', 'DSC_0089.JPG', 35, 'DSC_0089.JPG', '', 0, '2016-01-13 06:31:46', '0000-00-00 00:00:00', '0000-00-00 00:00:00'),
(36, 'http://localhost/assets/images/dishes/ca-chien-sa.jpg', 'ca-chien-sa.jpg', 36, 'ca-chien-sa.jpg', '', 0, '2016-01-13 06:31:46', '0000-00-00 00:00:00', '0000-00-00 00:00:00'),
(37, 'http://localhost/assets/images/dishes/imgo.jpg', 'imgo.jpg', 37, 'imgo.jpg', '', 0, '2016-01-13 06:31:46', '0000-00-00 00:00:00', '0000-00-00 00:00:00'),
(38, 'http://localhost/assets/images/dishes/imgo_(1).jpg', 'imgo_(1).jpg', 38, 'imgo_(1).jpg', '', 0, '2016-01-13 06:31:46', '0000-00-00 00:00:00', '0000-00-00 00:00:00'),
(39, 'http://localhost/assets/images/dishes/summer-fruits1-large.jpg', 'summer-fruits1-large.jpg', 39, 'summer-fruits1-large.jpg', '', 0, '2016-01-13 06:31:46', '0000-00-00 00:00:00', '0000-00-00 00:00:00'),
(40, 'http://localhost/assets/images/dishes/imgo_(2).jpg', 'imgo_(2).jpg', 40, 'imgo_(2).jpg', '', 0, '2016-01-13 06:31:46', '0000-00-00 00:00:00', '0000-00-00 00:00:00'),
(41, 'http://localhost/assets/images/dishes/IMG_1071.JPG', 'IMG_1071.JPG', 41, 'IMG_1071.JPG', '', 0, '2016-01-13 06:31:46', '0000-00-00 00:00:00', '0000-00-00 00:00:00'),
(42, 'http://localhost/assets/images/dishes/imgo_(4).jpg', 'imgo_(4).jpg', 42, 'imgo_(4).jpg', '', 0, '2016-01-13 06:31:46', '0000-00-00 00:00:00', '0000-00-00 00:00:00'),
(43, 'http://localhost/assets/images/dishes/caingotxao.jpg', 'caingotxao.jpg', 43, 'caingotxao.jpg', '', 0, '2016-01-13 06:31:46', '0000-00-00 00:00:00', '0000-00-00 00:00:00'),
(44, 'http://localhost/assets/images/dishes/IMG_1414.JPG', 'IMG_1414.JPG', 44, 'IMG_1414.JPG', '', 0, '2016-01-13 06:31:46', '0000-00-00 00:00:00', '0000-00-00 00:00:00'),
(45, 'http://localhost/assets/images/dishes/canht.jpg', 'canht.jpg', 45, 'canht.jpg', '', 0, '2016-01-13 06:31:46', '0000-00-00 00:00:00', '0000-00-00 00:00:00'),
(46, 'http://localhost/assets/images/dishes/thit_lon_ap_chao.jpg', 'thit_lon_ap_chao.jpg', 46, 'thit_lon_ap_chao.jpg', '', 0, '2016-01-13 06:31:46', '0000-00-00 00:00:00', '0000-00-00 00:00:00'),
(47, 'http://localhost/assets/images/dishes/cach-lam-mon-canh-cai-thao-nau-thit-vien-don-gian-ma-ngon.jpg', 'cach-lam-mon-canh-cai-thao-nau-thit-vien-don-gian-ma-ngon.jpg', 47, 'cach-lam-mon-canh-cai-thao-nau-thit-vien-don-gian-ma-ngon.jpg', '', 0, '2016-01-13 06:31:46', '0000-00-00 00:00:00', '0000-00-00 00:00:00'),
(48, 'http://localhost/assets/images/dishes/1-8210-1406277579.jpg', '1-8210-1406277579.jpg', 48, '1-8210-1406277579.jpg', '', 0, '2016-01-13 06:31:46', '0000-00-00 00:00:00', '0000-00-00 00:00:00');

-- --------------------------------------------------------

--
-- Table structure for table `reply_messages`
--

CREATE TABLE IF NOT EXISTS `reply_messages` (
  `id` int(11) NOT NULL AUTO_INCREMENT,
  `user_id` int(11) NOT NULL,
  `content` text CHARACTER SET utf8mb4 COLLATE utf8mb4_unicode_ci NOT NULL,
  `message_id` int(11) NOT NULL,
  `created_at` timestamp NOT NULL DEFAULT CURRENT_TIMESTAMP,
  `updated_at` timestamp NOT NULL DEFAULT '0000-00-00 00:00:00',
  `type_messages` varchar(50) NOT NULL,
  PRIMARY KEY (`id`)
) ENGINE=InnoDB  DEFAULT CHARSET=utf8 AUTO_INCREMENT=4128 ;

--
-- Dumping data for table `reply_messages`
--

INSERT INTO `reply_messages` (`id`, `user_id`, `content`, `message_id`, `created_at`, `updated_at`, `type_messages`) VALUES
(2581, 1, 'I got it. Thanks', 1, '2015-11-17 06:21:57', '0000-00-00 00:00:00', 'comments'),
(2582, 1, 'What is the message?', 2, '2015-11-17 08:33:30', '0000-00-00 00:00:00', 'comments'),
(2583, 1, 'What is the message?', 3, '2015-11-17 08:34:08', '0000-00-00 00:00:00', 'comments'),
(2584, 96, 'Testing message', 3, '2015-11-17 09:26:22', '0000-00-00 00:00:00', 'comments'),
(2586, 116, 'gdfgdfgdfg', 7, '2015-12-07 02:55:45', '0000-00-00 00:00:00', 'comments'),
(2587, 1, '??', 25, '2015-12-09 01:53:26', '0000-00-00 00:00:00', 'comments'),
(2588, 126, 'Hhhhbxbxbx', 25, '2015-12-09 02:01:45', '0000-00-00 00:00:00', 'comments'),
(2589, 126, 'Jcjcjbcjxnjcn ', 25, '2015-12-09 02:01:57', '0000-00-00 00:00:00', 'comments'),
(2590, 126, 'Tcidicififickvkvigivivig vivibvobibibib vnbhbgnhhogkviviiv gobhobibbi obigivibibbvivbikibbobobiibhiboibiviiivivivivigogigvivivivigiivigigifigi viiciv bigibob hoh bbobob bibbivib vvibi iviviv vibiib viviib bbibib kiviv bibibobi vivibvi', 25, '2015-12-10 08:58:05', '0000-00-00 00:00:00', 'comments'),
(2591, 126, 'Ififivgigic \nBobobolb\nVoblbobi\nBlbblbo', 25, '2015-12-10 09:01:24', '0000-00-00 00:00:00', 'comments'),
(2592, 126, 'Ovficivvi\nVivibob\nVkvibob\nVivibi\n', 24, '2015-12-10 09:02:48', '0000-00-00 00:00:00', 'comments'),
(2593, 126, ' Ckccidickcjcicciicfi\nBlbobobib', 25, '2015-12-10 09:07:26', '0000-00-00 00:00:00', 'comments'),
(2594, 126, 'Civivkvkvivivviivivi viviivi vivviviib vivvivigo boooho vviivi vviivi ibohi obobob obobo booboo oibivo boiboho bbhb bbob vibiboo bobobob bobobob', 25, '2015-12-10 09:07:51', '0000-00-00 00:00:00', 'comments'),
(2595, 126, 'Vijivivoviobohogigogoogogogoggogogogogggogoogogyohoohohohohohphphpphphphphohohhohphhohphphhphphphphpbhpbpppph', 25, '2015-12-10 09:08:20', '0000-00-00 00:00:00', 'comments'),
(2596, 126, 'Jfjdjddudfuyyfuu cvcicu vivibigig vioiho ovoov iviviigig iggivig vivibig vioiho oohovo bibi vibibogi igivivi iviiig bobobob oihov bibibv.', 25, '2015-12-10 09:11:28', '0000-00-00 00:00:00', 'comments'),
(2597, 126, 'Giivivki ivivovvovviov bo\nBbobo \nBooon\nBobob', 25, '2015-12-10 09:12:41', '0000-00-00 00:00:00', 'comments'),
(2598, 126, 'Bibibbibib\nOnooon\nObooobo\nObobobob', 25, '2015-12-10 09:13:34', '0000-00-00 00:00:00', 'comments'),
(2599, 126, 'Ivviviiiiib', 25, '2015-12-10 09:13:39', '0000-00-00 00:00:00', 'comments'),
(2600, 126, 'Vkvibibibib\nBbobobo\nBonbni\nBioiin\nNonoobo\nNonobob\nBobbi', 25, '2015-12-10 09:13:52', '0000-00-00 00:00:00', 'comments'),
(2601, 126, 'Gftffgdgcf', 25, '2015-12-10 09:16:46', '0000-00-00 00:00:00', 'comments'),
(2602, 126, 'D\n\n\n\n\n\n', 25, '2015-12-10 09:18:21', '0000-00-00 00:00:00', 'comments'),
(2603, 126, 'Sdcdddd\nD\n\nD\nD\nD\nD\n\n\n\n', 25, '2015-12-10 09:18:39', '0000-00-00 00:00:00', 'comments'),
(2604, 126, 'Kdkdjfncjfn\nJdndjd', 25, '2015-12-10 09:18:53', '0000-00-00 00:00:00', 'comments'),
(2605, 126, ' Mxmxdkfmdmd', 25, '2015-12-10 09:19:14', '0000-00-00 00:00:00', 'comments'),
(2606, 126, 'Hshducnfjx\nKxjxd\nJxjfjdf', 25, '2015-12-10 09:22:31', '0000-00-00 00:00:00', 'comments'),
(2607, 126, 'D\n\n\n\n\n\n\n', 25, '2015-12-10 09:22:40', '0000-00-00 00:00:00', 'comments'),
(2608, 126, 'Ckckcn\n\n\nC\n\n\nC\n\n\nC\n\n', 25, '2015-12-10 09:22:49', '0000-00-00 00:00:00', 'comments'),
(2609, 126, 'Ckxkxkcmxmxx\nHxjxjjjxjjxjx\nHdjxjd', 25, '2015-12-10 09:23:03', '0000-00-00 00:00:00', 'comments'),
(2610, 126, 'Bohsoshinshisbbis\n\n\n\nBo', 25, '2015-12-10 09:28:07', '0000-00-00 00:00:00', 'comments'),
(2611, 126, 'Bobobbobib', 25, '2015-12-10 09:28:13', '0000-00-00 00:00:00', 'comments'),
(2612, 126, 'Bobobobibibbhibbibbibhobd cxxddd\n', 25, '2015-12-10 09:28:30', '0000-00-00 00:00:00', 'comments'),
(2613, 126, 'Mdmsns', 25, '2015-12-10 09:28:35', '0000-00-00 00:00:00', 'comments'),
(2614, 126, 'Thuuu\n', 24, '2015-12-10 10:03:25', '0000-00-00 00:00:00', 'comments'),
(2615, 126, 'Thuijjj\n', 24, '2015-12-10 10:03:44', '0000-00-00 00:00:00', 'comments'),
(2616, 126, 'T', 24, '2015-12-10 10:05:11', '0000-00-00 00:00:00', 'comments'),
(2617, 126, 'Bdshdhdhdh\nShahshs', 24, '2015-12-10 10:05:57', '0000-00-00 00:00:00', 'comments'),
(2618, 126, '\n\n\nFfggh', 24, '2015-12-10 10:06:43', '0000-00-00 00:00:00', 'comments'),
(2619, 126, 'Grf\n\n', 24, '2015-12-10 10:07:54', '0000-00-00 00:00:00', 'comments'),
(2620, 126, 'Vv', 24, '2015-12-10 10:08:04', '0000-00-00 00:00:00', 'comments'),
(2621, 126, 'Hhg\n\n\n', 24, '2015-12-10 10:08:41', '0000-00-00 00:00:00', 'comments'),
(2622, 126, '    Jffh', 24, '2015-12-10 10:09:45', '0000-00-00 00:00:00', 'comments'),
(2623, 126, 'Shdjhd', 24, '2015-12-10 10:10:00', '0000-00-00 00:00:00', 'comments'),
(2624, 126, 'Ffg', 24, '2015-12-10 10:10:29', '0000-00-00 00:00:00', 'comments'),
(2625, 126, 'Bdbd', 24, '2015-12-10 10:10:41', '0000-00-00 00:00:00', 'comments'),
(2626, 126, 'Vff', 24, '2015-12-10 10:11:39', '0000-00-00 00:00:00', 'comments'),
(2627, 126, 'Hgf', 24, '2015-12-10 10:11:50', '0000-00-00 00:00:00', 'comments'),
(2628, 126, 'Vkibivivibib\nBibibib\nBibibi\nVuv', 25, '2015-12-10 10:28:27', '0000-00-00 00:00:00', 'comments'),
(2629, 126, 'Ififiviviov\nBobobob\nBibvivig\nBbhbo\nBobobobig\nBbobi\nBibi\n', 25, '2015-12-10 10:34:33', '0000-00-00 00:00:00', 'comments'),
(2630, 1, 'asd', 25, '2015-12-11 02:38:44', '0000-00-00 00:00:00', 'comments'),
(2631, 1, 'asd', 25, '2015-12-11 02:41:34', '0000-00-00 00:00:00', 'comments'),
(2632, 1, 'OK', 25, '2015-12-11 02:43:21', '0000-00-00 00:00:00', 'comments'),
(2633, 116, 'fdgfgdfgd', 7, '2015-12-11 02:43:31', '0000-00-00 00:00:00', 'comments'),
(2634, 116, 'hdfghdfg', 7, '2015-12-11 02:43:33', '0000-00-00 00:00:00', 'comments'),
(2635, 116, 'dghdfgh', 7, '2015-12-11 02:43:34', '0000-00-00 00:00:00', 'comments'),
(2636, 116, 'dfghdgh', 7, '2015-12-11 02:43:36', '0000-00-00 00:00:00', 'comments'),
(2637, 116, 'hdfgh', 7, '2015-12-11 02:43:37', '0000-00-00 00:00:00', 'comments'),
(2638, 116, 'dghdgfhd', 7, '2015-12-11 02:43:38', '0000-00-00 00:00:00', 'comments'),
(2639, 1, 'OKsad', 25, '2015-12-11 02:44:07', '0000-00-00 00:00:00', 'comments'),
(2640, 1, 'OKsad ?', 25, '2015-12-11 02:44:19', '0000-00-00 00:00:00', 'comments'),
(2641, 1, 'asdasd', 25, '2015-12-11 02:44:56', '0000-00-00 00:00:00', 'comments'),
(2642, 1, 'asd', 25, '2015-12-11 02:46:09', '0000-00-00 00:00:00', 'comments'),
(2643, 1, 'asdsad', 25, '2015-12-11 02:46:14', '0000-00-00 00:00:00', 'comments'),
(2644, 1, 'yolo', 25, '2015-12-11 02:46:24', '0000-00-00 00:00:00', 'comments'),
(2645, 1, 'assadasd', 25, '2015-12-11 02:47:15', '0000-00-00 00:00:00', 'comments'),
(2646, 1, 'asdasd', 25, '2015-12-11 02:47:21', '0000-00-00 00:00:00', 'comments'),
(2647, 1, 'sadsasad', 25, '2015-12-11 02:47:29', '0000-00-00 00:00:00', 'comments'),
(2648, 1, '????:"asdasd', 25, '2015-12-11 02:47:42', '0000-00-00 00:00:00', 'comments'),
(2649, 1, 'asd', 25, '2015-12-11 02:56:21', '0000-00-00 00:00:00', 'comments'),
(2650, 126, 'Test', 25, '2015-12-11 03:15:26', '0000-00-00 00:00:00', 'comments'),
(2651, 126, 'Abc', 25, '2015-12-11 03:17:57', '0000-00-00 00:00:00', 'comments'),
(2652, 126, 'Test', 25, '2015-12-11 03:20:44', '0000-00-00 00:00:00', 'comments'),
(2653, 126, 'Hebs', 25, '2015-12-11 03:20:58', '0000-00-00 00:00:00', 'comments'),
(2654, 126, 'Test', 25, '2015-12-11 03:25:03', '0000-00-00 00:00:00', 'comments'),
(2655, 126, 'Hshsha', 25, '2015-12-11 03:27:29', '0000-00-00 00:00:00', 'comments'),
(2656, 126, 'Uvguuvv', 25, '2015-12-11 03:31:19', '0000-00-00 00:00:00', 'comments'),
(2657, 126, 'Hihh', 25, '2015-12-11 03:31:26', '0000-00-00 00:00:00', 'comments'),
(2658, 126, 'Testyhk', 25, '2015-12-11 03:31:45', '0000-00-00 00:00:00', 'comments'),
(2659, 126, 'Fdcc', 25, '2015-12-11 03:33:49', '0000-00-00 00:00:00', 'comments'),
(2660, 126, 'Gcch', 25, '2015-12-11 03:35:24', '0000-00-00 00:00:00', 'comments'),
(2661, 126, 'Tdfedgh', 25, '2015-12-11 03:35:30', '0000-00-00 00:00:00', 'comments'),
(2662, 126, 'Dcbb', 25, '2015-12-11 03:36:41', '0000-00-00 00:00:00', 'comments'),
(2663, 126, 'Dcsghh', 25, '2015-12-11 03:39:09', '0000-00-00 00:00:00', 'comments'),
(2664, 126, 'Ffgdvb', 25, '2015-12-11 03:39:19', '0000-00-00 00:00:00', 'comments'),
(2665, 126, 'Fdfhh', 25, '2015-12-11 03:40:12', '0000-00-00 00:00:00', 'comments'),
(2666, 126, 'Twdg', 25, '2015-12-11 03:40:55', '0000-00-00 00:00:00', 'comments'),
(2667, 126, 'Treet', 25, '2015-12-11 03:42:21', '0000-00-00 00:00:00', 'comments'),
(2668, 126, 'Test', 25, '2015-12-11 03:42:30', '0000-00-00 00:00:00', 'comments'),
(2669, 126, 'Tvjzd', 25, '2015-12-11 03:42:47', '0000-00-00 00:00:00', 'comments'),
(2670, 126, 'Ffg', 24, '2015-12-11 03:42:55', '0000-00-00 00:00:00', 'comments'),
(2671, 126, 'Fzcv', 25, '2015-12-11 03:52:36', '0000-00-00 00:00:00', 'comments'),
(2672, 126, 'Fccg', 25, '2015-12-11 03:52:49', '0000-00-00 00:00:00', 'comments'),
(2673, 126, 'Yest', 25, '2015-12-11 03:54:36', '0000-00-00 00:00:00', 'comments'),
(2674, 126, 'Ddf', 25, '2015-12-11 03:55:48', '0000-00-00 00:00:00', 'comments'),
(2675, 126, 'Tesfaaqwwdg', 25, '2015-12-11 03:56:44', '0000-00-00 00:00:00', 'comments'),
(2676, 126, 'Test', 25, '2015-12-11 04:00:05', '0000-00-00 00:00:00', 'comments'),
(2677, 126, 'Xbwibziqbzibqizhiqhixhiqbxibqx\n\nQxnonzonqxnoqxonqxnoqnxqx\nXnqobxnqoxjqoxojqxnoqnxqx\nNqnoxoqnxonoqnxoboqx\nPqnxonqxjoanx\nQxnoqnxonqxonoqxnoqnxoanoxniqnxiqnxinqoxnonxoqnxonqoxnoqnxqx', 25, '2015-12-11 04:00:32', '0000-00-00 00:00:00', 'comments'),
(2678, 126, 'Deftrsfut', 25, '2015-12-11 04:02:03', '0000-00-00 00:00:00', 'comments'),
(2679, 126, 'Techfdfhh', 25, '2015-12-11 04:02:19', '0000-00-00 00:00:00', 'comments'),
(2680, 126, 'Testvj', 25, '2015-12-11 04:10:30', '0000-00-00 00:00:00', 'comments'),
(2681, 126, 'Tedgchfjk', 25, '2015-12-11 04:13:27', '0000-00-00 00:00:00', 'comments'),
(2682, 126, 'Udhhduxhxxp', 25, '2015-12-11 04:13:38', '0000-00-00 00:00:00', 'comments'),
(2683, 126, 'Kxnckjcjf', 25, '2015-12-11 04:13:41', '0000-00-00 00:00:00', 'comments'),
(2684, 126, 'Ncjnckcnc', 25, '2015-12-11 04:13:44', '0000-00-00 00:00:00', 'comments'),
(2685, 126, 'Ck kckdkd', 25, '2015-12-11 04:13:50', '0000-00-00 00:00:00', 'comments'),
(2686, 126, 'Hnjnj', 25, '2015-12-11 04:14:58', '0000-00-00 00:00:00', 'comments'),
(2687, 126, 'Hjugjgfgj', 25, '2015-12-11 04:15:59', '0000-00-00 00:00:00', 'comments'),
(2688, 126, 'Hnjb', 25, '2015-12-11 04:16:10', '0000-00-00 00:00:00', 'comments'),
(2689, 126, 'Abc', 25, '2015-12-11 04:17:11', '0000-00-00 00:00:00', 'comments'),
(2690, 126, 'Tjkliik', 25, '2015-12-11 04:17:18', '0000-00-00 00:00:00', 'comments'),
(2691, 126, 'Akkjll', 25, '2015-12-11 04:17:26', '0000-00-00 00:00:00', 'comments'),
(2692, 126, 'Ok', 25, '2015-12-11 04:20:58', '0000-00-00 00:00:00', 'comments'),
(2693, 126, 'Ok', 23, '2015-12-11 04:21:47', '0000-00-00 00:00:00', 'comments'),
(2694, 126, 'Test', 23, '2015-12-11 04:21:50', '0000-00-00 00:00:00', 'comments'),
(2695, 126, 'Ok', 26, '2015-12-11 04:23:46', '0000-00-00 00:00:00', 'comments'),
(2696, 126, 'Test', 25, '2015-12-11 06:44:03', '0000-00-00 00:00:00', 'comments'),
(2697, 126, 'Ok', 25, '2015-12-11 06:46:53', '0000-00-00 00:00:00', 'comments'),
(2698, 126, 'Uk', 25, '2015-12-11 06:47:04', '0000-00-00 00:00:00', 'comments'),
(2699, 126, 'Testjdhbsnjdnxid i dindid cjd idnicndknkd co k ckc kx o', 25, '2015-12-11 06:48:12', '0000-00-00 00:00:00', 'comments'),
(2700, 126, 'Isjdbd', 25, '2015-12-11 06:51:37', '0000-00-00 00:00:00', 'comments'),
(2701, 126, 'Ok', 25, '2015-12-11 06:51:47', '0000-00-00 00:00:00', 'comments'),
(2702, 126, 'Yhhjh', 25, '2015-12-11 07:42:54', '0000-00-00 00:00:00', 'comments'),
(2703, 126, 'Ok', 17, '2015-12-11 07:43:10', '0000-00-00 00:00:00', 'comments'),
(2704, 1, 'ok', 25, '2015-12-11 07:43:17', '0000-00-00 00:00:00', 'comments'),
(2705, 1, 'jujh', 25, '2015-12-11 07:43:34', '0000-00-00 00:00:00', 'comments'),
(2706, 126, 'Ok', 19, '2015-12-11 07:44:02', '0000-00-00 00:00:00', 'comments'),
(2707, 1, 'k,i', 26, '2015-12-11 07:44:28', '0000-00-00 00:00:00', 'comments'),
(2708, 1, 'kii', 26, '2015-12-11 07:44:44', '0000-00-00 00:00:00', 'comments'),
(2709, 1, 'ha', 26, '2015-12-11 07:46:48', '0000-00-00 00:00:00', 'comments'),
(2710, 1, 'ok', 23, '2015-12-11 07:47:06', '0000-00-00 00:00:00', 'comments'),
(2711, 126, 'Inn', 25, '2015-12-11 07:47:17', '0000-00-00 00:00:00', 'comments'),
(2712, 1, 'i', 26, '2015-12-11 07:48:19', '0000-00-00 00:00:00', 'comments'),
(2713, 1, 'ok', 24, '2015-12-11 07:48:31', '0000-00-00 00:00:00', 'comments'),
(2714, 126, 'Dccg', 24, '2015-12-11 07:50:20', '0000-00-00 00:00:00', 'comments'),
(2715, 126, 'Hhhgjhgv', 25, '2015-12-11 08:04:35', '0000-00-00 00:00:00', 'comments'),
(2716, 126, 'Test', 25, '2015-12-11 08:06:26', '0000-00-00 00:00:00', 'comments'),
(2717, 126, 'Jhjggvb', 25, '2015-12-11 08:07:45', '0000-00-00 00:00:00', 'comments'),
(2718, 1, 'a', 26, '2015-12-11 08:11:03', '0000-00-00 00:00:00', 'comments'),
(2719, 126, 'Yhhhvhnv', 25, '2015-12-11 08:11:11', '0000-00-00 00:00:00', 'comments'),
(2720, 1, 'OK', 25, '2015-12-11 08:11:13', '0000-00-00 00:00:00', 'comments'),
(2721, 126, 'Ok', 26, '2015-12-11 08:11:48', '0000-00-00 00:00:00', 'comments'),
(2722, 1, 'ok', 26, '2015-12-11 08:11:48', '0000-00-00 00:00:00', 'comments'),
(2723, 126, 'Twst', 26, '2015-12-11 08:11:53', '0000-00-00 00:00:00', 'comments'),
(2724, 126, 'Abc', 26, '2015-12-11 08:12:00', '0000-00-00 00:00:00', 'comments'),
(2725, 1, 'ok', 26, '2015-12-11 08:12:06', '0000-00-00 00:00:00', 'comments'),
(2726, 1, 'OK', 26, '2015-12-11 08:12:47', '0000-00-00 00:00:00', 'comments'),
(2727, 126, 'Cai gi', 26, '2015-12-11 08:13:05', '0000-00-00 00:00:00', 'comments'),
(2728, 126, 'Gi', 26, '2015-12-11 08:14:55', '0000-00-00 00:00:00', 'comments'),
(2729, 1, 'OK', 26, '2015-12-11 08:15:05', '0000-00-00 00:00:00', 'comments'),
(2730, 126, 'Ok', 26, '2015-12-11 08:17:58', '0000-00-00 00:00:00', 'comments'),
(2731, 126, 'Ok', 26, '2015-12-11 08:18:02', '0000-00-00 00:00:00', 'comments'),
(2732, 1, 'OK hehe', 26, '2015-12-11 08:18:37', '0000-00-00 00:00:00', 'comments'),
(2733, 126, 'Ok', 26, '2015-12-11 08:19:43', '0000-00-00 00:00:00', 'comments'),
(2734, 126, 'Test', 26, '2015-12-11 08:19:52', '0000-00-00 00:00:00', 'comments'),
(2735, 126, 'Ok', 26, '2015-12-11 08:19:56', '0000-00-00 00:00:00', 'comments'),
(2736, 126, 'Alo', 26, '2015-12-11 08:20:01', '0000-00-00 00:00:00', 'comments'),
(2737, 126, 'Test', 26, '2015-12-11 08:20:13', '0000-00-00 00:00:00', 'comments'),
(2738, 126, 'Test', 26, '2015-12-11 08:20:30', '0000-00-00 00:00:00', 'comments'),
(2739, 1, 'OK', 26, '2015-12-11 08:50:12', '0000-00-00 00:00:00', 'comments'),
(2740, 126, 'Lai xem', 26, '2015-12-11 08:50:34', '0000-00-00 00:00:00', 'comments'),
(2741, 126, 'Lai coi cuong ga', 26, '2015-12-11 08:56:44', '0000-00-00 00:00:00', 'comments'),
(2742, 126, 'Test', 26, '2015-12-11 08:56:52', '0000-00-00 00:00:00', 'comments'),
(2743, 126, 'Teat', 26, '2015-12-11 08:56:54', '0000-00-00 00:00:00', 'comments'),
(2744, 126, 'Tat', 26, '2015-12-11 08:56:56', '0000-00-00 00:00:00', 'comments'),
(2745, 1, 'OK', 26, '2015-12-11 08:57:05', '0000-00-00 00:00:00', 'comments'),
(2746, 1, 'Hello', 26, '2015-12-11 08:57:25', '0000-00-00 00:00:00', 'comments'),
(2747, 126, 'Cai gi', 26, '2015-12-11 09:00:31', '0000-00-00 00:00:00', 'comments'),
(2748, 126, 'Lai coi', 26, '2015-12-11 09:00:52', '0000-00-00 00:00:00', 'comments'),
(2749, 126, 'Lai di', 26, '2015-12-11 09:00:57', '0000-00-00 00:00:00', 'comments'),
(2750, 1, '??', 26, '2015-12-11 09:09:14', '0000-00-00 00:00:00', 'comments'),
(2751, 126, 'Mmmmmm', 26, '2015-12-11 09:09:31', '0000-00-00 00:00:00', 'comments'),
(2752, 126, '  Gibbibobobobob', 26, '2015-12-11 09:17:40', '0000-00-00 00:00:00', 'comments'),
(2753, 126, 'Ibibobibi', 26, '2015-12-11 09:17:45', '0000-00-00 00:00:00', 'comments'),
(2754, 126, 'Vovvivigo', 26, '2015-12-11 09:18:03', '0000-00-00 00:00:00', 'comments'),
(2755, 126, 'Bibibo', 25, '2015-12-11 09:18:38', '0000-00-00 00:00:00', 'comments'),
(2756, 126, 'Nnonino', 25, '2015-12-11 09:18:44', '0000-00-00 00:00:00', 'comments'),
(2757, 126, 'Bononn', 25, '2015-12-11 09:18:55', '0000-00-00 00:00:00', 'comments'),
(2758, 126, 'Injjjbj', 25, '2015-12-11 09:21:12', '0000-00-00 00:00:00', 'comments'),
(2759, 126, 'Ggbovvvi', 26, '2015-12-11 09:21:30', '0000-00-00 00:00:00', 'comments'),
(2760, 126, 'Kvivvi', 26, '2015-12-11 09:21:34', '0000-00-00 00:00:00', 'comments'),
(2761, 126, 'Hhhjj', 24, '2015-12-11 09:21:53', '0000-00-00 00:00:00', 'comments'),
(2762, 126, 'Rsfy', 26, '2015-12-11 09:24:32', '0000-00-00 00:00:00', 'comments'),
(2763, 126, 'Dscg', 25, '2015-12-11 09:24:42', '0000-00-00 00:00:00', 'comments'),
(2764, 126, 'Bibibib', 26, '2015-12-11 09:25:38', '0000-00-00 00:00:00', 'comments'),
(2765, 126, 'Nonobobon', 26, '2015-12-11 09:25:42', '0000-00-00 00:00:00', 'comments'),
(2766, 126, 'Uobivivbbobpbn', 26, '2015-12-11 09:25:47', '0000-00-00 00:00:00', 'comments'),
(2767, 126, 'Hohohohihih', 26, '2015-12-11 09:25:55', '0000-00-00 00:00:00', 'comments'),
(2768, 126, 'Vkviboh', 26, '2015-12-11 09:25:59', '0000-00-00 00:00:00', 'comments'),
(2769, 126, 'Voobohoh', 25, '2015-12-11 09:26:08', '0000-00-00 00:00:00', 'comments'),
(2770, 126, 'Test', 24, '2015-12-11 09:26:19', '0000-00-00 00:00:00', 'comments'),
(2771, 126, 'Test', 23, '2015-12-11 09:26:32', '0000-00-00 00:00:00', 'comments'),
(2772, 126, 'Test', 22, '2015-12-11 09:26:40', '0000-00-00 00:00:00', 'comments'),
(2773, 126, 'Tet', 15, '2015-12-11 09:26:49', '0000-00-00 00:00:00', 'comments'),
(2774, 126, 'Najsns', 15, '2015-12-11 09:26:53', '0000-00-00 00:00:00', 'comments'),
(2775, 126, 'Jansjs', 25, '2015-12-11 09:27:02', '0000-00-00 00:00:00', 'comments'),
(2776, 126, 'Jdndjd', 24, '2015-12-11 09:27:16', '0000-00-00 00:00:00', 'comments'),
(2777, 126, 'Kansndhd', 24, '2015-12-11 09:27:30', '0000-00-00 00:00:00', 'comments'),
(2778, 126, 'Jfnfisndjfbd', 26, '2015-12-11 09:27:48', '0000-00-00 00:00:00', 'comments'),
(2779, 126, 'Jsndnckcnc', 26, '2015-12-11 09:27:52', '0000-00-00 00:00:00', 'comments'),
(2780, 126, 'Uhybhc', 25, '2015-12-11 09:30:10', '0000-00-00 00:00:00', 'comments'),
(2781, 126, 'Hvhbj', 26, '2015-12-11 09:30:24', '0000-00-00 00:00:00', 'comments'),
(2782, 126, 'Hbbvhjj', 26, '2015-12-11 09:30:27', '0000-00-00 00:00:00', 'comments'),
(2783, 126, 'Cxigxogogg', 26, '2015-12-11 09:30:37', '0000-00-00 00:00:00', 'comments'),
(2784, 126, 'Oifogiiho', 26, '2015-12-11 09:30:41', '0000-00-00 00:00:00', 'comments'),
(2785, 126, 'O gogxohxpg lg lb', 26, '2015-12-11 09:30:45', '0000-00-00 00:00:00', 'comments'),
(2786, 126, 'Hcjvjvivi', 26, '2015-12-11 09:30:50', '0000-00-00 00:00:00', 'comments'),
(2787, 126, 'Kviifuvivjoob', 26, '2015-12-11 09:30:55', '0000-00-00 00:00:00', 'comments'),
(2788, 1, '??', 26, '2015-12-11 09:33:31', '0000-00-00 00:00:00', 'comments'),
(2789, 126, 'Kfminfkgm', 26, '2015-12-11 09:34:12', '0000-00-00 00:00:00', 'comments'),
(2790, 1, 'ola', 26, '2015-12-11 09:34:21', '0000-00-00 00:00:00', 'comments'),
(2791, 126, 'Hdnjdbcjdhzhzbzjzhxbx kd jxhx\nHdjxjxjid d\nHdhxjxbxkjdjdjxk', 26, '2015-12-11 09:34:37', '0000-00-00 00:00:00', 'comments'),
(2792, 126, '?????', 26, '2015-12-11 09:34:49', '0000-00-00 00:00:00', 'comments'),
(2793, 1, 'Yolo', 25, '2015-12-11 09:34:53', '0000-00-00 00:00:00', 'comments'),
(2794, 126, 'Gi may', 26, '2015-12-11 09:34:55', '0000-00-00 00:00:00', 'comments'),
(2795, 126, 'Cai gi', 26, '2015-12-11 09:35:50', '0000-00-00 00:00:00', 'comments'),
(2796, 126, 'Mkinughfbhg', 25, '2015-12-11 09:43:34', '0000-00-00 00:00:00', 'comments'),
(2797, 1, '??', 26, '2015-12-11 09:44:32', '0000-00-00 00:00:00', 'comments'),
(2798, 126, 'Ôhgbohih', 25, '2015-12-11 09:49:22', '0000-00-00 00:00:00', 'comments'),
(2799, 126, 'Tét', 26, '2015-12-11 09:57:09', '0000-00-00 00:00:00', 'comments'),
(2800, 126, 'Hsbxbxjdbx', 26, '2015-12-11 09:57:14', '0000-00-00 00:00:00', 'comments'),
(2801, 126, 'Této', 26, '2015-12-11 09:57:23', '0000-00-00 00:00:00', 'comments'),
(2802, 126, 'Tét', 25, '2015-12-11 09:57:34', '0000-00-00 00:00:00', 'comments'),
(2803, 126, 'Gigogo', 24, '2015-12-11 09:57:52', '0000-00-00 00:00:00', 'comments'),
(2804, 126, 'Bobobo', 24, '2015-12-11 09:57:56', '0000-00-00 00:00:00', 'comments'),
(2805, 126, 'Gigih', 23, '2015-12-11 09:58:10', '0000-00-00 00:00:00', 'comments'),
(2806, 126, 'Vibiib', 23, '2015-12-11 09:58:13', '0000-00-00 00:00:00', 'comments'),
(2807, 126, 'Vvihii', 22, '2015-12-11 09:58:21', '0000-00-00 00:00:00', 'comments'),
(2808, 126, 'Hjhjjj', 22, '2015-12-11 09:59:56', '0000-00-00 00:00:00', 'comments'),
(2809, 126, 'Hdnxjdnjfnd', 27, '2015-12-11 10:01:50', '0000-00-00 00:00:00', 'comments'),
(2810, 126, 'Jnjcnxjdn', 27, '2015-12-11 10:01:53', '0000-00-00 00:00:00', 'comments'),
(2811, 126, 'Kxhxindidnx', 27, '2015-12-11 10:01:58', '0000-00-00 00:00:00', 'comments'),
(2812, 126, 'Kdjdjdidk', 27, '2015-12-11 10:02:01', '0000-00-00 00:00:00', 'comments'),
(2813, 126, 'Kdjdjdjdkd', 27, '2015-12-11 10:02:06', '0000-00-00 00:00:00', 'comments'),
(2814, 126, 'Hncifndmid. O kdicn icnenxjcifjkf', 27, '2015-12-11 10:03:32', '0000-00-00 00:00:00', 'comments'),
(2815, 126, 'Hjhjbjj', 26, '2015-12-11 10:05:38', '0000-00-00 00:00:00', 'comments'),
(2816, 126, 'Gbgggfh', 27, '2015-12-11 10:07:45', '0000-00-00 00:00:00', 'comments'),
(2817, 126, 'Ibiibibhiiuvuvubib\nNônn\nNộn\nBibjnhhhhbnhn hbjb\nHbjkvicvivibo biboibi ôn bivbbon nonon\nOononononnon', 27, '2015-12-11 10:09:09', '0000-00-00 00:00:00', 'comments'),
(2818, 126, 'Bobobih', 27, '2015-12-11 10:14:12', '0000-00-00 00:00:00', 'comments'),
(2819, 126, 'Vk kbibibin', 27, '2015-12-11 10:14:16', '0000-00-00 00:00:00', 'comments'),
(2820, 126, 'Giggihihih', 27, '2015-12-11 10:15:32', '0000-00-00 00:00:00', 'comments'),
(2821, 126, 'Obaoh oa obakb ao ban obaobobabohaobo aboan obob aob ba obaoba obao boa b', 27, '2015-12-11 10:19:09', '0000-00-00 00:00:00', 'comments'),
(2822, 126, 'Bxahxiaxooahxohxqoboqnxohqxn', 27, '2015-12-11 10:19:55', '0000-00-00 00:00:00', 'comments'),
(2823, 126, 'whxhwoxhqihxhwojxwobxobw ', 27, '2015-12-11 10:23:19', '0000-00-00 00:00:00', 'comments'),
(2824, 126, 'Djbdjchcxbx', 27, '2015-12-11 10:23:59', '0000-00-00 00:00:00', 'comments'),
(2825, 126, 'Nfjnxknxicbcibxjbx', 27, '2015-12-11 10:27:40', '0000-00-00 00:00:00', 'comments'),
(2826, 126, 'Jckcncjcdx', 27, '2015-12-11 10:27:44', '0000-00-00 00:00:00', 'comments'),
(2827, 126, 'Kcmckcnckcmv', 27, '2015-12-11 10:27:49', '0000-00-00 00:00:00', 'comments'),
(2828, 126, 'Idjdjdjdjnđjd', 27, '2015-12-11 10:29:02', '0000-00-00 00:00:00', 'comments'),
(2829, 126, 'Cffkc', 27, '2015-12-11 10:29:09', '0000-00-00 00:00:00', 'comments'),
(2830, 126, 'Nưcnw ỡnno q', 27, '2015-12-11 10:30:53', '0000-00-00 00:00:00', 'comments'),
(2831, 126, 'Jdhebjdhdhfjd', 27, '2015-12-11 10:37:26', '0000-00-00 00:00:00', 'comments'),
(2832, 126, 'Jdjfjfnfjf', 27, '2015-12-11 10:37:32', '0000-00-00 00:00:00', 'comments'),
(2833, 126, 'Jxjxjdjxixndjjdifkfjfkfkf', 27, '2015-12-11 10:37:43', '0000-00-00 00:00:00', 'comments'),
(2834, 126, 'Fjfjdjjd', 27, '2015-12-11 10:38:57', '0000-00-00 00:00:00', 'comments'),
(2835, 126, 'Hbjgngcffvvhvykn', 27, '2015-12-11 10:43:37', '0000-00-00 00:00:00', 'comments'),
(2836, 1, 'adasdasdas', 27, '2015-12-11 10:44:01', '0000-00-00 00:00:00', 'comments'),
(2837, 1, 'asdasd', 27, '2015-12-11 10:48:26', '0000-00-00 00:00:00', 'comments'),
(2838, 126, 'Viiivucuvibihp', 27, '2015-12-11 10:50:02', '0000-00-00 00:00:00', 'comments'),
(2839, 126, 'Ivvviogogihho', 27, '2015-12-11 10:50:09', '0000-00-00 00:00:00', 'comments'),
(2840, 126, 'Ccqxaaqxq\nXƯaaacwc\nAcacscwvwc', 27, '2015-12-11 10:53:00', '0000-00-00 00:00:00', 'comments'),
(2841, 126, 'Hnhbb\nNjnnm\nNjnm\nHjkj', 27, '2015-12-11 10:53:46', '0000-00-00 00:00:00', 'comments'),
(2842, 126, 'Bbjbb', 27, '2015-12-11 10:54:42', '0000-00-00 00:00:00', 'comments'),
(2843, 126, 'Hhbgjj', 27, '2015-12-11 10:54:46', '0000-00-00 00:00:00', 'comments'),
(2844, 126, 'Gghjki', 27, '2015-12-11 10:54:48', '0000-00-00 00:00:00', 'comments'),
(2845, 126, 'Hnjjji', 27, '2015-12-11 10:54:50', '0000-00-00 00:00:00', 'comments'),
(2846, 126, 'Hhhjj', 27, '2015-12-11 10:54:52', '0000-00-00 00:00:00', 'comments'),
(2847, 126, 'Lgfogbo\nVogohpg', 27, '2015-12-11 10:54:57', '0000-00-00 00:00:00', 'comments'),
(2848, 126, 'Uhhjbj\nHhjbj\nHjj', 27, '2015-12-11 10:56:47', '0000-00-00 00:00:00', 'comments'),
(2849, 126, 'Hnjbjbjb', 27, '2015-12-11 11:02:10', '0000-00-00 00:00:00', 'comments'),
(2850, 126, 'Hbjbk', 27, '2015-12-11 11:02:25', '0000-00-00 00:00:00', 'comments'),
(2851, 126, 'Ijynkujbyj', 27, '2015-12-11 11:02:28', '0000-00-00 00:00:00', 'comments'),
(2852, 126, 'Kjijhinknkjkkukjkmbivviibiviiibo bobobobohooobbo bbonoboonononononoo nônnobohob onnon nôniom', 27, '2015-12-11 11:02:42', '0000-00-00 00:00:00', 'comments'),
(2853, 126, 'Hehdjdjdndnđ', 27, '2015-12-11 11:04:27', '0000-00-00 00:00:00', 'comments'),
(2854, 126, 'Kdnfkfnfkfjdndbjxjdiccjcjdđk kdjdijdjdjd djdkdnkdodndjdkd\nFjdkdkdk', 27, '2015-12-11 11:04:37', '0000-00-00 00:00:00', 'comments'),
(2855, 126, 'Òhivihivbhob bibibbo ônboboibi bonhooh bônbobo bobobo bobbo bônbob', 27, '2015-12-11 11:05:40', '0000-00-00 00:00:00', 'comments'),
(2856, 126, 'Kjbjgo k ibk k k i ob k k k k k k jk k k hk k. K k k k k k k. Ku. T y y y. J. K j j h h. H k k j k j', 27, '2015-12-11 11:07:20', '0000-00-00 00:00:00', 'comments'),
(2857, 126, 'Test', 27, '2015-12-14 01:27:23', '0000-00-00 00:00:00', 'comments'),
(2858, 1, 'Wtf', 27, '2015-12-14 01:27:24', '0000-00-00 00:00:00', 'comments'),
(2859, 126, 'Yhklk', 27, '2015-12-14 01:27:31', '0000-00-00 00:00:00', 'comments'),
(2860, 126, 'Test', 27, '2015-12-14 01:44:20', '0000-00-00 00:00:00', 'comments'),
(2861, 126, 'Test', 27, '2015-12-14 01:50:24', '0000-00-00 00:00:00', 'comments'),
(2862, 126, 'Testnjk', 27, '2015-12-14 01:51:48', '0000-00-00 00:00:00', 'comments'),
(2863, 1, '??', 27, '2015-12-14 02:03:34', '0000-00-00 00:00:00', 'comments'),
(2864, 126, 'Trst', 27, '2015-12-14 02:28:00', '0000-00-00 00:00:00', 'comments'),
(2865, 126, 'Test', 27, '2015-12-14 02:29:54', '0000-00-00 00:00:00', 'comments'),
(2866, 126, 'Tedt', 27, '2015-12-14 02:30:59', '0000-00-00 00:00:00', 'comments'),
(2867, 126, 'Ok', 27, '2015-12-14 02:32:47', '0000-00-00 00:00:00', 'comments'),
(2868, 126, 'Test', 27, '2015-12-14 02:45:54', '0000-00-00 00:00:00', 'comments'),
(2869, 126, 'Test', 27, '2015-12-14 02:46:56', '0000-00-00 00:00:00', 'comments'),
(2870, 126, 'Gibbbibi\nGiuhih', 27, '2015-12-14 02:47:38', '0000-00-00 00:00:00', 'comments'),
(2871, 126, 'Test\nJjhh', 27, '2015-12-14 02:50:59', '0000-00-00 00:00:00', 'comments'),
(2872, 126, 'Bonobnbobob\nBobobhob', 27, '2015-12-14 02:52:09', '0000-00-00 00:00:00', 'comments'),
(2873, 1, 'TED test loading', 24, '2015-12-14 03:00:30', '0000-00-00 00:00:00', 'comments'),
(2874, 1, 'TED test loading', 24, '2015-12-14 03:00:36', '0000-00-00 00:00:00', 'comments'),
(2875, 126, 'Test\nHhhj', 27, '2015-12-14 03:11:54', '0000-00-00 00:00:00', 'comments'),
(2876, 126, 'Tccuc\nVivivvi\nBibib', 27, '2015-12-14 03:14:39', '0000-00-00 00:00:00', 'comments'),
(2877, 126, 'Teyzhdjd\nKjdjdjd\nJdjdjd', 27, '2015-12-14 03:16:03', '0000-00-00 00:00:00', 'comments'),
(2878, 1, '??', 27, '2015-12-14 03:17:05', '0000-00-00 00:00:00', 'comments'),
(2879, 1, 'ád', 27, '2015-12-14 03:20:31', '0000-00-00 00:00:00', 'comments'),
(2880, 1, 'OK', 27, '2015-12-14 03:21:21', '0000-00-00 00:00:00', 'comments'),
(2881, 126, 'Test', 27, '2015-12-14 03:24:20', '0000-00-00 00:00:00', 'comments'),
(2882, 1, 'OK', 27, '2015-12-14 03:24:24', '0000-00-00 00:00:00', 'comments'),
(2883, 126, 'Test', 16, '2015-12-14 03:25:18', '0000-00-00 00:00:00', 'comments'),
(2884, 1, 'asd', 27, '2015-12-14 03:25:20', '0000-00-00 00:00:00', 'comments'),
(2885, 1, 'OK', 27, '2015-12-14 03:26:14', '0000-00-00 00:00:00', 'comments'),
(2886, 1, 'OK', 27, '2015-12-14 03:26:39', '0000-00-00 00:00:00', 'comments'),
(2887, 1, 'asd', 24, '2015-12-14 03:26:59', '0000-00-00 00:00:00', 'comments'),
(2888, 1, 'asd', 23, '2015-12-14 03:27:28', '0000-00-00 00:00:00', 'comments'),
(2889, 126, 'Vkhogihl\nVibibvi\nNnobob', 15, '2015-12-14 03:28:19', '0000-00-00 00:00:00', 'comments'),
(2890, 1, 'ád', 27, '2015-12-14 03:28:54', '0000-00-00 00:00:00', 'comments'),
(2891, 126, 'Gigibihigihm\nObobobob\nHohihohbobil\nBoobion', 27, '2015-12-14 03:28:55', '0000-00-00 00:00:00', 'comments'),
(2892, 1, 'OK', 23, '2015-12-14 03:29:36', '0000-00-00 00:00:00', 'comments'),
(2893, 126, 'Ok', 24, '2015-12-14 03:30:07', '0000-00-00 00:00:00', 'comments'),
(2894, 126, 'Ok', 15, '2015-12-14 03:32:16', '0000-00-00 00:00:00', 'comments'),
(2895, 126, 'Testing', 15, '2015-12-14 03:32:23', '0000-00-00 00:00:00', 'comments'),
(2896, 126, 'Okokok', 15, '2015-12-14 03:32:30', '0000-00-00 00:00:00', 'comments'),
(2897, 126, 'Test', 27, '2015-12-14 03:33:18', '0000-00-00 00:00:00', 'comments'),
(2898, 1, 'asd', 27, '2015-12-14 03:33:42', '0000-00-00 00:00:00', 'comments'),
(2899, 126, 'Testing', 15, '2015-12-14 03:33:45', '0000-00-00 00:00:00', 'comments'),
(2900, 1, 'asd', 27, '2015-12-14 03:33:55', '0000-00-00 00:00:00', 'comments'),
(2901, 126, 'Testing\nTet', 15, '2015-12-14 03:33:58', '0000-00-00 00:00:00', 'comments'),
(2902, 126, 'Test', 27, '2015-12-14 03:37:00', '0000-00-00 00:00:00', 'comments'),
(2903, 126, 'Test', 15, '2015-12-14 03:44:50', '0000-00-00 00:00:00', 'comments'),
(2904, 126, 'Test', 17, '2015-12-14 03:45:54', '0000-00-00 00:00:00', 'comments'),
(2905, 126, 'Test', 15, '2015-12-14 03:46:31', '0000-00-00 00:00:00', 'comments'),
(2906, 126, 'Tehsjdudb\nJidjdjdid\nDidjdjdnfjd', 15, '2015-12-14 03:46:42', '0000-00-00 00:00:00', 'comments'),
(2907, 126, 'Tet', 18, '2015-12-14 03:47:51', '0000-00-00 00:00:00', 'comments'),
(2908, 126, 'Testing\nTating', 18, '2015-12-14 03:48:04', '0000-00-00 00:00:00', 'comments'),
(2909, 126, 'Test teat', 18, '2015-12-14 03:48:19', '0000-00-00 00:00:00', 'comments'),
(2910, 126, 'Ysndjjdjd', 18, '2015-12-14 03:48:30', '0000-00-00 00:00:00', 'comments'),
(2911, 126, 'Hdkjdidjd\nDidjdjdjdkd\nKsidjdjdi\nDkdjdjdjd', 18, '2015-12-14 03:48:53', '0000-00-00 00:00:00', 'comments'),
(2912, 126, 'Test dhdbdjdbdjdn', 27, '2015-12-14 03:51:30', '0000-00-00 00:00:00', 'comments'),
(2913, 126, 'Jskdjd', 20, '2015-12-14 03:52:02', '0000-00-00 00:00:00', 'comments'),
(2914, 126, 'Tet teat\nShahsnsns\nSjdjdjd', 20, '2015-12-14 03:52:29', '0000-00-00 00:00:00', 'comments'),
(2915, 126, 'Hxjdjdhdjs ssksjjss', 20, '2015-12-14 03:52:39', '0000-00-00 00:00:00', 'comments'),
(2916, 126, 'Jajajdhd\nSjdjdjsjs\nSjssjjsjsjs\nSjsjsjsjsjsjs\nSisjsjsjsjs\nSksjsjsjsjs\nSksjdjksjskdsjsks', 20, '2015-12-14 03:52:55', '0000-00-00 00:00:00', 'comments'),
(2917, 126, 'Ghhjj', 20, '2015-12-14 03:54:06', '0000-00-00 00:00:00', 'comments'),
(2918, 126, 'Uhhnjj\nHjjjjj\nHjjjjk', 20, '2015-12-14 03:54:19', '0000-00-00 00:00:00', 'comments'),
(2919, 126, 'Dhhddjjdhdd', 16, '2015-12-14 03:56:21', '0000-00-00 00:00:00', 'comments'),
(2920, 126, 'Hshshshsh', 24, '2015-12-14 03:57:43', '0000-00-00 00:00:00', 'comments'),
(2921, 126, 'Hshdjd\nDjdjdjdjd\nSkddjjddjjd', 24, '2015-12-14 03:57:56', '0000-00-00 00:00:00', 'comments'),
(2922, 126, 'Hdbdbdhdjdjdjd', 15, '2015-12-14 04:04:51', '0000-00-00 00:00:00', 'comments'),
(2923, 126, 'Bxbxjdjdjd', 24, '2015-12-14 04:06:49', '0000-00-00 00:00:00', 'comments'),
(2924, 126, 'Hdbdbdjdjddj \nJdjdjdjdjdjdjd\nJdkdjdjddjd', 24, '2015-12-14 04:07:03', '0000-00-00 00:00:00', 'comments'),
(2930, 126, 'Hdjdjdhdnd', 27, '2015-12-14 04:17:25', '0000-00-00 00:00:00', 'comments'),
(2931, 126, 'Dddhdjdndndbxjxjdndj\nDjxndmd\nDjxjxjx\nXnxjjxjx', 27, '2015-12-14 04:17:38', '0000-00-00 00:00:00', 'comments'),
(2932, 126, 'Dsxcc\nHhhh\nGbbb\nTg\nH \nFyh\n\n\n\nHhh\n\n\n\n', 27, '2015-12-14 04:18:07', '0000-00-00 00:00:00', 'comments'),
(2933, 1, 'OK', 26, '2015-12-14 04:21:34', '0000-00-00 00:00:00', 'comments'),
(2934, 126, 'Testing\n\n\nHi', 17, '2015-12-14 04:22:30', '0000-00-00 00:00:00', 'comments'),
(2935, 126, 'Ok\nTesting\n\n\n\nOk', 17, '2015-12-14 04:22:54', '0000-00-00 00:00:00', 'comments'),
(2938, 126, 'Cai gi\nOk', 26, '2015-12-14 04:24:34', '0000-00-00 00:00:00', 'comments'),
(2939, 126, 'Ha ha \nHaha', 26, '2015-12-14 04:24:53', '0000-00-00 00:00:00', 'comments'),
(2941, 1, 'Ted test', 24, '2015-12-14 04:28:16', '0000-00-00 00:00:00', 'comments'),
(2942, 126, 'Sisksndns', 24, '2015-12-14 04:28:42', '0000-00-00 00:00:00', 'comments'),
(2943, 126, '????', 27, '2015-12-14 04:31:59', '0000-00-00 00:00:00', 'comments'),
(2944, 126, 'Jdjdjcjd\nJxjxjxjd\nJxjxjxjkd\nKdkdjdjd\nJxjjxxmx\nJjxkxjxkkx', 27, '2015-12-14 04:32:38', '0000-00-00 00:00:00', 'comments'),
(2962, 1, 'ok', 24, '2015-12-14 06:13:22', '0000-00-00 00:00:00', 'comments'),
(2963, 1, 'ok', 24, '2015-12-14 06:13:36', '0000-00-00 00:00:00', 'comments'),
(2964, 126, 'What ok', 24, '2015-12-14 06:13:54', '0000-00-00 00:00:00', 'comments'),
(2965, 126, '????', 24, '2015-12-14 06:14:02', '0000-00-00 00:00:00', 'comments'),
(2966, 126, ')$$$', 24, '2015-12-14 06:14:11', '0000-00-00 00:00:00', 'comments'),
(2967, 126, ')$!$&$$)$$', 24, '2015-12-14 06:14:20', '0000-00-00 00:00:00', 'comments'),
(2968, 126, 'Eeeee', 27, '2015-12-14 06:15:28', '0000-00-00 00:00:00', 'comments'),
(2969, 126, 'Test', 27, '2015-12-14 06:15:35', '0000-00-00 00:00:00', 'comments'),
(2970, 126, 'Test', 27, '2015-12-14 06:17:23', '0000-00-00 00:00:00', 'comments'),
(2971, 126, 'Bbibibi', 27, '2015-12-14 06:17:32', '0000-00-00 00:00:00', 'comments'),
(2974, 126, 'Vvubbubub', 27, '2015-12-14 06:19:40', '0000-00-00 00:00:00', 'comments'),
(2975, 126, 'Uuvvuvuvuvvuvu', 27, '2015-12-14 06:19:51', '0000-00-00 00:00:00', 'comments'),
(2976, 126, 'Test', 27, '2015-12-14 06:21:47', '0000-00-00 00:00:00', 'comments'),
(2977, 126, 'Vibibibibi', 27, '2015-12-14 06:21:52', '0000-00-00 00:00:00', 'comments'),
(2978, 126, 'Bibibobibib', 27, '2015-12-14 06:22:02', '0000-00-00 00:00:00', 'comments'),
(2979, 1, 'ololo', 24, '2015-12-14 06:22:19', '0000-00-00 00:00:00', 'comments'),
(2980, 1, 'ABC', 26, '2015-12-14 06:22:25', '0000-00-00 00:00:00', 'comments'),
(2981, 1, 'OKASD', 24, '2015-12-14 06:23:00', '0000-00-00 00:00:00', 'comments'),
(2982, 126, '???!', 24, '2015-12-14 06:24:12', '0000-00-00 00:00:00', 'comments'),
(2983, 126, '????', 24, '2015-12-14 06:24:20', '0000-00-00 00:00:00', 'comments'),
(2984, 126, '$:&:&;&;', 24, '2015-12-14 06:24:25', '0000-00-00 00:00:00', 'comments'),
(2985, 126, '&&:&:&&;', 24, '2015-12-14 06:24:29', '0000-00-00 00:00:00', 'comments'),
(2986, 126, '$:&&:&:&', 24, '2015-12-14 06:24:35', '0000-00-00 00:00:00', 'comments'),
(2987, 1, 'DDDD MMMMM :DDDDDDD', 24, '2015-12-14 06:27:01', '0000-00-00 00:00:00', 'comments'),
(2988, 126, '?????', 24, '2015-12-14 06:27:19', '0000-00-00 00:00:00', 'comments'),
(2989, 1, 'Better than dancing. :DDDDD', 27, '2015-12-14 06:28:29', '0000-00-00 00:00:00', 'comments'),
(2990, 126, 'Ok', 27, '2015-12-14 06:30:36', '0000-00-00 00:00:00', 'comments'),
(2991, 126, 'Test', 27, '2015-12-14 06:31:52', '0000-00-00 00:00:00', 'comments'),
(2992, 126, 'Test', 25, '2015-12-14 06:33:04', '0000-00-00 00:00:00', 'comments'),
(2996, 126, 'Test', 27, '2015-12-14 06:41:43', '0000-00-00 00:00:00', 'comments'),
(3005, 126, 'Test', 26, '2015-12-14 07:03:15', '0000-00-00 00:00:00', 'comments'),
(3015, 126, 'Ujijhbnj', 27, '2015-12-14 07:12:30', '0000-00-00 00:00:00', 'comments'),
(3016, 126, 'Hfoivivibibl iibiivib', 27, '2015-12-14 07:12:38', '0000-00-00 00:00:00', 'comments'),
(3017, 126, 'Ibiibpbibivivibibbiul', 27, '2015-12-14 07:12:46', '0000-00-00 00:00:00', 'comments'),
(3018, 126, 'Ivivivibibibibp', 27, '2015-12-14 07:13:05', '0000-00-00 00:00:00', 'comments'),
(3027, 126, 'Bibibobbo\n\nBinniin\nBinn', 27, '2015-12-14 07:45:27', '0000-00-00 00:00:00', 'comments'),
(3028, 126, 'Binibbo\nNnono\nNonono', 27, '2015-12-14 07:45:45', '0000-00-00 00:00:00', 'comments'),
(3063, 126, 'Ibibi', 29, '2015-12-14 08:23:41', '0000-00-00 00:00:00', 'comments'),
(3064, 126, 'Nonininji\nNoooinni\nBiininonin', 29, '2015-12-14 08:24:56', '0000-00-00 00:00:00', 'comments'),
(3065, 126, 'Trdthh \nHjjjjk\nHjjnjj', 29, '2015-12-14 08:25:52', '0000-00-00 00:00:00', 'comments'),
(3066, 126, 'Binibnbno\nOnono', 29, '2015-12-14 08:26:42', '0000-00-00 00:00:00', 'comments'),
(3067, 126, 'Bbobbibibii\n\nK nonni', 29, '2015-12-14 08:26:55', '0000-00-00 00:00:00', 'comments'),
(3068, 126, 'Inoonp', 29, '2015-12-14 08:27:47', '0000-00-00 00:00:00', 'comments'),
(3069, 126, 'Ifivivib', 29, '2015-12-14 08:30:50', '0000-00-00 00:00:00', 'comments'),
(3070, 126, 'Bobobob\nBoibihb', 29, '2015-12-14 08:30:54', '0000-00-00 00:00:00', 'comments'),
(3071, 126, 'Vkvibigvibib', 29, '2015-12-14 08:31:00', '0000-00-00 00:00:00', 'comments'),
(3072, 126, 'Lvogovogihoh\nBobbon', 29, '2015-12-14 08:34:12', '0000-00-00 00:00:00', 'comments'),
(3073, 126, 'Bon', 29, '2015-12-14 08:35:00', '0000-00-00 00:00:00', 'comments'),
(3074, 126, 'Ciighi\nHjibohhhp\nHohihiih', 29, '2015-12-14 08:35:15', '0000-00-00 00:00:00', 'comments'),
(3075, 126, 'Hdhdhdhdjdjd', 29, '2015-12-14 08:37:36', '0000-00-00 00:00:00', 'comments'),
(3076, 126, 'Jnobsonwnowxnxw\nNaxpnqonxqnxonqpjxpaxqx\nXqqxmpmzpmqxpmqzmq', 29, '2015-12-14 08:37:43', '0000-00-00 00:00:00', 'comments'),
(3077, 126, 'Ibibibibb', 29, '2015-12-14 08:40:12', '0000-00-00 00:00:00', 'comments'),
(3078, 126, ' Igivivvivibiivvi\nVobbiboboobo', 29, '2015-12-14 09:01:10', '0000-00-00 00:00:00', 'comments'),
(3079, 126, 'Vivguvugi\nBobobibibiibo\nBooohobibo', 29, '2015-12-14 09:01:32', '0000-00-00 00:00:00', 'comments'),
(3080, 126, 'Hoaxhaob oabjpancncnalc\nNqpnxnaxlbaxnpaxnpannanpnapxnalnxlaxaax la xlanxa axnpanxaxqxjqxlqxqxnpqnpnqxpnqpnxpqnxpqxnw nonwocnanownann an pan ap napn apn npaa ', 29, '2015-12-14 09:02:31', '0000-00-00 00:00:00', 'comments'),
(3081, 126, 'Bbihik\nJjj\nHjhj\nHhhjhhkk\nHhkmnhjh\nThjjjj', 29, '2015-12-14 09:03:06', '0000-00-00 00:00:00', 'comments'),
(3082, 126, 'Thahansubsnshns', 29, '2015-12-14 09:05:24', '0000-00-00 00:00:00', 'comments'),
(3083, 126, 'Hshhxbxjndjnd', 29, '2015-12-14 09:05:28', '0000-00-00 00:00:00', 'comments'),
(3084, 126, 'Test', 29, '2015-12-14 09:08:57', '0000-00-00 00:00:00', 'comments'),
(3085, 126, ' Idjdjnxjdj', 29, '2015-12-14 09:11:57', '0000-00-00 00:00:00', 'comments'),
(3093, 126, 'Vivvivvii\nBivivibibibh', 29, '2015-12-14 09:33:53', '0000-00-00 00:00:00', 'comments'),
(3094, 126, 'Viviihigigi\nIvvivivivgigi', 29, '2015-12-14 09:34:05', '0000-00-00 00:00:00', 'comments'),
(3095, 126, 'Bobbibibibbi\nObobobobibibi\nIbibibib', 29, '2015-12-14 09:35:44', '0000-00-00 00:00:00', 'comments'),
(3096, 126, 'Viviviviggug\nIivivjvig\nIiv', 29, '2015-12-14 09:35:59', '0000-00-00 00:00:00', 'comments'),
(3097, 126, 'Cigubiggi', 29, '2015-12-14 09:37:36', '0000-00-00 00:00:00', 'comments'),
(3098, 126, 'Viviviggugguvuguigv bibibibbiblnnobonoboblnlblblbkbobobob nononknononobobononobob bbibibngbii iviibibibbibin ivivbib ibboobih bobbiibibibi', 29, '2015-12-14 09:37:59', '0000-00-00 00:00:00', 'comments'),
(3099, 126, 'Bbbkbbihubuv', 29, '2015-12-14 09:39:41', '0000-00-00 00:00:00', 'comments'),
(3100, 126, 'Bibibvibi\nBibibibibbibbibibbivvu\nIbibibibbibbonob', 29, '2015-12-14 09:39:56', '0000-00-00 00:00:00', 'comments'),
(3101, 126, 'Iviibibibbibiv hohbbinio boboboob bobob bbbibibbibii bbibi bibi', 29, '2015-12-14 09:42:04', '0000-00-00 00:00:00', 'comments'),
(3102, 126, 'Hohiiibivibibihibbibibobob', 29, '2015-12-14 09:42:26', '0000-00-00 00:00:00', 'comments'),
(3103, 126, 'Vivvivigibibibi', 29, '2015-12-14 09:42:31', '0000-00-00 00:00:00', 'comments'),
(3104, 126, 'Eee', 29, '2015-12-14 09:42:33', '0000-00-00 00:00:00', 'comments'),
(3105, 126, 'E', 29, '2015-12-14 09:42:34', '0000-00-00 00:00:00', 'comments'),
(3106, 126, 'eee', 29, '2015-12-14 09:42:38', '0000-00-00 00:00:00', 'comments'),
(3107, 126, 'Eeeee', 29, '2015-12-14 09:42:53', '0000-00-00 00:00:00', 'comments'),
(3108, 126, 'Test', 29, '2015-12-14 09:42:56', '0000-00-00 00:00:00', 'comments'),
(3109, 126, 'Hdjdjddksoskskakk', 29, '2015-12-14 09:43:01', '0000-00-00 00:00:00', 'comments'),
(3110, 126, 'Ibibivbibubbubibubi\nBibibibibibinibiibibiib\nBobbibibibibibibib\nNnnininonobbonnin\nNonononon\nBobobobbobobobibi\nVivivivivibibbibib', 29, '2015-12-14 09:45:35', '0000-00-00 00:00:00', 'comments'),
(3111, 1, 'asdasd', 29, '2015-12-14 09:45:36', '0000-00-00 00:00:00', 'comments'),
(3112, 126, ' Knobobob', 29, '2015-12-14 09:45:55', '0000-00-00 00:00:00', 'comments'),
(3113, 126, 'Ggjdjdjdd', 29, '2015-12-14 09:46:29', '0000-00-00 00:00:00', 'comments'),
(3114, 126, 'Hdjdjfjdjdjndjf', 29, '2015-12-14 09:46:35', '0000-00-00 00:00:00', 'comments'),
(3115, 126, 'Test', 29, '2015-12-14 09:58:08', '0000-00-00 00:00:00', 'comments'),
(3116, 126, 'Test', 29, '2015-12-14 09:58:24', '0000-00-00 00:00:00', 'comments'),
(3117, 126, 'Test', 30, '2015-12-14 10:16:53', '0000-00-00 00:00:00', 'comments'),
(3118, 126, 'Test', 30, '2015-12-14 10:18:47', '0000-00-00 00:00:00', 'comments'),
(3119, 126, 'Test', 30, '2015-12-14 10:21:48', '0000-00-00 00:00:00', 'comments'),
(3120, 126, 'Tet', 30, '2015-12-14 10:28:42', '0000-00-00 00:00:00', 'comments'),
(3121, 126, 'Testing', 30, '2015-12-14 10:28:56', '0000-00-00 00:00:00', 'comments'),
(3122, 126, 'Hehdjejddjsj', 30, '2015-12-14 10:29:47', '0000-00-00 00:00:00', 'comments'),
(3123, 126, 'Jfjfjdjdjdjdjdjdjdidjf', 30, '2015-12-14 10:31:23', '0000-00-00 00:00:00', 'comments'),
(3124, 126, 'Test sucess', 30, '2015-12-14 10:36:53', '0000-00-00 00:00:00', 'comments'),
(3125, 126, 'Ok', 30, '2015-12-14 10:36:58', '0000-00-00 00:00:00', 'comments'),
(3126, 126, '????', 30, '2015-12-14 10:37:03', '0000-00-00 00:00:00', 'comments'),
(3127, 126, 'Testing', 30, '2015-12-14 13:07:18', '0000-00-00 00:00:00', 'comments'),
(3128, 126, 'Jejdjdjdjd', 30, '2015-12-14 13:08:03', '0000-00-00 00:00:00', 'comments'),
(3129, 126, 'Hdhddjjdjdd', 29, '2015-12-14 13:08:39', '0000-00-00 00:00:00', 'comments'),
(3130, 126, 'Dhhdjd\nFjdjdjdjf\nDjdjdjdjdkjdjd', 29, '2015-12-14 13:09:04', '0000-00-00 00:00:00', 'comments'),
(3131, 126, 'Jajdjdhjdjdjddjd', 30, '2015-12-14 13:11:12', '0000-00-00 00:00:00', 'comments'),
(3132, 126, 'Bbnjj', 24, '2015-12-14 13:14:18', '0000-00-00 00:00:00', 'comments'),
(3133, 126, 'Hhhhh', 24, '2015-12-14 13:14:24', '0000-00-00 00:00:00', 'comments'),
(3134, 126, 'Bbhh', 22, '2015-12-14 13:14:38', '0000-00-00 00:00:00', 'comments'),
(3135, 126, 'Jjhh', 26, '2015-12-14 13:14:49', '0000-00-00 00:00:00', 'comments'),
(3136, 126, 'Ugggjk', 30, '2015-12-14 13:19:01', '0000-00-00 00:00:00', 'comments'),
(3137, 126, 'Ggfghj', 30, '2015-12-14 13:19:05', '0000-00-00 00:00:00', 'comments'),
(3138, 126, 'Vkbobobobobo ob\nVivvvjvkvkvvk', 30, '2015-12-15 01:41:33', '0000-00-00 00:00:00', 'comments'),
(3139, 126, 'Hohohoh', 30, '2015-12-15 01:42:57', '0000-00-00 00:00:00', 'comments'),
(3140, 126, 'Ckvv\nLblbobblbll l l. K\nOhhohobobob\nBlnbonob\nNlblnlnono\nNonononno\nMpnopnpno\nNonononno\nNonononono\nBoboobbonobo\nBbkbk', 30, '2015-12-15 01:46:08', '0000-00-00 00:00:00', 'comments'),
(3141, 126, 'Hi', 30, '2015-12-15 03:28:32', '0000-00-00 00:00:00', 'comments'),
(3142, 126, 'Hi', 30, '2015-12-15 03:28:51', '0000-00-00 00:00:00', 'comments'),
(3143, 126, 'Test', 30, '2015-12-15 03:30:25', '0000-00-00 00:00:00', 'comments'),
(3144, 126, 'Alo', 30, '2015-12-15 03:30:28', '0000-00-00 00:00:00', 'comments'),
(3145, 126, 'Jdjdjd', 30, '2015-12-15 03:30:41', '0000-00-00 00:00:00', 'comments'),
(3146, 126, 'Sjjdjdjdjd', 30, '2015-12-15 03:30:45', '0000-00-00 00:00:00', 'comments'),
(3147, 126, 'Testing', 30, '2015-12-15 03:31:02', '0000-00-00 00:00:00', 'comments'),
(3148, 126, 'Ok', 30, '2015-12-15 03:31:14', '0000-00-00 00:00:00', 'comments'),
(3149, 126, 'Testing', 30, '2015-12-15 03:34:34', '0000-00-00 00:00:00', 'comments'),
(3150, 126, 'Ok', 29, '2015-12-15 03:41:49', '0000-00-00 00:00:00', 'comments'),
(3151, 126, 'Test', 30, '2015-12-15 03:50:00', '0000-00-00 00:00:00', 'comments'),
(3152, 126, 'Testinf', 30, '2015-12-15 04:00:09', '0000-00-00 00:00:00', 'comments'),
(3153, 126, 'Test', 30, '2015-12-15 04:00:15', '0000-00-00 00:00:00', 'comments'),
(3154, 126, 'Hsshdhjs', 30, '2015-12-15 04:00:22', '0000-00-00 00:00:00', 'comments'),
(3155, 126, 'Ok', 29, '2015-12-15 04:01:10', '0000-00-00 00:00:00', 'comments'),
(3156, 126, 'Test', 30, '2015-12-15 04:01:26', '0000-00-00 00:00:00', 'comments'),
(3157, 126, 'Bonnoonobbononon', 30, '2015-12-15 04:01:35', '0000-00-00 00:00:00', 'comments'),
(3158, 126, 'Hihbib', 30, '2015-12-15 04:01:37', '0000-00-00 00:00:00', 'comments'),
(3159, 126, 'Booboho', 30, '2015-12-15 04:01:38', '0000-00-00 00:00:00', 'comments'),
(3160, 126, 'Ivvivvibibhib', 30, '2015-12-15 04:01:54', '0000-00-00 00:00:00', 'comments'),
(3161, 126, 'Onononoo', 30, '2015-12-15 04:01:54', '0000-00-00 00:00:00', 'comments'),
(3162, 126, 'Nonninon', 30, '2015-12-15 04:01:57', '0000-00-00 00:00:00', 'comments'),
(3163, 126, 'Bsobsobsnoss', 30, '2015-12-15 04:04:00', '0000-00-00 00:00:00', 'comments'),
(3164, 126, 'Hhhj', 29, '2015-12-15 04:05:27', '0000-00-00 00:00:00', 'comments'),
(3165, 126, 'Testing', 26, '2015-12-15 04:06:23', '0000-00-00 00:00:00', 'comments'),
(3166, 126, 'Ok', 26, '2015-12-15 04:06:33', '0000-00-00 00:00:00', 'comments'),
(3167, 126, 'Testing', 30, '2015-12-15 04:10:12', '0000-00-00 00:00:00', 'comments'),
(3168, 126, 'Ffg', 30, '2015-12-15 04:10:56', '0000-00-00 00:00:00', 'comments'),
(3169, 126, 'Uhhj', 30, '2015-12-15 04:15:44', '0000-00-00 00:00:00', 'comments'),
(3170, 126, 'Hjhubhhk', 30, '2015-12-15 04:18:03', '0000-00-00 00:00:00', 'comments'),
(3171, 126, 'Gihibibi', 30, '2015-12-15 04:18:07', '0000-00-00 00:00:00', 'comments'),
(3172, 126, 'Hihihih', 30, '2015-12-15 04:18:20', '0000-00-00 00:00:00', 'comments'),
(3173, 126, 'Ghhj', 30, '2015-12-15 04:22:23', '0000-00-00 00:00:00', 'comments'),
(3174, 126, 'Cvivuv', 30, '2015-12-15 04:22:43', '0000-00-00 00:00:00', 'comments'),
(3175, 126, 'Hshahdhd', 30, '2015-12-15 04:27:34', '0000-00-00 00:00:00', 'comments'),
(3176, 126, 'Hhhj', 30, '2015-12-15 04:27:39', '0000-00-00 00:00:00', 'comments'),
(3177, 126, 'Hjhjhj', 30, '2015-12-15 04:27:53', '0000-00-00 00:00:00', 'comments'),
(3178, 126, 'Igivivihib', 30, '2015-12-15 04:28:15', '0000-00-00 00:00:00', 'comments'),
(3179, 126, 'Hdkdjdjdjd', 30, '2015-12-15 04:29:47', '0000-00-00 00:00:00', 'comments'),
(3180, 126, 'Jdkdfhdjd', 30, '2015-12-15 04:29:50', '0000-00-00 00:00:00', 'comments'),
(3181, 126, 'Jfjdjdkdkd', 30, '2015-12-15 04:29:54', '0000-00-00 00:00:00', 'comments'),
(3182, 126, 'Djjdjdjdjdd', 30, '2015-12-15 04:30:00', '0000-00-00 00:00:00', 'comments'),
(3183, 126, 'Jdjdjddjjdjdf', 30, '2015-12-15 04:30:05', '0000-00-00 00:00:00', 'comments'),
(3184, 126, 'Testing', 30, '2015-12-15 04:36:02', '0000-00-00 00:00:00', 'comments'),
(3185, 126, 'Ahhhcjdjd', 30, '2015-12-15 04:36:11', '0000-00-00 00:00:00', 'comments'),
(3186, 126, 'Kdkdjdkdkd', 30, '2015-12-15 04:36:16', '0000-00-00 00:00:00', 'comments'),
(3187, 126, 'Bsnxjdjdjd', 30, '2015-12-15 06:14:21', '0000-00-00 00:00:00', 'comments'),
(3188, 126, 'Akandjsjdbd', 30, '2015-12-15 06:14:26', '0000-00-00 00:00:00', 'comments'),
(3189, 126, 'Hzhsjsjdjdjdj', 30, '2015-12-15 06:14:30', '0000-00-00 00:00:00', 'comments'),
(3190, 126, 'Hdjdjdjd', 30, '2015-12-15 06:15:34', '0000-00-00 00:00:00', 'comments'),
(3191, 126, 'Jdjdjdhdjd', 30, '2015-12-15 06:15:41', '0000-00-00 00:00:00', 'comments'),
(3192, 126, 'Ajsndjdjdjd', 30, '2015-12-15 06:25:06', '0000-00-00 00:00:00', 'comments'),
(3193, 126, 'Ivivbibijibiviobobo', 30, '2015-12-15 06:27:54', '0000-00-00 00:00:00', 'comments'),
(3194, 126, 'Vivibigig', 27, '2015-12-15 06:45:13', '0000-00-00 00:00:00', 'comments'),
(3195, 126, 'Bobobvubububbu', 29, '2015-12-15 06:50:35', '0000-00-00 00:00:00', 'comments'),
(3196, 126, 'Bubibibibibib', 29, '2015-12-15 06:50:39', '0000-00-00 00:00:00', 'comments'),
(3197, 126, 'Vivibvibvib\nBobibbobi\nBibibobbi\nIonnobnibib\nNinoboiobobib', 31, '2015-12-15 06:51:12', '0000-00-00 00:00:00', 'comments'),
(3198, 126, 'Hibibiob', 31, '2015-12-15 06:53:43', '0000-00-00 00:00:00', 'comments'),
(3199, 126, 'Bononpjpjppl', 31, '2015-12-15 06:53:53', '0000-00-00 00:00:00', 'comments'),
(3200, 126, 'Igohivibiibivibi', 31, '2015-12-15 07:04:50', '0000-00-00 00:00:00', 'comments'),
(3201, 126, 'Bonobobono', 31, '2015-12-15 07:05:46', '0000-00-00 00:00:00', 'comments'),
(3202, 126, 'Test', 31, '2015-12-15 07:07:14', '0000-00-00 00:00:00', 'comments'),
(3203, 1, 'asd', 7, '2015-12-15 07:08:43', '0000-00-00 00:00:00', 'admin_messages'),
(3204, 1, 'asdasd', 31, '2015-12-15 07:09:15', '0000-00-00 00:00:00', 'comments'),
(3205, 1, 'fesdffs', 31, '2015-12-15 07:09:33', '0000-00-00 00:00:00', 'comments'),
(3206, 126, 'What the hell?', 31, '2015-12-15 07:09:49', '0000-00-00 00:00:00', 'comments'),
(3207, 126, 'Testing', 31, '2015-12-15 07:10:32', '0000-00-00 00:00:00', 'comments'),
(3208, 126, 'Jskdjdhdkd', 30, '2015-12-15 07:12:01', '0000-00-00 00:00:00', 'comments'),
(3209, 1, 'asd', 29, '2015-12-15 07:14:14', '0000-00-00 00:00:00', 'comments'),
(3210, 1, 'Yes. HOHOHO', 31, '2015-12-15 07:14:42', '0000-00-00 00:00:00', 'comments'),
(3211, 126, 'Cai gi', 31, '2015-12-15 07:17:16', '0000-00-00 00:00:00', 'comments'),
(3212, 126, 'Test', 29, '2015-12-15 07:21:05', '0000-00-00 00:00:00', 'comments'),
(3213, 126, 'Skdjdjdifkf', 29, '2015-12-15 07:21:15', '0000-00-00 00:00:00', 'comments'),
(3214, 126, 'Cai gi hohoho', 31, '2015-12-15 07:21:42', '0000-00-00 00:00:00', 'comments'),
(3215, 126, 'Test', 31, '2015-12-15 07:22:49', '0000-00-00 00:00:00', 'comments'),
(3216, 126, 'Jxjdjkdkd', 30, '2015-12-15 07:23:12', '0000-00-00 00:00:00', 'comments'),
(3217, 126, 'Snnaonxwnowx', 31, '2015-12-15 07:24:37', '0000-00-00 00:00:00', 'comments'),
(3218, 126, 'Vivicigi', 31, '2015-12-15 07:24:59', '0000-00-00 00:00:00', 'comments'),
(3219, 126, 'Hhobohohohoh', 31, '2015-12-15 07:25:03', '0000-00-00 00:00:00', 'comments'),
(3220, 126, 'Bobobobiib', 31, '2015-12-15 07:25:54', '0000-00-00 00:00:00', 'comments'),
(3221, 126, 'Nonpjj', 31, '2015-12-15 07:30:44', '0000-00-00 00:00:00', 'comments'),
(3222, 126, 'Kddkdjdkdjmpdmpkpkdkdmpnd', 31, '2015-12-15 07:30:47', '0000-00-00 00:00:00', 'comments'),
(3223, 126, 'Kkkdkdmdmmpdmmdpmpdmpmdmd', 31, '2015-12-15 07:30:50', '0000-00-00 00:00:00', 'comments'),
(3224, 126, 'Bjbibibib', 31, '2015-12-15 07:40:05', '0000-00-00 00:00:00', 'comments'),
(3225, 126, 'Iobivobvobi\nBobbibibiib\nBonobobobobooobo\nBibibibbib', 31, '2015-12-15 07:40:21', '0000-00-00 00:00:00', 'comments'),
(3226, 126, 'Bobobob', 31, '2015-12-15 07:43:37', '0000-00-00 00:00:00', 'comments'),
(3227, 126, 'Djdjdjdjd', 31, '2015-12-15 07:45:41', '0000-00-00 00:00:00', 'comments'),
(3228, 126, 'Hddjddjd', 31, '2015-12-15 07:45:43', '0000-00-00 00:00:00', 'comments'),
(3229, 126, 'Jsjdjddjdjdjdjmdnd', 31, '2015-12-15 07:46:14', '0000-00-00 00:00:00', 'comments');
INSERT INTO `reply_messages` (`id`, `user_id`, `content`, `message_id`, `created_at`, `updated_at`, `type_messages`) VALUES
(3230, 126, 'Jdkdjdjdjjd', 31, '2015-12-15 07:47:14', '0000-00-00 00:00:00', 'comments'),
(3231, 126, 'Njcdjdjdkdkkfkfkfkfkfkf\nFjfdjjdfkkfkckcfmd\nCkxkxjxd\nCxjxjdjkcckc', 31, '2015-12-15 07:47:23', '0000-00-00 00:00:00', 'comments'),
(3232, 126, 'Fkfkfjjfifkfkfkfkf', 31, '2015-12-15 07:47:29', '0000-00-00 00:00:00', 'comments'),
(3233, 126, 'Vkvvivp', 31, '2015-12-15 07:58:27', '0000-00-00 00:00:00', 'comments'),
(3234, 126, 'Bonobob', 31, '2015-12-15 07:58:31', '0000-00-00 00:00:00', 'comments'),
(3235, 126, 'Ovvibobi', 31, '2015-12-15 07:58:35', '0000-00-00 00:00:00', 'comments'),
(3236, 126, 'Bkobohob', 31, '2015-12-15 08:00:06', '0000-00-00 00:00:00', 'comments'),
(3237, 126, 'Lbobobbib', 30, '2015-12-15 08:00:25', '0000-00-00 00:00:00', 'comments'),
(3238, 126, 'Bibibib', 30, '2015-12-15 08:00:29', '0000-00-00 00:00:00', 'comments'),
(3239, 126, 'H', 30, '2015-12-15 08:00:34', '0000-00-00 00:00:00', 'comments'),
(3240, 126, 'U', 30, '2015-12-15 08:00:38', '0000-00-00 00:00:00', 'comments'),
(3241, 126, 'U', 30, '2015-12-15 08:00:40', '0000-00-00 00:00:00', 'comments'),
(3242, 126, 'Ibibiv', 31, '2015-12-15 08:06:00', '0000-00-00 00:00:00', 'comments'),
(3243, 126, 'Bbobobib', 31, '2015-12-15 08:06:05', '0000-00-00 00:00:00', 'comments'),
(3244, 126, 'Ibbbbi', 31, '2015-12-15 08:06:09', '0000-00-00 00:00:00', 'comments'),
(3245, 126, 'Bobobobibib', 31, '2015-12-15 08:09:05', '0000-00-00 00:00:00', 'comments'),
(3246, 126, 'Bibvih', 31, '2015-12-15 08:09:08', '0000-00-00 00:00:00', 'comments'),
(3247, 126, 'Bibbibobiob', 31, '2015-12-15 08:09:16', '0000-00-00 00:00:00', 'comments'),
(3248, 126, 'U', 31, '2015-12-15 08:09:23', '0000-00-00 00:00:00', 'comments'),
(3249, 126, 'U', 31, '2015-12-15 08:09:26', '0000-00-00 00:00:00', 'comments'),
(3250, 126, 'Ucivivivi', 31, '2015-12-15 08:10:44', '0000-00-00 00:00:00', 'comments'),
(3251, 126, 'U', 31, '2015-12-15 08:10:50', '0000-00-00 00:00:00', 'comments'),
(3252, 126, 'Vivibigigi', 31, '2015-12-15 08:10:54', '0000-00-00 00:00:00', 'comments'),
(3253, 126, 'Viviiviviv', 31, '2015-12-15 08:11:00', '0000-00-00 00:00:00', 'comments'),
(3254, 126, 'Vigibigiigigivgi', 31, '2015-12-15 08:11:14', '0000-00-00 00:00:00', 'comments'),
(3255, 126, 'Hhh', 31, '2015-12-15 08:11:18', '0000-00-00 00:00:00', 'comments'),
(3256, 126, 'Bobobobobon', 31, '2015-12-15 08:12:33', '0000-00-00 00:00:00', 'comments'),
(3257, 126, 'Onobobobon', 31, '2015-12-15 08:12:36', '0000-00-00 00:00:00', 'comments'),
(3258, 126, 'Bonoobojop', 31, '2015-12-15 08:12:39', '0000-00-00 00:00:00', 'comments'),
(3259, 126, 'Hihibi', 31, '2015-12-15 08:17:18', '0000-00-00 00:00:00', 'comments'),
(3260, 126, 'Bibibi', 29, '2015-12-15 08:22:15', '0000-00-00 00:00:00', 'comments'),
(3261, 126, 'Jdjdndjfjf', 30, '2015-12-15 08:22:34', '0000-00-00 00:00:00', 'comments'),
(3262, 126, 'Kfkfmgohlh', 30, '2015-12-15 08:22:38', '0000-00-00 00:00:00', 'comments'),
(3263, 126, 'U', 30, '2015-12-15 08:22:43', '0000-00-00 00:00:00', 'comments'),
(3264, 126, 'Bihibib', 31, '2015-12-15 08:24:55', '0000-00-00 00:00:00', 'comments'),
(3265, 126, 'Biiibgi', 31, '2015-12-15 08:25:00', '0000-00-00 00:00:00', 'comments'),
(3266, 126, 'Guvvuvvugb', 31, '2015-12-15 08:25:15', '0000-00-00 00:00:00', 'comments'),
(3267, 126, 'Onobobonin', 31, '2015-12-15 08:32:22', '0000-00-00 00:00:00', 'comments'),
(3268, 126, 'U', 31, '2015-12-15 08:32:24', '0000-00-00 00:00:00', 'comments'),
(3269, 126, 'U', 31, '2015-12-15 08:34:44', '0000-00-00 00:00:00', 'comments'),
(3270, 126, 'U', 31, '2015-12-15 08:34:48', '0000-00-00 00:00:00', 'comments'),
(3271, 126, 'Ckxkddjddkdjdd', 31, '2015-12-15 08:35:00', '0000-00-00 00:00:00', 'comments'),
(3272, 126, 'Bibibi', 31, '2015-12-15 08:36:33', '0000-00-00 00:00:00', 'comments'),
(3273, 126, 'Bobobobob', 31, '2015-12-15 08:36:37', '0000-00-00 00:00:00', 'comments'),
(3274, 126, 'U', 31, '2015-12-15 08:36:40', '0000-00-00 00:00:00', 'comments'),
(3275, 126, 'I', 31, '2015-12-15 08:36:43', '0000-00-00 00:00:00', 'comments'),
(3276, 126, 'O', 31, '2015-12-15 08:36:45', '0000-00-00 00:00:00', 'comments'),
(3277, 126, 'Ibibibi', 31, '2015-12-15 08:41:43', '0000-00-00 00:00:00', 'comments'),
(3278, 126, 'Hi', 31, '2015-12-15 08:45:20', '0000-00-00 00:00:00', 'comments'),
(3279, 126, 'Y', 31, '2015-12-15 08:49:49', '0000-00-00 00:00:00', 'comments'),
(3280, 126, 'Vivib', 31, '2015-12-15 08:49:53', '0000-00-00 00:00:00', 'comments'),
(3281, 126, 'Bobbinobib', 31, '2015-12-15 08:50:00', '0000-00-00 00:00:00', 'comments'),
(3282, 126, 'Y', 31, '2015-12-15 08:50:02', '0000-00-00 00:00:00', 'comments'),
(3283, 126, 'Obobob', 31, '2015-12-15 08:54:30', '0000-00-00 00:00:00', 'comments'),
(3284, 126, 'U', 31, '2015-12-15 08:54:33', '0000-00-00 00:00:00', 'comments'),
(3285, 126, 'Vuvbibibonn', 31, '2015-12-15 08:54:37', '0000-00-00 00:00:00', 'comments'),
(3286, 126, 'Ufcviivivibivi', 31, '2015-12-15 08:54:45', '0000-00-00 00:00:00', 'comments'),
(3287, 126, 'Hhhhh', 30, '2015-12-15 09:25:28', '0000-00-00 00:00:00', 'comments'),
(3288, 126, 'Higihhibi', 30, '2015-12-15 09:25:31', '0000-00-00 00:00:00', 'comments'),
(3289, 126, 'Bibibvib', 30, '2015-12-15 09:25:34', '0000-00-00 00:00:00', 'comments'),
(3290, 126, 'Nonon', 30, '2015-12-15 09:25:37', '0000-00-00 00:00:00', 'comments'),
(3291, 126, 'Ibibivibib', 30, '2015-12-15 09:26:47', '0000-00-00 00:00:00', 'comments'),
(3292, 126, 'Ok', 30, '2015-12-15 09:27:41', '0000-00-00 00:00:00', 'comments'),
(3293, 126, 'Higivivuv', 31, '2015-12-15 09:31:13', '0000-00-00 00:00:00', 'comments'),
(3294, 126, 'Kbibin', 31, '2015-12-15 09:31:19', '0000-00-00 00:00:00', 'comments'),
(3295, 126, 'Obobobobibbobbiibin\nNonnonnon', 31, '2015-12-15 09:38:09', '0000-00-00 00:00:00', 'comments'),
(3296, 126, 'Ovobbooboobo', 31, '2015-12-15 09:38:12', '0000-00-00 00:00:00', 'comments'),
(3297, 126, 'Bbooob', 31, '2015-12-15 09:38:18', '0000-00-00 00:00:00', 'comments'),
(3298, 126, 'Bononobo', 31, '2015-12-15 09:38:20', '0000-00-00 00:00:00', 'comments'),
(3299, 126, 'Phppnpno', 31, '2015-12-15 09:38:23', '0000-00-00 00:00:00', 'comments'),
(3300, 126, 'Pjpppkpj', 31, '2015-12-15 09:38:25', '0000-00-00 00:00:00', 'comments'),
(3301, 126, 'Ibobob', 31, '2015-12-15 09:38:27', '0000-00-00 00:00:00', 'comments'),
(3302, 126, 'Oohohohi', 31, '2015-12-15 09:38:59', '0000-00-00 00:00:00', 'comments'),
(3303, 126, 'Bonobobopn', 31, '2015-12-15 09:39:02', '0000-00-00 00:00:00', 'comments'),
(3304, 126, 'Obobbobo', 30, '2015-12-15 09:40:22', '0000-00-00 00:00:00', 'comments'),
(3305, 126, 'Bbononono', 30, '2015-12-15 09:40:24', '0000-00-00 00:00:00', 'comments'),
(3306, 126, 'Bobobbobbob', 30, '2015-12-15 09:41:03', '0000-00-00 00:00:00', 'comments'),
(3307, 126, 'Pnnpnpbononoh', 30, '2015-12-15 09:41:09', '0000-00-00 00:00:00', 'comments'),
(3308, 126, 'Npnpbpopnonono', 30, '2015-12-15 09:41:13', '0000-00-00 00:00:00', 'comments'),
(3309, 126, 'Jpjpjpjjpnojpk', 30, '2015-12-15 09:41:16', '0000-00-00 00:00:00', 'comments'),
(3310, 126, 'jjjjjojonpnpnpnlnnobbibibibu ubibi. Bin ino. I Knij i o', 30, '2015-12-15 09:41:32', '0000-00-00 00:00:00', 'comments'),
(3311, 126, 'Ubofhicici. Ivivyfibivocy j ohivovibob bonobobonnlb inigi', 30, '2015-12-15 09:41:42', '0000-00-00 00:00:00', 'comments'),
(3312, 126, 'Bonoxjxjxjx jxbjcnx', 15, '2015-12-15 09:43:23', '0000-00-00 00:00:00', 'comments'),
(3313, 126, 'Hxhdisnxicndkdncjxx', 15, '2015-12-15 09:43:26', '0000-00-00 00:00:00', 'comments'),
(3314, 126, 'Jffndjdjjdjd', 15, '2015-12-15 09:43:53', '0000-00-00 00:00:00', 'comments'),
(3315, 126, 'Kdkdkdkxkxkckjcjckc', 15, '2015-12-15 09:43:57', '0000-00-00 00:00:00', 'comments'),
(3316, 126, 'Bobobo', 15, '2015-12-15 09:45:08', '0000-00-00 00:00:00', 'comments'),
(3317, 126, 'Njjk', 15, '2015-12-15 09:45:10', '0000-00-00 00:00:00', 'comments'),
(3318, 126, 'Kll', 15, '2015-12-15 09:45:12', '0000-00-00 00:00:00', 'comments'),
(3319, 126, 'Nnononnoni', 15, '2015-12-15 09:45:34', '0000-00-00 00:00:00', 'comments'),
(3320, 126, 'Npnpnpnpn', 15, '2015-12-15 09:45:37', '0000-00-00 00:00:00', 'comments'),
(3321, 126, 'Npnpnonnonono', 15, '2015-12-15 09:45:41', '0000-00-00 00:00:00', 'comments'),
(3322, 126, 'Onobobonoon', 15, '2015-12-15 09:45:46', '0000-00-00 00:00:00', 'comments'),
(3323, 126, 'Mpnmpnppnpn', 15, '2015-12-15 09:45:49', '0000-00-00 00:00:00', 'comments'),
(3324, 126, 'Hpmmpnohnobhonhibn', 15, '2015-12-15 09:45:53', '0000-00-00 00:00:00', 'comments'),
(3325, 126, 'Lbpnpnpnnononononm', 15, '2015-12-15 09:46:47', '0000-00-00 00:00:00', 'comments'),
(3326, 126, 'Blnnppnonpnomomp', 15, '2015-12-15 09:46:49', '0000-00-00 00:00:00', 'comments'),
(3327, 126, 'Bpnnm', 15, '2015-12-15 09:46:54', '0000-00-00 00:00:00', 'comments'),
(3328, 126, 'Phpphbpm', 15, '2015-12-15 09:46:57', '0000-00-00 00:00:00', 'comments'),
(3329, 126, 'Bnpnnpmp', 15, '2015-12-15 09:47:00', '0000-00-00 00:00:00', 'comments'),
(3330, 126, 'Kokk', 15, '2015-12-15 09:47:01', '0000-00-00 00:00:00', 'comments'),
(3331, 126, 'Mm', 15, '2015-12-15 09:47:01', '0000-00-00 00:00:00', 'comments'),
(3332, 126, 'Mm', 15, '2015-12-15 09:47:03', '0000-00-00 00:00:00', 'comments'),
(3333, 126, 'Skisjsisjisusnsjs', 31, '2015-12-15 09:48:00', '0000-00-00 00:00:00', 'comments'),
(3334, 126, 'Abousjsinshdnx', 31, '2015-12-15 09:48:04', '0000-00-00 00:00:00', 'comments'),
(3335, 1, 'asdasdasd', 31, '2015-12-15 09:49:20', '0000-00-00 00:00:00', 'comments'),
(3336, 126, 'Texk', 31, '2015-12-15 09:50:56', '0000-00-00 00:00:00', 'comments'),
(3337, 1, 'asdasdasd', 31, '2015-12-15 09:51:01', '0000-00-00 00:00:00', 'comments'),
(3338, 1, 'asdasdasd', 31, '2015-12-15 09:51:11', '0000-00-00 00:00:00', 'comments'),
(3339, 126, 'Gogohoglb', 31, '2015-12-15 09:51:23', '0000-00-00 00:00:00', 'comments'),
(3340, 126, 'Bjhpboblhhob', 31, '2015-12-15 09:51:27', '0000-00-00 00:00:00', 'comments'),
(3341, 126, 'Blnboogphgo', 31, '2015-12-15 09:51:30', '0000-00-00 00:00:00', 'comments'),
(3342, 126, 'Hohigovviivboih', 31, '2015-12-15 09:51:33', '0000-00-00 00:00:00', 'comments'),
(3343, 126, 'Iggoghobigovov', 31, '2015-12-15 09:51:36', '0000-00-00 00:00:00', 'comments'),
(3344, 126, 'Iobih', 31, '2015-12-15 09:52:36', '0000-00-00 00:00:00', 'comments'),
(3345, 126, 'Bonoobbononob', 31, '2015-12-15 09:52:39', '0000-00-00 00:00:00', 'comments'),
(3346, 126, 'Nonpnp', 31, '2015-12-15 09:52:42', '0000-00-00 00:00:00', 'comments'),
(3347, 126, 'Hello', 31, '2015-12-15 10:01:27', '0000-00-00 00:00:00', 'comments'),
(3348, 126, 'Ok', 31, '2015-12-15 10:01:30', '0000-00-00 00:00:00', 'comments'),
(3349, 126, 'Jjfifu', 31, '2015-12-15 10:01:33', '0000-00-00 00:00:00', 'comments'),
(3350, 1, 'bbbbb', 31, '2015-12-15 10:04:04', '0000-00-00 00:00:00', 'comments'),
(3351, 126, 'Ccccccccc', 31, '2015-12-15 10:04:18', '0000-00-00 00:00:00', 'comments'),
(3352, 126, 'Day', 31, '2015-12-15 10:04:56', '0000-00-00 00:00:00', 'comments'),
(3353, 126, 'Sao', 31, '2015-12-15 10:05:03', '0000-00-00 00:00:00', 'comments'),
(3354, 1, 'OK. Thanks', 31, '2015-12-15 10:05:43', '0000-00-00 00:00:00', 'comments'),
(3355, 126, 'Ok.', 31, '2015-12-15 10:06:35', '0000-00-00 00:00:00', 'comments'),
(3356, 126, 'Cai gi', 31, '2015-12-15 10:11:32', '0000-00-00 00:00:00', 'comments'),
(3357, 126, 'Kaka', 31, '2015-12-15 10:12:29', '0000-00-00 00:00:00', 'comments'),
(3358, 126, 'Chxhpxxphxpxjpx\nNxnxnxnxpjxxmxx\nXjxjpxkxpjxjx\nXmxjpxppjxjx\nXjxjpxpxjppjxx\nXnxlxjpxjpxjx\nXjxjjxpjxjxpx\nXnxnxxpnxjxpnxnx', 31, '2015-12-15 10:16:36', '0000-00-00 00:00:00', 'comments'),
(3359, 126, 'Hjhhhgvhjhj\nKhpnpjonon\nHonnn\nBnnono\nNonk', 31, '2015-12-15 10:21:42', '0000-00-00 00:00:00', 'comments'),
(3360, 126, 'Boonomo\nNionin\nPmon', 31, '2015-12-15 10:21:50', '0000-00-00 00:00:00', 'comments'),
(3361, 126, 'L k ononnonopmmompnppnpnpnnppm', 31, '2015-12-15 10:21:54', '0000-00-00 00:00:00', 'comments'),
(3362, 126, 'Onononpnonmpnppnpnpnpnpnpmpnpnpnpnmlpnpnpnpnpnpnpnnp', 31, '2015-12-15 10:21:59', '0000-00-00 00:00:00', 'comments'),
(3363, 126, 'Ivivivigigobblbbbinonnnpmpmmpmmpmmpmpmpmpmmppmpmmomomomommompmpnnpmmmpmmpmpmpmpnonomomompmpnpnpnppmpmpnonpnonpnpmpnpnp', 31, '2015-12-15 10:23:15', '0000-00-00 00:00:00', 'comments'),
(3364, 126, 'Nonoonsonnononnozpnmpx. Pmmdmmdondnppdon nnosnonsnondno spn spnl spnsl. Nsl pnslnl sn ms lnosos nok snoknsmpbssonks kn spd ks ls snos o snks. SL SS L sobsonosbonosnonsobsononsonsonos', 31, '2015-12-15 10:29:11', '0000-00-00 00:00:00', 'comments'),
(3365, 1, 'Det', 31, '2015-12-15 10:31:21', '0000-00-00 00:00:00', 'comments'),
(3366, 1, 'Det', 31, '2015-12-15 10:31:40', '0000-00-00 00:00:00', 'comments'),
(3367, 126, '?????', 31, '2015-12-15 10:31:42', '0000-00-00 00:00:00', 'comments'),
(3368, 126, 'Chcuc', 31, '2015-12-15 10:32:01', '0000-00-00 00:00:00', 'comments'),
(3369, 1, 'asd', 31, '2015-12-15 10:32:05', '0000-00-00 00:00:00', 'comments'),
(3370, 126, 'Jcicivvivibivibivibibiibibibiivovkvviiiv', 31, '2015-12-15 10:32:11', '0000-00-00 00:00:00', 'comments'),
(3371, 1, 'asd', 31, '2015-12-15 10:32:16', '0000-00-00 00:00:00', 'comments'),
(3372, 126, 'Jviv', 31, '2015-12-15 10:33:13', '0000-00-00 00:00:00', 'comments'),
(3373, 126, 'Vklglgoho', 31, '2015-12-15 10:33:17', '0000-00-00 00:00:00', 'comments'),
(3374, 126, 'Nlnnpnpbpnpnpbonon', 31, '2015-12-15 10:33:20', '0000-00-00 00:00:00', 'comments'),
(3375, 126, 'Blbolobkhjhknohohph', 31, '2015-12-15 10:33:24', '0000-00-00 00:00:00', 'comments'),
(3376, 126, 'Viicighxjxxyoxittozogzogzospgspgspgspgzgpzgpzpgyspyzypdpy', 31, '2015-12-15 10:33:31', '0000-00-00 00:00:00', 'comments'),
(3377, 126, 'Yhggh', 31, '2015-12-15 10:49:51', '0000-00-00 00:00:00', 'comments'),
(3378, 1, 'asd', 31, '2015-12-16 02:02:29', '0000-00-00 00:00:00', 'comments'),
(3379, 126, 'Bobobvoib', 15, '2015-12-16 04:04:40', '0000-00-00 00:00:00', 'comments'),
(3380, 126, 'Blbon', 15, '2015-12-16 04:04:48', '0000-00-00 00:00:00', 'comments'),
(3381, 126, 'Bivibobbobonom', 15, '2015-12-16 04:20:23', '0000-00-00 00:00:00', 'comments'),
(3382, 126, 'Bbobboob', 15, '2015-12-16 04:20:27', '0000-00-00 00:00:00', 'comments'),
(3383, 126, 'Bbhjjp', 15, '2015-12-16 04:20:29', '0000-00-00 00:00:00', 'comments'),
(3384, 126, 'Obobbibivivivvibibibbobbobinonobnobonoobobbnnononnonobobobobobobobobobbiiniibbiibibibobobibibbibibibibibibibibibiuibibibibiibbiibibibi', 31, '2015-12-16 04:29:06', '0000-00-00 00:00:00', 'comments'),
(3385, 126, 'Bivibigiigi\nBonon', 31, '2015-12-16 04:29:18', '0000-00-00 00:00:00', 'comments'),
(3386, 126, 'Ddsdsssssss', 31, '2015-12-16 04:30:37', '0000-00-00 00:00:00', 'comments'),
(3387, 126, 'Hxjdhixjd udnxudud jdnicjdjdjd idnxjdnidisndidb dusjdjdjdnixjdjd djndmdnxkx', 31, '2015-12-16 04:30:50', '0000-00-00 00:00:00', 'comments'),
(3388, 126, 'Ceevevecev', 30, '2015-12-16 04:31:49', '0000-00-00 00:00:00', 'comments'),
(3389, 126, 'Jrkdndidjid cjdjjjdjd didncudnisjdud idjdjjdmdjd', 30, '2015-12-16 04:31:56', '0000-00-00 00:00:00', 'comments'),
(3390, 126, 'Ffff', 30, '2015-12-16 04:32:39', '0000-00-00 00:00:00', 'comments'),
(3391, 126, 'Ddc\nVvbbh\nBbhj', 30, '2015-12-16 04:32:45', '0000-00-00 00:00:00', 'comments'),
(3392, 126, 'Tffcfgffffffffffffffffffff', 30, '2015-12-16 04:33:16', '0000-00-00 00:00:00', 'comments'),
(3393, 126, 'Kfkifnfifkfikf\nJfjfjfjjf', 30, '2015-12-16 04:33:20', '0000-00-00 00:00:00', 'comments'),
(3394, 126, 'Bibibn', 30, '2015-12-16 04:34:09', '0000-00-00 00:00:00', 'comments'),
(3395, 126, 'Bibbibibi\nNonononon\nNpnonobom', 30, '2015-12-16 04:34:18', '0000-00-00 00:00:00', 'comments'),
(3396, 126, 'Test', 23, '2015-12-16 06:06:38', '0000-00-00 00:00:00', 'comments'),
(3397, 126, 'Skksks\nSjjskskkss', 23, '2015-12-16 06:06:42', '0000-00-00 00:00:00', 'comments'),
(3398, 126, 'Ibiibibi', 16, '2015-12-16 06:07:19', '0000-00-00 00:00:00', 'comments'),
(3399, 126, 'Hhinhobhoboh\nBobhin\nNononoob\nNonnono', 16, '2015-12-16 06:07:27', '0000-00-00 00:00:00', 'comments'),
(3400, 126, 'Vivibigiig', 31, '2015-12-16 06:10:09', '0000-00-00 00:00:00', 'comments'),
(3401, 126, 'Bibibibibbobobob\nHojohooh\nBononob', 31, '2015-12-16 06:10:18', '0000-00-00 00:00:00', 'comments'),
(3402, 126, 'Kvivbivig\nBoobohho', 31, '2015-12-16 06:10:51', '0000-00-00 00:00:00', 'comments'),
(3403, 126, 'Givibihbib', 15, '2015-12-16 06:12:12', '0000-00-00 00:00:00', 'comments'),
(3404, 126, 'Bihihihihib\nBibiibib\nBonon', 15, '2015-12-16 06:12:17', '0000-00-00 00:00:00', 'comments'),
(3405, 126, 'Vbibbibiibibbhoh\nBonoononobo', 15, '2015-12-16 06:12:26', '0000-00-00 00:00:00', 'comments'),
(3406, 126, 'Bobobob bubibibibibbibinio nonpnob nonono nomomno ononom nononnon', 15, '2015-12-16 06:12:49', '0000-00-00 00:00:00', 'comments'),
(3407, 126, 'Boonnpno\nBobobo\nNonno', 15, '2015-12-16 06:13:05', '0000-00-00 00:00:00', 'comments'),
(3408, 126, 'Ddjjdjdjdkdjdhdjdjdjdjdjjdjsjsjsjsjsjsjsjsjsjsjjsjdjdjdjsjsjdjd', 15, '2015-12-16 06:13:13', '0000-00-00 00:00:00', 'comments'),
(3409, 126, 'Jdkdjkdd\nDidjmdjdjdkdkdndkd', 15, '2015-12-16 06:13:48', '0000-00-00 00:00:00', 'comments'),
(3410, 126, 'Hohohoh\nGoogoh', 22, '2015-12-16 06:16:24', '0000-00-00 00:00:00', 'comments'),
(3411, 126, 'Jdjdjfhdjfndjd', 30, '2015-12-16 06:17:36', '0000-00-00 00:00:00', 'comments'),
(3412, 126, 'Jdjdjdhdjnfnd\nDk\nM', 30, '2015-12-16 06:17:46', '0000-00-00 00:00:00', 'comments'),
(3413, 126, 'Kfkdkdkdkdkdkdkdkdkdkdkdkdkdkddkkkdkdkdkdkdkdkdkdkdkdkdkdkdkdkdkdkdkdkdkdkdkdkdkdkdkdkdkkxmxmxmxmxmxmxmxmxmmxmxmxmxmxmxmmxmcxmm m mcmcm m mcm m mcmmcmcmcm mcmcm mcmccm m mcm m m m m. ', 15, '2015-12-16 06:18:33', '0000-00-00 00:00:00', 'comments'),
(3414, 126, 'Kdkdkdkkdkd', 15, '2015-12-16 06:18:41', '0000-00-00 00:00:00', 'comments'),
(3415, 126, 'Kekskd', 15, '2015-12-16 06:18:47', '0000-00-00 00:00:00', 'comments'),
(3416, 126, 'Kdkdkdd', 15, '2015-12-16 06:18:52', '0000-00-00 00:00:00', 'comments'),
(3417, 126, 'Cfjcbdni dkdnk di.  Id oc do. Kf. K dkc. Kf k. Ckd. K ckc. Kxmk. Coc. K coc coc kc. Kc kc mcn o coc cox', 15, '2015-12-16 06:20:24', '0000-00-00 00:00:00', 'comments'),
(3418, 126, 'Kfjncmdjxjxk\nCkxnckdmld\nCkxncmcmxmcc', 15, '2015-12-16 06:20:32', '0000-00-00 00:00:00', 'comments'),
(3419, 126, 'Hihihvihibp', 29, '2015-12-16 06:23:25', '0000-00-00 00:00:00', 'comments'),
(3420, 126, 'Npophojonono', 29, '2015-12-16 06:23:30', '0000-00-00 00:00:00', 'comments'),
(3421, 126, 'Pjpnojojj\nMmpmon', 29, '2015-12-16 06:23:38', '0000-00-00 00:00:00', 'comments'),
(3422, 126, 'Boboboboni bononoblnpnnom npp hpnnobon bonon', 15, '2015-12-16 06:24:47', '0000-00-00 00:00:00', 'comments'),
(3423, 126, 'Eesd', 15, '2015-12-16 06:26:10', '0000-00-00 00:00:00', 'comments'),
(3424, 126, 'Teting', 29, '2015-12-16 06:27:35', '0000-00-00 00:00:00', 'comments'),
(3425, 126, 'Jjsjdjd\nDjdjdjdkdkd', 29, '2015-12-16 06:27:42', '0000-00-00 00:00:00', 'comments'),
(3426, 126, 'Dhdjdjdbdbd', 30, '2015-12-16 06:28:51', '0000-00-00 00:00:00', 'comments'),
(3427, 126, 'Jxjdjdidjxndkddd\nKdkdndkdndjd', 30, '2015-12-16 06:28:57', '0000-00-00 00:00:00', 'comments'),
(3428, 126, 'Testing', 18, '2015-12-16 06:29:52', '0000-00-00 00:00:00', 'comments'),
(3429, 126, 'Test', 18, '2015-12-16 06:29:57', '0000-00-00 00:00:00', 'comments'),
(3430, 126, 'Abc\nBcd', 18, '2015-12-16 06:30:02', '0000-00-00 00:00:00', 'comments'),
(3431, 126, 'Tshshshs', 18, '2015-12-16 06:32:11', '0000-00-00 00:00:00', 'comments'),
(3432, 126, 'Test', 19, '2015-12-16 06:32:54', '0000-00-00 00:00:00', 'comments'),
(3433, 126, 'Jsksushsjs\nHsianajsjshshs', 19, '2015-12-16 06:33:00', '0000-00-00 00:00:00', 'comments'),
(3434, 126, 'Iskjsisjsksjs\nSkskajskss', 19, '2015-12-16 06:33:18', '0000-00-00 00:00:00', 'comments'),
(3435, 126, 'Hsbshxbsjd', 16, '2015-12-16 06:34:34', '0000-00-00 00:00:00', 'comments'),
(3436, 126, 'Hsndjdbjc\nDjxzxnxnx', 16, '2015-12-16 06:34:38', '0000-00-00 00:00:00', 'comments'),
(3437, 126, 'Jxnxjxnxjncidi\nJxjjxnjxjjcjd\nJxxjxnnxnx', 16, '2015-12-16 06:34:47', '0000-00-00 00:00:00', 'comments'),
(3438, 126, 'Nckcnskdnd\nDjdjdjdjd', 16, '2015-12-16 06:34:52', '0000-00-00 00:00:00', 'comments'),
(3439, 126, 'Dhdhxbxbx', 31, '2015-12-16 06:37:38', '0000-00-00 00:00:00', 'comments'),
(3440, 126, 'Jxjdnxjdbchcnxjxjxjd\nCjxkxnckcmcmmcc', 31, '2015-12-16 06:37:44', '0000-00-00 00:00:00', 'comments'),
(3441, 126, 'Yshdjjdddd', 30, '2015-12-16 06:38:25', '0000-00-00 00:00:00', 'comments'),
(3442, 126, 'Fdjdkdjkdjdjdjdjdjjdjdjdjfjfjjfjfjfjfjjfjfjmf', 30, '2015-12-16 06:38:32', '0000-00-00 00:00:00', 'comments'),
(3443, 126, 'Kdkdjjfjkfkdndnqnoxnqxnqxnoqnxnqoxnqnoqnonxonqxnoqjxonqoxqoxnpqkxnpqxnpnqpnpxnpqkxpqnxpqpxna xqnxpqxpnpx aznpqnxnqpa xnqnqpnx qx qlnxoq x q xoq lx q xoq lx qx la x ql xoq xo qo q oqxqxqxqxqqqqjxpnqp ql l. Q qn panxnoqpxnlq x qoxnoq xnqp xqpxnpqnxoq q npxnoax noxal x', 30, '2015-12-16 06:38:53', '0000-00-00 00:00:00', 'comments'),
(3444, 126, 'Nownoxnapnxpqnxpnqpxnqpnxnqpxnlqxqmxpmqxqpmxpmqpxqx\nQxqxqpxpqnpxmpqx qx qlnxoqx qlnxonqx q xl ql xlq lx lq xoq xoqkx akx qk xo qkxnqkx oq xo qxk oqx oq xo qkx qox kqnxk qxk qx ql xoq xl qx ql xoq xo qxk qxk lq xl qxk qlx ql xo xl qxk ql xoq xo qxk qx o xoq xoq xo qxl q xl qxl qxl qlx lq xl qxl qlx qlx ql xlq xlq x', 30, '2015-12-16 06:39:25', '0000-00-00 00:00:00', 'comments'),
(3445, 126, 'Kdkccnkcnckcnckckckckckjcmcmcnmxkcnkcnckcnckkcmcc', 30, '2015-12-16 06:39:50', '0000-00-00 00:00:00', 'comments'),
(3446, 126, 'Iirkkf', 30, '2015-12-16 06:40:01', '0000-00-00 00:00:00', 'comments'),
(3447, 126, 'Kidkfkfjfjfkkfkdkdkdkkdkdkdkdkdkdkkdkdkdkdk', 30, '2015-12-16 06:40:06', '0000-00-00 00:00:00', 'comments'),
(3448, 126, 'Ubvivgiighivbibibbibibbib\nNnnononnonnobobonibubobibinio', 15, '2015-12-16 06:45:26', '0000-00-00 00:00:00', 'comments'),
(3449, 126, 'Bobokobobbobbolnibob blbobnpnpnpnnonlnlnk k. L l l l ll l l lnl k jbubibibib', 15, '2015-12-16 06:45:40', '0000-00-00 00:00:00', 'comments'),
(3450, 126, 'Bobobo', 15, '2015-12-16 06:45:47', '0000-00-00 00:00:00', 'comments'),
(3451, 126, 'Bonobobononobobm\nBonobk', 15, '2015-12-16 06:45:52', '0000-00-00 00:00:00', 'comments'),
(3452, 126, 'Bobbonbbi\nNononp', 15, '2015-12-16 06:45:59', '0000-00-00 00:00:00', 'comments'),
(3453, 126, 'Hxjxbxxjjxxjxjxjxjxx', 29, '2015-12-16 06:46:38', '0000-00-00 00:00:00', 'comments'),
(3454, 126, 'Hdsjxjxjxjkxx', 29, '2015-12-16 06:46:41', '0000-00-00 00:00:00', 'comments'),
(3455, 126, 'Hdkdjdkxjxjxxx\nXnxkxkxnxnxnxmxx', 29, '2015-12-16 06:46:47', '0000-00-00 00:00:00', 'comments'),
(3456, 126, 'Jxkxnxjxjx\nXjxjxjjxkx\nXhxjxjjxjxjxxx', 29, '2015-12-16 06:46:54', '0000-00-00 00:00:00', 'comments'),
(3457, 126, 'Vivibigibibib hihhibibibibi hjopnon bnon nobbono boobo boboo obobobonono nobobob obo bonobo pbobobon pnpnlnl lmlnl nlnlnon lnlnlnlnln lnnl nlnlnon llnlon lnlnlnln lnlnlnl nlnlnon lnlnlnl nlnlnonln bono.', 29, '2015-12-16 06:47:20', '0000-00-00 00:00:00', 'comments'),
(3458, 126, 'Giibobohoh\nObibihj', 29, '2015-12-16 06:47:40', '0000-00-00 00:00:00', 'comments'),
(3459, 126, 'Hihihhhh bodhoxhixhox xnxononox xnononox. Onononox. Ononox. Onononxl l xonxo x xoobob', 29, '2015-12-16 06:47:55', '0000-00-00 00:00:00', 'comments'),
(3460, 126, 'Bubububi', 30, '2015-12-16 06:49:47', '0000-00-00 00:00:00', 'comments'),
(3461, 126, 'Bibibib\nNonobob\nNononob', 30, '2015-12-16 06:49:52', '0000-00-00 00:00:00', 'comments'),
(3462, 126, 'Bonobobohohjpjojmojpnnonononon. Bonobo bon. Iboo. Onooo bononobo nononono ononnon nonnonop nononon nononono nonono nononono nonoono', 30, '2015-12-16 06:50:12', '0000-00-00 00:00:00', 'comments'),
(3463, 126, 'Testing', 31, '2015-12-16 06:56:00', '0000-00-00 00:00:00', 'comments'),
(3464, 126, 'Ffddfff', 29, '2015-12-16 06:58:05', '0000-00-00 00:00:00', 'comments'),
(3465, 126, 'Ggghhyyt\nGfffff', 29, '2015-12-16 06:58:11', '0000-00-00 00:00:00', 'comments'),
(3466, 126, 'Fftysdjhgh\nTgghhh\nFghjuuu', 29, '2015-12-16 06:58:19', '0000-00-00 00:00:00', 'comments'),
(3467, 126, 'Gffgggfhughhh\nDhhhhjjhhh\nGhhhhjjjjjjjjn\nFghregghyhhj\nGhigtgkhbnk\nGhhjjjkjjjjjjjj', 29, '2015-12-16 06:58:39', '0000-00-00 00:00:00', 'comments'),
(3468, 126, 'Fcghhhhgggggggggggggg', 29, '2015-12-16 06:58:49', '0000-00-00 00:00:00', 'comments'),
(3469, 126, 'Testing', 21, '2015-12-16 07:01:53', '0000-00-00 00:00:00', 'comments'),
(3470, 126, 'Test', 21, '2015-12-16 07:01:57', '0000-00-00 00:00:00', 'comments'),
(3471, 126, 'Test', 21, '2015-12-16 07:02:01', '0000-00-00 00:00:00', 'comments'),
(3472, 126, 'Ahhxudiidjdjd', 21, '2015-12-16 07:02:08', '0000-00-00 00:00:00', 'comments'),
(3473, 126, 'Jejddhd\nBsbdjdhdhdhdhd', 21, '2015-12-16 07:02:11', '0000-00-00 00:00:00', 'comments'),
(3474, 126, 'Djjdjdjdphsnpbspbpshs\nDnlsnpnspnss\nDndlnspndpjd\nNspnpnpdnpjdpnd', 21, '2015-12-16 07:02:19', '0000-00-00 00:00:00', 'comments'),
(3475, 126, 'Gicivivivib', 21, '2015-12-16 07:06:37', '0000-00-00 00:00:00', 'comments'),
(3476, 126, 'Oibovobbobo', 16, '2015-12-16 07:08:00', '0000-00-00 00:00:00', 'comments'),
(3477, 126, 'Iffivign', 22, '2015-12-16 07:10:14', '0000-00-00 00:00:00', 'comments'),
(3478, 126, 'Gogohogogoh\nNononob', 22, '2015-12-16 07:10:18', '0000-00-00 00:00:00', 'comments'),
(3479, 126, 'Hhhjhhhujhhh', 20, '2015-12-16 07:13:11', '0000-00-00 00:00:00', 'comments'),
(3480, 126, 'Hjhibib\nNinibibbib\nNonononon', 20, '2015-12-16 07:13:17', '0000-00-00 00:00:00', 'comments'),
(3481, 126, 'Hhhhhbhn jbbhjhh', 16, '2015-12-16 07:14:49', '0000-00-00 00:00:00', 'comments'),
(3482, 126, 'Hobbibobbobbob', 16, '2015-12-16 07:14:52', '0000-00-00 00:00:00', 'comments'),
(3483, 126, 'Bobobbbo', 22, '2015-12-16 07:17:04', '0000-00-00 00:00:00', 'comments'),
(3484, 126, 'Boo', 22, '2015-12-16 07:17:06', '0000-00-00 00:00:00', 'comments'),
(3485, 126, 'Npnp', 22, '2015-12-16 07:17:08', '0000-00-00 00:00:00', 'comments'),
(3486, 126, 'Fiigo\nOgobov', 22, '2015-12-16 07:17:19', '0000-00-00 00:00:00', 'comments'),
(3487, 126, 'Cviivi\nBobobo', 22, '2015-12-16 07:28:25', '0000-00-00 00:00:00', 'comments'),
(3488, 126, 'Lbblbbob\nNonobobon\nObobbob', 22, '2015-12-16 07:28:29', '0000-00-00 00:00:00', 'comments'),
(3489, 126, 'Vkvkvlb\nPnpn\nPpnobo\n', 22, '2015-12-16 07:28:40', '0000-00-00 00:00:00', 'comments'),
(3490, 126, 'Test', 31, '2015-12-16 07:30:28', '0000-00-00 00:00:00', 'comments'),
(3491, 126, 'Test a\nTest b', 31, '2015-12-16 07:30:46', '0000-00-00 00:00:00', 'comments'),
(3492, 126, 'Tet\nDjjdjdd\nJdjdjdkd', 31, '2015-12-16 07:31:23', '0000-00-00 00:00:00', 'comments'),
(3493, 126, 'T', 31, '2015-12-16 07:50:02', '0000-00-00 00:00:00', 'comments'),
(3494, 126, 'Figiblbobl\nHoho', 31, '2015-12-16 07:50:15', '0000-00-00 00:00:00', 'comments'),
(3495, 126, 'Test', 29, '2015-12-16 07:52:45', '0000-00-00 00:00:00', 'comments'),
(3496, 126, 'Vivvivig\nBbibi', 29, '2015-12-16 07:54:54', '0000-00-00 00:00:00', 'comments'),
(3497, 126, 'Tree', 31, '2015-12-16 07:57:06', '0000-00-00 00:00:00', 'comments'),
(3498, 126, 'Phhoghoh', 31, '2015-12-16 07:57:10', '0000-00-00 00:00:00', 'comments'),
(3499, 126, 'Iiigibbibivivlv', 31, '2015-12-16 07:57:23', '0000-00-00 00:00:00', 'comments'),
(3500, 126, 'Obobobo', 31, '2015-12-16 07:59:46', '0000-00-00 00:00:00', 'comments'),
(3501, 126, 'Cviviviv', 30, '2015-12-16 08:00:48', '0000-00-00 00:00:00', 'comments'),
(3502, 126, 'Bobobobon\nOnonobbp', 30, '2015-12-16 08:00:53', '0000-00-00 00:00:00', 'comments'),
(3503, 126, 'Blboponbl', 30, '2015-12-16 08:00:57', '0000-00-00 00:00:00', 'comments'),
(3504, 126, 'Hjhhooboh', 30, '2015-12-16 08:48:11', '0000-00-00 00:00:00', 'comments'),
(3505, 126, 'Vibibigobibobno\nNononon', 30, '2015-12-16 08:48:18', '0000-00-00 00:00:00', 'comments'),
(3506, 126, 'Obobbobib', 30, '2015-12-16 08:48:22', '0000-00-00 00:00:00', 'comments'),
(3507, 126, 'Hobbonp', 30, '2015-12-16 08:48:27', '0000-00-00 00:00:00', 'comments'),
(3508, 126, 'Hobbobb\nNononono', 30, '2015-12-16 08:48:31', '0000-00-00 00:00:00', 'comments'),
(3509, 126, 'Voibi\nNpn\nNonon\nHonon\nBinib\nBibib', 30, '2015-12-16 08:48:40', '0000-00-00 00:00:00', 'comments'),
(3510, 126, 'Uvuvvu\nNinib\nNinib\nNonhubo\nNinni', 30, '2015-12-16 08:54:06', '0000-00-00 00:00:00', 'comments'),
(3511, 126, 'Bibobbo', 30, '2015-12-16 08:54:12', '0000-00-00 00:00:00', 'comments'),
(3512, 126, 'Test', 31, '2015-12-16 09:01:45', '0000-00-00 00:00:00', 'comments'),
(3513, 126, 'Est', 31, '2015-12-16 09:02:11', '0000-00-00 00:00:00', 'comments'),
(3514, 126, 'Test', 31, '2015-12-16 09:03:08', '0000-00-00 00:00:00', 'comments'),
(3515, 126, 'Test', 31, '2015-12-16 09:03:58', '0000-00-00 00:00:00', 'comments'),
(3516, 126, 'Biibiibbi\nBobobob\nBonoboo', 31, '2015-12-16 09:04:04', '0000-00-00 00:00:00', 'comments'),
(3517, 126, 'Bubihvi', 31, '2015-12-16 09:04:10', '0000-00-00 00:00:00', 'comments'),
(3518, 126, 'Bibibibbib\nOnnnonbi\nBibibbibi\nNonojino', 31, '2015-12-16 09:04:19', '0000-00-00 00:00:00', 'comments'),
(3519, 126, 'Test\nTest', 31, '2015-12-16 09:05:34', '0000-00-00 00:00:00', 'comments'),
(3520, 126, 'Abc\nAuh\nUhn', 31, '2015-12-16 09:05:55', '0000-00-00 00:00:00', 'comments'),
(3521, 126, 'Test', 31, '2015-12-16 09:06:48', '0000-00-00 00:00:00', 'comments'),
(3522, 126, 'Abc\nJjh', 31, '2015-12-16 09:06:54', '0000-00-00 00:00:00', 'comments'),
(3523, 126, 'Huhjh\nHjj\nHjjj', 31, '2015-12-16 09:07:00', '0000-00-00 00:00:00', 'comments'),
(3524, 126, 'Ghhh\nJjjj\nHjh\nHjhjj', 31, '2015-12-16 09:07:07', '0000-00-00 00:00:00', 'comments'),
(3525, 126, 'Bbhj\nHjjj\nHjhj\nHjhj\nHjjj', 31, '2015-12-16 09:07:15', '0000-00-00 00:00:00', 'comments'),
(3526, 126, 'Hjnj\nHjh\nHjjj\nJjj\nJjj\nHjj', 31, '2015-12-16 09:07:24', '0000-00-00 00:00:00', 'comments'),
(3527, 126, 'Hhhh', 31, '2015-12-16 09:09:04', '0000-00-00 00:00:00', 'comments'),
(3528, 126, 'Ghhhhhhkh\nHhh', 31, '2015-12-16 09:09:12', '0000-00-00 00:00:00', 'comments'),
(3529, 126, 'Hjjjj', 31, '2015-12-16 09:09:15', '0000-00-00 00:00:00', 'comments'),
(3530, 126, 'Ghivvibuv\nBobbibib\nBonobo', 31, '2015-12-16 09:09:20', '0000-00-00 00:00:00', 'comments'),
(3531, 126, 'Pnnono\nNpnonob\nNppno\nNonoon', 31, '2015-12-16 09:09:27', '0000-00-00 00:00:00', 'comments'),
(3532, 126, 'Test', 31, '2015-12-16 09:11:28', '0000-00-00 00:00:00', 'comments'),
(3533, 126, 'Tghhh\nHjjjjj', 31, '2015-12-16 09:11:33', '0000-00-00 00:00:00', 'comments'),
(3534, 126, 'Rest', 31, '2015-12-16 09:15:12', '0000-00-00 00:00:00', 'comments'),
(3535, 126, 'Test', 31, '2015-12-16 09:18:20', '0000-00-00 00:00:00', 'comments'),
(3536, 126, 'Test', 31, '2015-12-16 09:19:13', '0000-00-00 00:00:00', 'comments'),
(3537, 126, 'Avc\nNhj', 31, '2015-12-16 09:19:20', '0000-00-00 00:00:00', 'comments'),
(3538, 126, 'Test', 31, '2015-12-16 09:21:50', '0000-00-00 00:00:00', 'comments'),
(3539, 126, 'Tahshshh\nHxjxjdhdjdjd', 31, '2015-12-16 09:21:58', '0000-00-00 00:00:00', 'comments'),
(3540, 126, 'Bibibvib', 31, '2015-12-16 09:23:07', '0000-00-00 00:00:00', 'comments'),
(3541, 126, 'Hoobbibi\nNbnibib', 31, '2015-12-16 09:23:11', '0000-00-00 00:00:00', 'comments'),
(3542, 126, 'Bobbonob\nOnnonib\nObobib', 31, '2015-12-16 09:23:17', '0000-00-00 00:00:00', 'comments'),
(3543, 126, 'Ohhohohojoh\nMpnplpoj\nNonono\nNonohoobo\nObobobbohbo', 31, '2015-12-16 09:23:41', '0000-00-00 00:00:00', 'comments'),
(3544, 126, 'Iibbiibbibiibib', 31, '2015-12-16 09:30:44', '0000-00-00 00:00:00', 'comments'),
(3545, 126, 'Nononoonon\nNobibiobboobno', 31, '2015-12-16 09:30:49', '0000-00-00 00:00:00', 'comments'),
(3546, 126, 'Noonnonoononnonono\nJnobonononononono\nNonoonnononobobono', 31, '2015-12-16 09:30:59', '0000-00-00 00:00:00', 'comments'),
(3547, 126, 'Buibohhi', 31, '2015-12-16 09:31:28', '0000-00-00 00:00:00', 'comments'),
(3548, 126, 'Hjhjikhj vivvivv bibibi hjoib noonon nonon nnni nonon', 31, '2015-12-16 09:31:39', '0000-00-00 00:00:00', 'comments'),
(3549, 126, 'Bibbbibib', 30, '2015-12-16 09:35:58', '0000-00-00 00:00:00', 'comments'),
(3550, 126, 'Nnnon\nInibibi', 30, '2015-12-16 09:36:01', '0000-00-00 00:00:00', 'comments'),
(3551, 126, 'Ivbobo\nNonononon', 30, '2015-12-16 09:36:05', '0000-00-00 00:00:00', 'comments'),
(3552, 126, 'Boiibib\nBibbi\nHohih\nInibib', 30, '2015-12-16 09:36:10', '0000-00-00 00:00:00', 'comments'),
(3553, 126, 'Test', 31, '2015-12-16 09:38:14', '0000-00-00 00:00:00', 'comments'),
(3554, 126, 'Test', 31, '2015-12-16 09:41:15', '0000-00-00 00:00:00', 'comments'),
(3555, 126, 'Hdhndndjdjdjjdjdn\nDjdjdjdjdndjd', 31, '2015-12-16 09:41:20', '0000-00-00 00:00:00', 'comments'),
(3556, 126, 'Fifkfig\nBllbohh\nBlbbli\nBububbibibibubbin\nNnininininni', 31, '2015-12-16 09:44:37', '0000-00-00 00:00:00', 'comments'),
(3557, 126, 'Vivubibbi', 31, '2015-12-16 09:45:57', '0000-00-00 00:00:00', 'comments'),
(3558, 126, 'Ivbibibiib\nInibbbib', 31, '2015-12-16 09:49:39', '0000-00-00 00:00:00', 'comments'),
(3559, 126, 'Ononobno\nOnnnoon\nOnonnono\nOnononono', 31, '2015-12-16 09:49:49', '0000-00-00 00:00:00', 'comments'),
(3560, 126, 'Test', 29, '2015-12-16 09:51:07', '0000-00-00 00:00:00', 'comments'),
(3561, 126, 'Igiibbibi', 29, '2015-12-16 09:51:11', '0000-00-00 00:00:00', 'comments'),
(3562, 126, 'Nobobb\nBoobo', 29, '2015-12-16 09:51:15', '0000-00-00 00:00:00', 'comments'),
(3563, 126, 'Bobobob\nBonni\nOnonno', 29, '2015-12-16 09:51:21', '0000-00-00 00:00:00', 'comments'),
(3564, 126, 'Covibig\nOnohob\nHononon', 29, '2015-12-16 09:51:29', '0000-00-00 00:00:00', 'comments'),
(3565, 126, 'Ibobobobihi\nNononnon\nBoobib', 29, '2015-12-16 09:51:37', '0000-00-00 00:00:00', 'comments'),
(3566, 126, 'Obobo', 29, '2015-12-16 09:51:39', '0000-00-00 00:00:00', 'comments'),
(3567, 126, 'T', 29, '2015-12-16 09:51:44', '0000-00-00 00:00:00', 'comments'),
(3568, 126, 'Test', 31, '2015-12-16 09:52:45', '0000-00-00 00:00:00', 'comments'),
(3569, 126, 'Bibibi\nOnnonnonno', 31, '2015-12-16 09:53:00', '0000-00-00 00:00:00', 'comments'),
(3570, 126, 'Test', 31, '2015-12-16 09:54:55', '0000-00-00 00:00:00', 'comments'),
(3571, 126, 'Testing\nNhjnj', 31, '2015-12-16 09:55:01', '0000-00-00 00:00:00', 'comments'),
(3572, 126, 'Ibibbibibibb', 31, '2015-12-16 09:55:23', '0000-00-00 00:00:00', 'comments'),
(3573, 126, 'Hhibibib', 31, '2015-12-16 09:57:18', '0000-00-00 00:00:00', 'comments'),
(3574, 126, 'Tst', 31, '2015-12-16 09:58:12', '0000-00-00 00:00:00', 'comments'),
(3575, 126, 'Thhjk\nJjjjjj', 31, '2015-12-16 09:58:17', '0000-00-00 00:00:00', 'comments'),
(3576, 126, 'Ghhjjjk\n\nIjjjj', 31, '2015-12-16 09:58:23', '0000-00-00 00:00:00', 'comments'),
(3577, 126, 'Hjhjhhbihjhk\nHjnjjj\nHjjjkk\nHjjjjk', 31, '2015-12-16 09:58:43', '0000-00-00 00:00:00', 'comments'),
(3578, 126, 'Test', 31, '2015-12-16 09:59:15', '0000-00-00 00:00:00', 'comments'),
(3579, 126, 'Djjdjd\nJdkdjdj', 31, '2015-12-16 09:59:20', '0000-00-00 00:00:00', 'comments'),
(3580, 126, 'Dhh\nGgg\nGhhj', 31, '2015-12-16 10:00:08', '0000-00-00 00:00:00', 'comments'),
(3581, 126, 'Test', 31, '2015-12-16 10:05:54', '0000-00-00 00:00:00', 'comments'),
(3582, 126, 'Anc\nSms', 31, '2015-12-16 10:05:57', '0000-00-00 00:00:00', 'comments'),
(3583, 126, 'Mskd\nDjkd\nDkkkd', 31, '2015-12-16 10:06:02', '0000-00-00 00:00:00', 'comments'),
(3584, 126, 'Test', 31, '2015-12-16 10:06:57', '0000-00-00 00:00:00', 'comments'),
(3585, 126, 'Fudjd\nHsushshsjd', 31, '2015-12-16 10:07:10', '0000-00-00 00:00:00', 'comments'),
(3586, 126, 'Tayshsjus\nJsjajaja\nHajajajaha\nHajsjajshs\nJajajajsjs', 31, '2015-12-16 10:07:28', '0000-00-00 00:00:00', 'comments'),
(3587, 126, 'Ijdidkkdkdkdkdkdkkdkdkdkkd', 31, '2015-12-16 10:09:53', '0000-00-00 00:00:00', 'comments'),
(3588, 126, 'Kdkdkdkkd', 31, '2015-12-16 10:10:00', '0000-00-00 00:00:00', 'comments'),
(3589, 126, 'Ldldldllflflf', 31, '2015-12-16 10:10:03', '0000-00-00 00:00:00', 'comments'),
(3590, 126, 'Ldlflfllf', 31, '2015-12-16 10:10:06', '0000-00-00 00:00:00', 'comments'),
(3591, 126, 'Lflflfflfllflfllfklf\nKfkfkf', 31, '2015-12-16 10:10:12', '0000-00-00 00:00:00', 'comments'),
(3592, 126, 'Tggghh\nGvb\nGffg', 31, '2015-12-16 10:14:21', '0000-00-00 00:00:00', 'comments'),
(3593, 126, 'Fhbgh\nDffggg\nVvvbgg', 31, '2015-12-16 10:14:29', '0000-00-00 00:00:00', 'comments'),
(3594, 126, 'Jdkdjdhdjd\nJsdjds\nDjdjjdjdjd\nHdhdjdjdjd', 31, '2015-12-16 10:14:39', '0000-00-00 00:00:00', 'comments'),
(3595, 126, 'Test', 31, '2015-12-16 10:16:42', '0000-00-00 00:00:00', 'comments'),
(3596, 126, 'Ckvicvo', 31, '2015-12-16 10:16:46', '0000-00-00 00:00:00', 'comments'),
(3597, 126, 'Gogoh\nBobbobob', 31, '2015-12-16 10:16:51', '0000-00-00 00:00:00', 'comments'),
(3598, 126, 'Bobblbnp', 31, '2015-12-16 10:17:41', '0000-00-00 00:00:00', 'comments'),
(3599, 126, 'Bobobo\nPbobobbo', 31, '2015-12-16 10:17:46', '0000-00-00 00:00:00', 'comments'),
(3600, 126, 'Test', 31, '2015-12-16 10:18:32', '0000-00-00 00:00:00', 'comments'),
(3601, 126, 'Gigihohihhoh\nGoighih', 31, '2015-12-16 10:18:39', '0000-00-00 00:00:00', 'comments'),
(3602, 126, 'Hoigog\nIgiv\nGigihi', 31, '2015-12-16 10:18:46', '0000-00-00 00:00:00', 'comments'),
(3603, 126, 'Bonobnobo', 32, '2015-12-16 10:21:20', '0000-00-00 00:00:00', 'comments'),
(3604, 126, 'Bvobv\nBlbobob', 32, '2015-12-16 10:21:26', '0000-00-00 00:00:00', 'comments'),
(3605, 126, 'Hohohogi\nObob\nBlono', 32, '2015-12-16 10:21:31', '0000-00-00 00:00:00', 'comments'),
(3606, 126, 'Bobbi\nBobob\nBobob\nBobob', 32, '2015-12-16 10:21:37', '0000-00-00 00:00:00', 'comments'),
(3607, 126, 'Boboibib', 32, '2015-12-16 10:21:53', '0000-00-00 00:00:00', 'comments'),
(3608, 126, 'Vibibi\nBobobobi\nBobbin', 32, '2015-12-16 10:22:20', '0000-00-00 00:00:00', 'comments'),
(3609, 126, 'Bibibib', 32, '2015-12-16 10:26:12', '0000-00-00 00:00:00', 'comments'),
(3610, 126, 'Hohohoo\nNpjono', 32, '2015-12-16 10:26:17', '0000-00-00 00:00:00', 'comments'),
(3611, 126, 'Bobobo\nNpboon', 32, '2015-12-16 10:26:25', '0000-00-00 00:00:00', 'comments'),
(3612, 126, 'Bogogogigig', 32, '2015-12-16 10:26:31', '0000-00-00 00:00:00', 'comments'),
(3613, 126, 'Vivogogi\nPhogogoh', 32, '2015-12-16 10:26:36', '0000-00-00 00:00:00', 'comments'),
(3614, 126, 'Test', 32, '2015-12-16 10:27:26', '0000-00-00 00:00:00', 'comments'),
(3615, 126, 'Viv\nObobo', 32, '2015-12-16 10:27:31', '0000-00-00 00:00:00', 'comments'),
(3616, 126, 'Test', 32, '2015-12-16 10:28:15', '0000-00-00 00:00:00', 'comments'),
(3617, 126, 'Test\nRest', 32, '2015-12-16 10:28:22', '0000-00-00 00:00:00', 'comments'),
(3618, 126, 'Test \n\nHjhj', 32, '2015-12-16 10:28:29', '0000-00-00 00:00:00', 'comments'),
(3619, 126, 'Test', 32, '2015-12-16 10:34:02', '0000-00-00 00:00:00', 'comments'),
(3620, 126, 'Test\nTest', 32, '2015-12-16 10:35:17', '0000-00-00 00:00:00', 'comments'),
(3621, 126, 'Test', 32, '2015-12-16 10:36:20', '0000-00-00 00:00:00', 'comments'),
(3622, 126, 'Test\nTest', 32, '2015-12-16 10:36:29', '0000-00-00 00:00:00', 'comments'),
(3623, 126, 'Test', 32, '2015-12-16 10:37:28', '0000-00-00 00:00:00', 'comments'),
(3624, 126, 'Test\nTest', 32, '2015-12-16 10:37:33', '0000-00-00 00:00:00', 'comments'),
(3625, 126, 'Test \nTest\nTest', 32, '2015-12-16 10:37:40', '0000-00-00 00:00:00', 'comments'),
(3626, 126, 'Testing', 32, '2015-12-17 01:16:33', '0000-00-00 00:00:00', 'comments'),
(3627, 126, 'Ok\nOko\nOk', 32, '2015-12-17 01:16:38', '0000-00-00 00:00:00', 'comments'),
(3628, 126, 'Ujjjkl\nJjj\nJjjj', 32, '2015-12-17 01:16:45', '0000-00-00 00:00:00', 'comments'),
(3629, 126, 'Jjjk\nJkkk', 32, '2015-12-17 01:16:50', '0000-00-00 00:00:00', 'comments'),
(3630, 126, 'Hjjj\nJjj\nH\n\nJ\n\nJ', 32, '2015-12-17 01:16:56', '0000-00-00 00:00:00', 'comments'),
(3631, 126, 'H\nJ\nJ\nJ', 32, '2015-12-17 01:17:07', '0000-00-00 00:00:00', 'comments'),
(3632, 126, 'J\nJ\nJ\nJ\nJ\nN\nK\nK', 32, '2015-12-17 01:17:18', '0000-00-00 00:00:00', 'comments'),
(3633, 126, 'Yest', 32, '2015-12-17 06:04:08', '0000-00-00 00:00:00', 'comments'),
(3634, 126, 'Kbi\nPnpo\nObo', 32, '2015-12-17 06:05:41', '0000-00-00 00:00:00', 'comments'),
(3635, 126, 'Hxbxjdd\nMcmcmdhd', 32, '2015-12-17 06:06:44', '0000-00-00 00:00:00', 'comments'),
(3636, 126, 'Jdkdjdhd\nKdkdjdk\nJdkdjjdjd', 32, '2015-12-17 06:06:48', '0000-00-00 00:00:00', 'comments'),
(3637, 126, 'Test', 32, '2015-12-17 06:09:17', '0000-00-00 00:00:00', 'comments'),
(3638, 126, 'Test', 32, '2015-12-17 06:16:31', '0000-00-00 00:00:00', 'comments'),
(3639, 126, 'Ivivigig\nBobbobib', 32, '2015-12-17 06:16:55', '0000-00-00 00:00:00', 'comments'),
(3640, 126, 'Vio\nNonpn\nNpnpn', 32, '2015-12-17 06:18:03', '0000-00-00 00:00:00', 'comments'),
(3641, 126, 'Test', 32, '2015-12-17 06:19:18', '0000-00-00 00:00:00', 'comments'),
(3642, 126, 'Civiciviviv\nVibbbob', 32, '2015-12-17 06:19:31', '0000-00-00 00:00:00', 'comments'),
(3643, 126, 'Test', 32, '2015-12-17 06:20:23', '0000-00-00 00:00:00', 'comments'),
(3644, 126, 'Vkvivibib\nGoogobho', 32, '2015-12-17 06:20:29', '0000-00-00 00:00:00', 'comments'),
(3645, 126, 'Tyyhhh\nHhhjh', 32, '2015-12-17 06:30:21', '0000-00-00 00:00:00', 'comments'),
(3646, 126, 'Hjjj', 32, '2015-12-17 06:31:25', '0000-00-00 00:00:00', 'comments'),
(3647, 126, 'Tyhh\nHjhj', 32, '2015-12-17 06:31:28', '0000-00-00 00:00:00', 'comments'),
(3648, 126, 'Viviv\nBinob\nNoobn', 32, '2015-12-17 06:31:37', '0000-00-00 00:00:00', 'comments'),
(3649, 126, 'Hojoh\nNpmpnp\nNpnpn', 32, '2015-12-17 06:32:02', '0000-00-00 00:00:00', 'comments'),
(3650, 126, 'Test', 32, '2015-12-17 06:38:34', '0000-00-00 00:00:00', 'comments'),
(3651, 126, 'Jajaka\nAkakaka', 32, '2015-12-17 06:38:37', '0000-00-00 00:00:00', 'comments'),
(3652, 126, 'Hshshs\nKskdjdkd', 32, '2015-12-17 06:39:42', '0000-00-00 00:00:00', 'comments'),
(3653, 126, 'Test', 32, '2015-12-17 06:39:45', '0000-00-00 00:00:00', 'comments'),
(3654, 126, 'Hshshs\nSkkskdkd\nJdkdjkd', 32, '2015-12-17 06:39:56', '0000-00-00 00:00:00', 'comments'),
(3655, 126, 'Xjxjdjjdjd\nJdjjd\nJdkjdjd\nJdkdjjd\nKdjdjjd\nKskdjkd\nJdkdjkd\nJdjdjdk\nKdkdjdkd', 32, '2015-12-17 06:40:15', '0000-00-00 00:00:00', 'comments'),
(3656, 126, 'Jdjdjdjd\nKdkdjdkd', 32, '2015-12-17 06:40:36', '0000-00-00 00:00:00', 'comments'),
(3657, 126, 'Gggg', 32, '2015-12-17 06:40:39', '0000-00-00 00:00:00', 'comments'),
(3658, 126, 'Jdjdjjd\nDjdjkdkd', 32, '2015-12-17 06:40:43', '0000-00-00 00:00:00', 'comments'),
(3659, 126, 'Cfcc\nCcchrtfff\nFfftrf', 32, '2015-12-17 06:41:05', '0000-00-00 00:00:00', 'comments'),
(3660, 126, 'Nsdkffkfkff\nFmcgf\nMckcmfmf\nFkkckfkc', 32, '2015-12-17 06:43:53', '0000-00-00 00:00:00', 'comments'),
(3661, 126, 'Hdjdjd\nFmfjfkf\nFkfkdkfk\nKckdkdkf', 32, '2015-12-17 06:44:10', '0000-00-00 00:00:00', 'comments'),
(3662, 126, 'Test', 32, '2015-12-17 06:44:57', '0000-00-00 00:00:00', 'comments'),
(3663, 126, 'Jdkdjd\nFkfkkdkd', 32, '2015-12-17 06:45:01', '0000-00-00 00:00:00', 'comments'),
(3664, 126, 'Jfkdjfkfkfkf\nMgkkfkjfkfkf\nFjfkkfkdkf', 32, '2015-12-17 06:45:14', '0000-00-00 00:00:00', 'comments'),
(3665, 126, 'Krorogo\nJjfkgk\nKfkfjfkf\nJfgkgkg', 32, '2015-12-17 06:45:29', '0000-00-00 00:00:00', 'comments'),
(3666, 126, 'Xnndmd\nCkckfjf\nJjjf\nFjfjjff\nFjfjdjkff', 32, '2015-12-17 06:45:43', '0000-00-00 00:00:00', 'comments'),
(3667, 126, 'Djdjdjddjdjdjjd\nJddjdjdjf', 32, '2015-12-17 06:52:00', '0000-00-00 00:00:00', 'comments'),
(3668, 126, 'Yrf', 32, '2015-12-17 06:53:26', '0000-00-00 00:00:00', 'comments'),
(3669, 126, 'Jjjj\nHjjj', 32, '2015-12-17 06:53:29', '0000-00-00 00:00:00', 'comments'),
(3670, 126, 'Jjjj\nJjj\nHhhj', 32, '2015-12-17 06:53:33', '0000-00-00 00:00:00', 'comments'),
(3671, 126, 'Bjkk\nJjjj\nHhh\nHjj', 32, '2015-12-17 06:53:40', '0000-00-00 00:00:00', 'comments'),
(3672, 126, 'Hhhh', 32, '2015-12-17 06:56:50', '0000-00-00 00:00:00', 'comments'),
(3673, 126, 'Jjjjj\nHjjjj', 32, '2015-12-17 06:56:54', '0000-00-00 00:00:00', 'comments'),
(3674, 126, 'Jjjjj\nJjjj\nHjjjj', 32, '2015-12-17 06:56:59', '0000-00-00 00:00:00', 'comments'),
(3675, 126, 'Hjhjj\nHjjj\nHjjj\nHjjj', 32, '2015-12-17 06:57:07', '0000-00-00 00:00:00', 'comments'),
(3676, 1, '7', 32, '2015-12-17 07:13:29', '0000-00-00 00:00:00', 'comments'),
(3677, 1, 'adasdasd\ndasdasdasd\nadasdas', 32, '2015-12-17 07:17:09', '0000-00-00 00:00:00', 'comments'),
(3678, 126, 'Testing', 32, '2015-12-17 08:42:39', '0000-00-00 00:00:00', 'comments'),
(3679, 126, 'Ok', 32, '2015-12-17 10:34:45', '0000-00-00 00:00:00', 'comments'),
(3680, 126, 'Ikj\nJjjjj\nJjjjj', 32, '2015-12-17 10:34:50', '0000-00-00 00:00:00', 'comments'),
(3681, 126, 'Bjkko\nJjkjjk\nJjjjjj', 32, '2015-12-17 10:34:55', '0000-00-00 00:00:00', 'comments'),
(3682, 126, 'Hkkjjjk\nHjjjhhh\nHijjjjjj', 32, '2015-12-17 10:35:01', '0000-00-00 00:00:00', 'comments'),
(3683, 126, 'Test', 32, '2015-12-18 04:27:10', '0000-00-00 00:00:00', 'comments'),
(3684, 1, '3', 33, '2015-12-18 07:24:17', '0000-00-00 00:00:00', 'comments'),
(3685, 126, 'Ghibibihb\nNnno\nNpnnon\nNpnonoj\nMmoj\nNnpnjo\nNpnpnobnoonon\nNonob\nNonon\n', 33, '2015-12-21 02:56:41', '0000-00-00 00:00:00', 'comments'),
(3686, 126, 'Tfccccv', 32, '2015-12-21 03:24:05', '0000-00-00 00:00:00', 'comments'),
(3687, 126, 'Yggvvv\nHhhh\nGghhh\nHhhju', 32, '2015-12-21 03:24:22', '0000-00-00 00:00:00', 'comments'),
(3688, 126, 'Ol', 34, '2015-12-21 03:25:32', '0000-00-00 00:00:00', 'comments'),
(3689, 126, 'Kfkdjxkx', 34, '2015-12-21 03:25:41', '0000-00-00 00:00:00', 'comments'),
(3690, 126, 'Nick', 34, '2015-12-21 03:27:04', '0000-00-00 00:00:00', 'comments'),
(3691, 126, 'Test', 34, '2015-12-21 03:27:12', '0000-00-00 00:00:00', 'comments'),
(3692, 126, 'Test', 34, '2015-12-21 03:27:52', '0000-00-00 00:00:00', 'comments'),
(3693, 126, 'Pl', 34, '2015-12-21 03:27:55', '0000-00-00 00:00:00', 'comments'),
(3694, 126, 'Uccviviv\nBononobo\nNoonon', 34, '2015-12-21 03:32:01', '0000-00-00 00:00:00', 'comments'),
(3695, 126, 'B', 34, '2015-12-21 03:32:06', '0000-00-00 00:00:00', 'comments'),
(3696, 126, 'Hjjjjjjkk', 34, '2015-12-21 03:32:16', '0000-00-00 00:00:00', 'comments'),
(3697, 126, 'Na onons ona nosn okoan onon pnap npk p pnpa napn pna lmalm pan pmpam mmna pan pmmpmm mpm s aa\nAcaxax', 34, '2015-12-21 03:34:29', '0000-00-00 00:00:00', 'comments'),
(3698, 126, 'Djfjfjfjf', 34, '2015-12-21 03:39:17', '0000-00-00 00:00:00', 'comments'),
(3699, 126, 'Obobobono', 29, '2015-12-21 03:44:56', '0000-00-00 00:00:00', 'comments'),
(3700, 126, 'Hxbxnxnx', 34, '2015-12-21 04:04:45', '0000-00-00 00:00:00', 'comments'),
(3701, 126, 'Bibib', 34, '2015-12-21 04:11:05', '0000-00-00 00:00:00', 'comments'),
(3702, 126, 'Eveve', 34, '2015-12-21 04:13:19', '0000-00-00 00:00:00', 'comments'),
(3703, 126, 'Ushdjd', 33, '2015-12-21 04:15:17', '0000-00-00 00:00:00', 'comments'),
(3704, 126, 'Tsgshhs', 34, '2015-12-21 04:18:28', '0000-00-00 00:00:00', 'comments'),
(3705, 126, 'Nono', 34, '2015-12-21 04:18:39', '0000-00-00 00:00:00', 'comments'),
(3706, 126, 'Yea', 33, '2015-12-21 04:22:37', '0000-00-00 00:00:00', 'comments'),
(3707, 126, 'Hsjdjd', 33, '2015-12-21 04:22:57', '0000-00-00 00:00:00', 'comments'),
(3708, 126, 'Ghhjjk', 34, '2015-12-21 04:28:32', '0000-00-00 00:00:00', 'comments'),
(3709, 126, 'Rest', 34, '2015-12-21 04:29:43', '0000-00-00 00:00:00', 'comments'),
(3710, 126, 'Test', 34, '2015-12-21 04:32:25', '0000-00-00 00:00:00', 'comments'),
(3711, 126, 'Tet', 34, '2015-12-21 04:33:44', '0000-00-00 00:00:00', 'comments'),
(3712, 126, 'Gigogi\nBonbo', 34, '2015-12-21 04:34:14', '0000-00-00 00:00:00', 'comments'),
(3713, 126, 'Test', 34, '2015-12-21 06:00:48', '0000-00-00 00:00:00', 'comments'),
(3714, 126, 'Test', 34, '2015-12-21 06:01:26', '0000-00-00 00:00:00', 'comments'),
(3715, 126, '$$3$/&/&\nKxmxmxmxkz', 34, '2015-12-21 06:01:33', '0000-00-00 00:00:00', 'comments'),
(3716, 126, 'Hehdjdjdj ', 32, '2015-12-21 06:02:08', '0000-00-00 00:00:00', 'comments'),
(3717, 126, 'Djdjjdjd\nDjdjdjdj\nKdkdjdkdjd\nDjjdjdjdjdjd\nKdkdjdkdjdjkd\n', 32, '2015-12-21 06:02:29', '0000-00-00 00:00:00', 'comments'),
(3718, 126, 'Dhhdjdjd\nNdndjdhd\nJdkdjdk', 32, '2015-12-21 06:02:48', '0000-00-00 00:00:00', 'comments'),
(3719, 126, 'Jdjdjd\nKdkdjdd', 34, '2015-12-21 06:04:16', '0000-00-00 00:00:00', 'comments'),
(3720, 126, 'Kckcmckc\nKckckc\nJckckcjc', 34, '2015-12-21 06:04:20', '0000-00-00 00:00:00', 'comments'),
(3721, 126, 'Jckcmc\nKckcck\nKcckc\nKkjc', 34, '2015-12-21 06:04:30', '0000-00-00 00:00:00', 'comments'),
(3722, 126, 'Jckckcckf\nKckcckkckc\nKckcmcmc\nKckckckckc\nKckckckckckkc\n', 34, '2015-12-21 06:04:37', '0000-00-00 00:00:00', 'comments'),
(3723, 126, 'Jfkffjfjfjjfjfjf\nChcjcjcjdj\nCnjckckckckc\nNjckckjcc\nKckckckfkf\nMckkckckc\nJckjnkfc', 34, '2015-12-21 06:04:50', '0000-00-00 00:00:00', 'comments'),
(3724, 126, 'Bxdhdjdjdj\nDjxjdjdjd\nNckdjdkdfjd\nDkckcjckdc', 34, '2015-12-21 06:06:08', '0000-00-00 00:00:00', 'comments'),
(3725, 126, 'Jfkdjdndjd\nDkxjdjdk\nJdkdjdkdkd\nMdkdjdkd\nMdkdjdkdjd\nNjfkdjd\nCkxkdjd\nJdjdjdjdjf', 34, '2015-12-21 06:07:19', '0000-00-00 00:00:00', 'comments'),
(3726, 126, 'Vibibig\nNininib\nNinnin\nNnoni\nNonibi', 34, '2015-12-21 06:09:33', '0000-00-00 00:00:00', 'comments'),
(3727, 126, 'Trdt', 34, '2015-12-21 06:13:15', '0000-00-00 00:00:00', 'comments'),
(3728, 126, 'Test', 34, '2015-12-21 06:13:24', '0000-00-00 00:00:00', 'comments'),
(3729, 126, 'Bobob', 34, '2015-12-21 06:13:33', '0000-00-00 00:00:00', 'comments'),
(3730, 126, 'Dsd', 34, '2015-12-21 06:14:41', '0000-00-00 00:00:00', 'comments'),
(3731, 126, 'Test', 34, '2015-12-21 06:16:01', '0000-00-00 00:00:00', 'comments'),
(3732, 126, 'Test', 34, '2015-12-21 06:16:42', '0000-00-00 00:00:00', 'comments'),
(3733, 126, 'Bbibi\nBbibi', 34, '2015-12-21 06:17:11', '0000-00-00 00:00:00', 'comments'),
(3734, 126, 'Test', 34, '2015-12-21 06:17:53', '0000-00-00 00:00:00', 'comments'),
(3735, 126, 'Dfhh\nJjjjjkjj\nHjkk', 34, '2015-12-21 06:18:03', '0000-00-00 00:00:00', 'comments'),
(3736, 126, 'Hjjjj\nHjjk\nNjjj\nHjjjj\nHjjj', 34, '2015-12-21 06:18:12', '0000-00-00 00:00:00', 'comments'),
(3737, 126, 'Test', 34, '2015-12-21 06:19:20', '0000-00-00 00:00:00', 'comments'),
(3738, 126, 'Bobkbobo\nBoooh', 34, '2015-12-21 06:19:28', '0000-00-00 00:00:00', 'comments'),
(3739, 126, 'Viobiv\nOnonno\nPnonobono', 34, '2015-12-21 06:19:48', '0000-00-00 00:00:00', 'comments'),
(3740, 126, 'Oboboibib\nNononon\nNoono\nNooon\nOnon\nNo\nOoin', 34, '2015-12-21 06:20:09', '0000-00-00 00:00:00', 'comments'),
(3741, 126, 'Test', 33, '2015-12-21 06:21:05', '0000-00-00 00:00:00', 'comments'),
(3742, 126, 'Bibibbi', 33, '2015-12-21 06:21:09', '0000-00-00 00:00:00', 'comments'),
(3743, 126, 'Vkbbib\nOnonobo\nOnnon', 33, '2015-12-21 06:21:14', '0000-00-00 00:00:00', 'comments'),
(3744, 126, 'Bonobobo\nNononono\nNononno\nNooono\nOnonon', 33, '2015-12-21 06:21:22', '0000-00-00 00:00:00', 'comments'),
(3745, 126, 'Blnononom', 33, '2015-12-21 06:21:30', '0000-00-00 00:00:00', 'comments'),
(3746, 126, 'Test', 34, '2015-12-21 06:22:12', '0000-00-00 00:00:00', 'comments'),
(3747, 126, 'Bjbib', 34, '2015-12-21 06:22:17', '0000-00-00 00:00:00', 'comments'),
(3748, 126, 'Test', 34, '2015-12-21 06:22:56', '0000-00-00 00:00:00', 'comments'),
(3749, 126, 'Kbobbob', 34, '2015-12-21 06:22:59', '0000-00-00 00:00:00', 'comments'),
(3750, 126, 'Bibbibibi\nNoon', 34, '2015-12-21 06:23:03', '0000-00-00 00:00:00', 'comments');
INSERT INTO `reply_messages` (`id`, `user_id`, `content`, `message_id`, `created_at`, `updated_at`, `type_messages`) VALUES
(3751, 126, 'Ibobib\nNoono\nMom\nPmp\nOpkp', 34, '2015-12-21 06:23:09', '0000-00-00 00:00:00', 'comments'),
(3752, 126, 'Jdjdjdhdjd', 34, '2015-12-21 06:23:51', '0000-00-00 00:00:00', 'comments'),
(3753, 126, 'Test', 34, '2015-12-21 06:24:32', '0000-00-00 00:00:00', 'comments'),
(3754, 126, 'Noin', 34, '2015-12-21 06:24:34', '0000-00-00 00:00:00', 'comments'),
(3755, 126, 'Onbono\nOnonomo\nNonoon', 34, '2015-12-21 06:24:40', '0000-00-00 00:00:00', 'comments'),
(3756, 126, 'Nonnon\nNonon\nMomom\nMomomo\nNomomo\nMmonono\nMonon\nOno', 34, '2015-12-21 06:24:49', '0000-00-00 00:00:00', 'comments'),
(3757, 126, 'Ogog\nHohoh\nPhohohoh', 34, '2015-12-21 06:31:42', '0000-00-00 00:00:00', 'comments'),
(3758, 126, 'Hlblhohobohphp\nHjphpj\nNlnlnpn\nBlbp', 34, '2015-12-21 06:32:23', '0000-00-00 00:00:00', 'comments'),
(3759, 126, 'Lblnlnho\nNlnln\nNlp\nLpnp\nBlbpbob', 34, '2015-12-21 06:32:33', '0000-00-00 00:00:00', 'comments'),
(3760, 126, 'Testing', 34, '2015-12-21 06:38:48', '0000-00-00 00:00:00', 'comments'),
(3761, 126, 'Jsjsjdjdjd\nNxsndjdjd\nJxjdjdjdjdj\nDjdjdjdjjsjd', 34, '2015-12-21 06:38:56', '0000-00-00 00:00:00', 'comments'),
(3762, 126, 'Jsjdjdid\nXjjxjdjd\nDjjdjdjdjd', 34, '2015-12-21 06:39:04', '0000-00-00 00:00:00', 'comments'),
(3763, 126, 'Nzjzjzjzjx\nXnnxxnjx\nXnxjxjxjd\nXjxjdjdjdkjdjdd', 34, '2015-12-21 06:39:12', '0000-00-00 00:00:00', 'comments'),
(3764, 126, 'Xjxjdjd\nNskdjdk', 34, '2015-12-21 06:39:20', '0000-00-00 00:00:00', 'comments'),
(3765, 126, 'Jdjdjdjdjd\nKskdkdkd\nKxkdjdkdj\nKdkdjdkdk\nKdkdjdkdjd\nKdkdkd', 34, '2015-12-21 06:39:41', '0000-00-00 00:00:00', 'comments'),
(3766, 126, 'Jdkdjdkd\nJdkdjdhid\nJdkdjdkjdd', 34, '2015-12-21 06:39:48', '0000-00-00 00:00:00', 'comments'),
(3767, 126, 'Test', 34, '2015-12-21 06:52:26', '0000-00-00 00:00:00', 'comments'),
(3768, 126, 'Ivibiib', 34, '2015-12-21 06:52:31', '0000-00-00 00:00:00', 'comments'),
(3769, 126, 'Jdjdjdjdjdjdjdjdjj', 33, '2015-12-21 06:56:09', '0000-00-00 00:00:00', 'comments'),
(3770, 126, 'Hjnj', 34, '2015-12-21 07:00:44', '0000-00-00 00:00:00', 'comments'),
(3771, 126, 'Jdkdjdkdjdid', 34, '2015-12-21 07:03:23', '0000-00-00 00:00:00', 'comments'),
(3772, 126, 'Good afternoon.', 26, '2015-12-21 07:35:13', '0000-00-00 00:00:00', 'comments'),
(3773, 126, 'Hi', 26, '2015-12-21 07:35:23', '0000-00-00 00:00:00', 'comments'),
(3774, 126, 'Testing', 26, '2015-12-21 07:35:29', '0000-00-00 00:00:00', 'comments'),
(3775, 126, 'Hi', 26, '2015-12-21 07:35:36', '0000-00-00 00:00:00', 'comments'),
(3776, 126, 'asdasdasd', 34, '2015-12-21 08:01:24', '0000-00-00 00:00:00', 'comments'),
(3777, 126, 'Testing', 33, '2015-12-21 18:59:33', '0000-00-00 00:00:00', 'comments'),
(3778, 126, 'adasd', 32, '2015-12-22 01:38:00', '0000-00-00 00:00:00', 'comments'),
(3779, 126, 'adsasd\nasdasdasda\nadasdasd\nasdasdasd\nasdasdasd\nadsadasd\nasdasdads\nsdasdasd asdasd asdas sadasd asdas asdas asd as asdas asd as as asda as as as asdas a asd ad asd asd asd asd asd asd asd asd asd asd asdas ', 34, '2015-12-22 02:12:33', '0000-00-00 00:00:00', 'comments'),
(3780, 126, 'asdasdasd\nasdasd\nasdasda\nsdasda\nsdasdasd\nasdasdasd\nasdasdas\ndasdasdasd\nasdasdasdasd\nasdasdasdas\ndasdasd\nasdasd\nasdasdasd\nasdasd\nasdas', 34, '2015-12-22 02:12:57', '0000-00-00 00:00:00', 'comments'),
(3781, 126, 'asdasdasdasd asdasd asd sad asd asd sad asd\nasdas\nsadasd\nasdasd\nasdas dasd asdasd as asd asd asd asd asd asd asd asd as as das as as dasd asd asd as as das dasd asasd asd asd asd asd as dasd asd asd asd asd as asd asd asd asd asd asd asd asd asd asd asd asd asd asd asd asd asd asd asd asd asd asd asd asd asd asd asd asd ', 34, '2015-12-22 02:13:35', '0000-00-00 00:00:00', 'comments'),
(3782, 126, 'adsasdasdasda\nsdasd\nasd\nasd\nasd\nasd\nasd\nasd\nasd\nasd\nasdasdasdasd', 34, '2015-12-22 02:18:52', '0000-00-00 00:00:00', 'comments'),
(3783, 126, 'asdasdasdasdasdasd\nasd\n\nasd\nasd\nasd\nasdasd asdasd asd asdas as dasd asd asd asd asd asd asd asd as das das asd asd asd as dasd as das asd asd asd asd asd asd as dasd asd asd asd ', 34, '2015-12-22 02:19:17', '0000-00-00 00:00:00', 'comments'),
(3784, 126, 'asdasa\nasd\nasdasd\nasdasd\nasdasdasd\nasdasdas asdas das asdasdas das d asd asd asd asd asd as asd asd asd as dasd asd asd asd asd asd as asd asd asd asd asd asd asd asd asd asd asd ', 33, '2015-12-22 02:22:00', '0000-00-00 00:00:00', 'comments'),
(3785, 126, 'sadasd\nasdasd\nasdas\ndasd\nasda\nsdas\ndasd\nasd\nasd\nasdas\nd\ndasdasd asdas das dasd asd asd asd asd asd asd asd asd asd asd as dasd asd asd asd asd asd asd asd asd asd asd asd asd asd asd asd asd asd asd asd asd asd asd asd as as asd asd asd as asd  das', 33, '2015-12-22 02:22:35', '0000-00-00 00:00:00', 'comments'),
(3786, 126, 'asdasdasdasdas\ndasd\nasdas\ndasd\nassadasdas asd asd asd asdasd asd asd asd sad asd asd sad sad asd asd asd asd asd asd asdas das das das asd asd asd asd asd asd asd asd asdasd as asdasd asd as', 33, '2015-12-22 02:23:02', '0000-00-00 00:00:00', 'comments'),
(3787, 126, 'dasdasd asd asd as\n asdas\ndasd\nasdas\nd\nasdasdasd asd asd asd asd as asd asd as das dasdas dasd asda sda sdas asd asd asd asd asd asd asd asd asd asd asdasda sdas das das', 33, '2015-12-22 02:23:20', '0000-00-00 00:00:00', 'comments'),
(3788, 126, 'asdasdasdasasdasd asdasd asd asd asd asd asd asd asdas das dasd asd asd sad asd asd asd asd asd asd asd asd asd sa as dasd asd sad sad asd asd asd asd asdas das dasd asd asd asd asdasd asd asd asd asd asd asd asd asd sad asd asdasd asd asd asd as dasd asd asd as dasd asd asd asd asd asd as', 34, '2015-12-22 02:27:03', '0000-00-00 00:00:00', 'comments'),
(3789, 126, 'asdasd', 34, '2015-12-22 02:46:20', '0000-00-00 00:00:00', 'comments'),
(3790, 126, 'asdasd', 34, '2015-12-22 02:46:25', '0000-00-00 00:00:00', 'comments'),
(3791, 126, 'asdasdsadas\nasdasdasdas asdasd asd asdas dasd asd asd asd asd asd asd asd as asd as asd as asd asd asd as das as das dasd asd asd sad asd asd asd asd asd asd asd asd asd as as asd as asd as dasd asd asd asd asd asd asd asd asd asd asd a ad .', 32, '2015-12-22 02:52:15', '0000-00-00 00:00:00', 'comments'),
(3792, 126, 'asdasdasdasdasd\nasdas\ndasda\nsdasd\nasd\nasd\nasdasdasdasd', 32, '2015-12-22 02:53:02', '0000-00-00 00:00:00', 'comments'),
(3793, 126, 'asdasd asdas das das dasd asd asd asd asd asd asd as dasd asd asd as dasd asd asd asd asd asd asd asd asd asd asd asd as dasd asd as dasd asd asd asd asd asd asd asd asd asd asd asd asd asd asd asd asd asd asd asd asd asd asd asd as dasd asd asd asd asd .', 32, '2015-12-22 02:53:24', '0000-00-00 00:00:00', 'comments'),
(3794, 126, 'hi', 29, '2015-12-22 03:00:32', '0000-00-00 00:00:00', 'comments'),
(3795, 126, 'I''m Nick. I''m testing. :D', 29, '2015-12-22 03:00:44', '0000-00-00 00:00:00', 'comments'),
(3796, 126, 'have a nice day.\nSee you soon.\ntest \n123\n12345\n1113', 29, '2015-12-22 03:01:18', '0000-00-00 00:00:00', 'comments'),
(3797, 126, 'hello.', 31, '2015-12-22 03:03:13', '0000-00-00 00:00:00', 'comments'),
(3798, 126, 'testing\n', 33, '2015-12-22 03:03:37', '0000-00-00 00:00:00', 'comments'),
(3799, 126, '123123123123 12231 231 2312 312 3123 123 123 123 12 123 123 123 123 123 123 12 123 ', 33, '2015-12-22 03:03:55', '0000-00-00 00:00:00', 'comments'),
(3800, 126, 'testing', 34, '2015-12-22 03:04:16', '0000-00-00 00:00:00', 'comments'),
(3801, 126, 'test', 34, '2015-12-22 03:04:27', '0000-00-00 00:00:00', 'comments'),
(3802, 126, 'Jjjj', 34, '2015-12-22 03:25:11', '0000-00-00 00:00:00', 'comments'),
(3803, 126, 'Jujasdasd', 34, '2015-12-22 03:27:37', '0000-00-00 00:00:00', 'comments'),
(3804, 126, 'asdasdasd', 34, '2015-12-22 03:28:47', '0000-00-00 00:00:00', 'comments'),
(3805, 126, 'asdasdasd', 24, '2015-12-22 03:28:57', '0000-00-00 00:00:00', 'comments'),
(3806, 126, 'adasdasdas', 24, '2015-12-22 03:29:07', '0000-00-00 00:00:00', 'comments'),
(3807, 126, 'asdasdasdasd', 34, '2015-12-22 03:29:37', '0000-00-00 00:00:00', 'comments'),
(3808, 126, 'asdsadasdasd', 34, '2015-12-22 03:30:41', '0000-00-00 00:00:00', 'comments'),
(3809, 126, 'asdasdasdasd', 34, '2015-12-22 03:33:00', '0000-00-00 00:00:00', 'comments'),
(3810, 126, 'asasdasdasdasd', 34, '2015-12-22 03:33:35', '0000-00-00 00:00:00', 'comments'),
(3811, 126, 'asdasdasd', 34, '2015-12-22 03:34:05', '0000-00-00 00:00:00', 'comments'),
(3812, 126, 'sadasdasdasd', 34, '2015-12-22 03:34:38', '0000-00-00 00:00:00', 'comments'),
(3813, 126, 'asdasdasdasdasd', 34, '2015-12-22 03:36:20', '0000-00-00 00:00:00', 'comments'),
(3814, 126, 'Hi', 29, '2015-12-22 03:36:48', '0000-00-00 00:00:00', 'comments'),
(3815, 126, 'test', 29, '2015-12-22 03:36:55', '0000-00-00 00:00:00', 'comments'),
(3816, 126, 'alo', 29, '2015-12-22 03:36:58', '0000-00-00 00:00:00', 'comments'),
(3817, 126, 'adasdasda\nasdasdasd\nasdasdasd', 29, '2015-12-22 03:37:05', '0000-00-00 00:00:00', 'comments'),
(3818, 126, 'asdasdasd', 32, '2015-12-22 03:37:12', '0000-00-00 00:00:00', 'comments'),
(3819, 126, 'asdasdasdwqeqwe \ndasdasdasd', 32, '2015-12-22 03:37:17', '0000-00-00 00:00:00', 'comments'),
(3820, 126, 'asdasdasdasda\nsdasdas\ndasdasd\nasdasd\nasd\nasd', 32, '2015-12-22 03:37:25', '0000-00-00 00:00:00', 'comments'),
(3821, 126, 'asdasdasda\nasdasdasd\nasdasd\nasdasdasdasd', 32, '2015-12-22 03:38:19', '0000-00-00 00:00:00', 'comments'),
(3822, 126, 'adasdasd', 32, '2015-12-22 03:38:35', '0000-00-00 00:00:00', 'comments'),
(3823, 126, 'asdasdasdasd', 32, '2015-12-22 03:38:38', '0000-00-00 00:00:00', 'comments'),
(3824, 126, 'sadasdasdas\ndasdas\ndasdasdasd', 32, '2015-12-22 03:38:43', '0000-00-00 00:00:00', 'comments'),
(3825, 126, 'asdasdasdasdasdasdasd', 32, '2015-12-22 03:38:45', '0000-00-00 00:00:00', 'comments'),
(3826, 126, 'asdasdasdasd', 34, '2015-12-22 03:39:45', '0000-00-00 00:00:00', 'comments'),
(3827, 126, 'asdasdasdasd', 34, '2015-12-22 03:40:05', '0000-00-00 00:00:00', 'comments'),
(3828, 126, 'dasdasdasd\nasdasd\nasdasdas', 34, '2015-12-22 03:42:08', '0000-00-00 00:00:00', 'comments'),
(3829, 126, 'sadasdasd', 34, '2015-12-22 03:44:21', '0000-00-00 00:00:00', 'comments'),
(3830, 126, 'asdasdasd\nasdas\ndasd\nasdasdasd', 34, '2015-12-22 03:44:26', '0000-00-00 00:00:00', 'comments'),
(3831, 126, 'asdasdasdadasdasdasdasdasdasdasdasdasdasdasdasdasdasdasdasdas asd asd asd asd asd asdasdas das asd asd asd asdasdas asd asd asd asd asd asd asdas asdasd asd asd asd asd asd asd asdas asdasd asd asd asd asd asdasd asd asd asd asd asd asd asd asd asd asd', 34, '2015-12-22 03:44:49', '0000-00-00 00:00:00', 'comments'),
(3832, 126, 'asdasdasdasdsadasdasd', 34, '2015-12-22 03:45:01', '0000-00-00 00:00:00', 'comments'),
(3833, 126, 'asdasdasdasdasdasd', 31, '2015-12-22 03:46:10', '0000-00-00 00:00:00', 'comments'),
(3834, 126, 'asdasdasdasdasd', 31, '2015-12-22 03:46:12', '0000-00-00 00:00:00', 'comments'),
(3835, 126, 'aasdasdasd', 31, '2015-12-22 03:46:15', '0000-00-00 00:00:00', 'comments'),
(3836, 126, 'asdasdasd', 31, '2015-12-22 03:46:19', '0000-00-00 00:00:00', 'comments'),
(3837, 126, 'asdasdasdasdas\ndasdasd\nasda\nsdas\ndas\ndas\nd\nasdasdasdasd', 31, '2015-12-22 03:46:27', '0000-00-00 00:00:00', 'comments'),
(3838, 126, 'asdasdasdas\nasdasda\nsdasd\nasd\nasdasd', 31, '2015-12-22 03:47:37', '0000-00-00 00:00:00', 'comments'),
(3839, 126, 'asdasdasdasdasd', 34, '2015-12-22 03:48:14', '0000-00-00 00:00:00', 'comments'),
(3840, 126, 'asdasdasdasd', 34, '2015-12-22 03:49:22', '0000-00-00 00:00:00', 'comments'),
(3841, 126, 'asdasdasd', 34, '2015-12-22 03:49:24', '0000-00-00 00:00:00', 'comments'),
(3842, 126, 'asdasdasdasdasd\nasdasdas\ndasdasdasdasd', 34, '2015-12-22 03:49:33', '0000-00-00 00:00:00', 'comments'),
(3843, 126, 'asdasdasdasdasdasdasd', 34, '2015-12-22 03:51:40', '0000-00-00 00:00:00', 'comments'),
(3844, 126, 'asdasdasdasdasd', 34, '2015-12-22 03:54:07', '0000-00-00 00:00:00', 'comments'),
(3845, 126, 'asdasdasdasd', 34, '2015-12-22 03:54:09', '0000-00-00 00:00:00', 'comments'),
(3846, 126, 'asdasdasdasd', 34, '2015-12-22 03:54:11', '0000-00-00 00:00:00', 'comments'),
(3847, 126, 'asdasdasdasd\nasdasd\nasd\nasd\nasd\nasd\nas\nda\nsd\nasd\nasd\nasd\nas\nd\nasdasdasdsaddas', 34, '2015-12-22 03:54:16', '0000-00-00 00:00:00', 'comments'),
(3848, 126, 'asdasdasd', 34, '2015-12-22 03:56:42', '0000-00-00 00:00:00', 'comments'),
(3849, 126, 'asdasdasdasd', 34, '2015-12-22 03:56:48', '0000-00-00 00:00:00', 'comments'),
(3850, 126, 'asdasdasdasdasd\nasdasdas\ndasd\nasd\nasdas\nd\nasd\nas\nd\nasdasdasdasd', 34, '2015-12-22 03:57:00', '0000-00-00 00:00:00', 'comments'),
(3851, 126, 'asdasdasdasd', 34, '2015-12-22 03:57:07', '0000-00-00 00:00:00', 'comments'),
(3852, 126, 'asdasdasdasd\nasdasdas\ndas\nda\nsd\nasd\nasd\nas\nd\nasd\nas\ndasd', 34, '2015-12-22 03:57:12', '0000-00-00 00:00:00', 'comments'),
(3853, 126, 'asdasdasd\nasdasd\nasd\nas\ndasdasd', 34, '2015-12-22 03:58:18', '0000-00-00 00:00:00', 'comments'),
(3854, 126, 'adasdsadasd', 34, '2015-12-22 03:58:52', '0000-00-00 00:00:00', 'comments'),
(3855, 126, 'asdasdasdas\ndasd\nasda\nsdasdasd', 34, '2015-12-22 03:58:56', '0000-00-00 00:00:00', 'comments'),
(3856, 126, 'asdasdasdasd\nasdasdas\ndasdasd', 34, '2015-12-22 03:58:59', '0000-00-00 00:00:00', 'comments'),
(3857, 126, 'asdasdasdasd', 34, '2015-12-22 03:59:01', '0000-00-00 00:00:00', 'comments'),
(3858, 126, 'asdasdasdasd', 34, '2015-12-22 03:59:05', '0000-00-00 00:00:00', 'comments'),
(3859, 126, 'asdasdasdasdasdsdasda\nsdasd\nasd\nasd\nasdasdasd', 34, '2015-12-22 03:59:19', '0000-00-00 00:00:00', 'comments'),
(3860, 126, 'asdasdasdasdas\ndasd\nasd\nasd\nas\nd\nasdasdasdasdasdasd', 34, '2015-12-22 04:06:13', '0000-00-00 00:00:00', 'comments'),
(3861, 126, 'hi', 35, '2015-12-22 04:06:44', '0000-00-00 00:00:00', 'comments'),
(3862, 126, 'I''m testing', 35, '2015-12-22 04:06:56', '0000-00-00 00:00:00', 'comments'),
(3863, 126, 'test', 35, '2015-12-22 04:07:26', '0000-00-00 00:00:00', 'comments'),
(3864, 126, 'test', 35, '2015-12-22 04:11:49', '0000-00-00 00:00:00', 'comments'),
(3865, 126, 'asdasd', 35, '2015-12-22 04:11:51', '0000-00-00 00:00:00', 'comments'),
(3866, 126, 'asdasdasda\nsdasdasdasdasd\nasdasdasd', 35, '2015-12-22 04:11:55', '0000-00-00 00:00:00', 'comments'),
(3867, 126, 'asdasd', 36, '2015-12-22 04:12:14', '0000-00-00 00:00:00', 'comments'),
(3868, 126, 'test', 36, '2015-12-22 04:12:17', '0000-00-00 00:00:00', 'comments'),
(3869, 126, 'testing', 36, '2015-12-22 04:12:20', '0000-00-00 00:00:00', 'comments'),
(3870, 126, 'good job.', 36, '2015-12-22 04:12:29', '0000-00-00 00:00:00', 'comments'),
(3871, 126, 'asdasdasd\nasda\nsd\nasd\nas\nd\nasdasdasdas', 36, '2015-12-22 04:12:33', '0000-00-00 00:00:00', 'comments'),
(3872, 126, 'asdasdasdasdasd', 36, '2015-12-22 04:12:36', '0000-00-00 00:00:00', 'comments'),
(3873, 126, 'sadasdasda\nsdasd\nasd\nas\ndasdasdasd', 36, '2015-12-22 04:12:38', '0000-00-00 00:00:00', 'comments'),
(3874, 126, 'perfect chat :v', 36, '2015-12-22 04:12:45', '0000-00-00 00:00:00', 'comments'),
(3875, 126, 'test', 36, '2015-12-22 06:01:04', '0000-00-00 00:00:00', 'comments'),
(3876, 126, 'asdsadasd', 36, '2015-12-22 06:01:06', '0000-00-00 00:00:00', 'comments'),
(3877, 126, 'asdasdasda', 36, '2015-12-22 06:01:09', '0000-00-00 00:00:00', 'comments'),
(3878, 126, 'asdasdasdasd', 36, '2015-12-22 06:01:11', '0000-00-00 00:00:00', 'comments'),
(3879, 126, 'dasdasdasdasd', 36, '2015-12-22 06:01:14', '0000-00-00 00:00:00', 'comments'),
(3880, 126, 'test', 0, '2015-12-22 07:08:18', '0000-00-00 00:00:00', 'comments'),
(3881, 126, '123123', 0, '2015-12-22 07:08:23', '0000-00-00 00:00:00', 'comments'),
(3882, 126, 'asdasdasda', 36, '2015-12-22 07:37:18', '0000-00-00 00:00:00', 'comments'),
(3883, 126, 'testing', 36, '2015-12-22 07:40:07', '0000-00-00 00:00:00', 'comments'),
(3884, 126, 'ts', 0, '2015-12-22 07:40:27', '0000-00-00 00:00:00', 'comments'),
(3885, 126, 'test', 36, '2015-12-22 08:00:03', '0000-00-00 00:00:00', 'comments'),
(3886, 126, 'ZZZZ', 36, '2015-12-22 08:00:10', '0000-00-00 00:00:00', 'comments'),
(3887, 126, 'abc', 36, '2015-12-22 08:00:15', '0000-00-00 00:00:00', 'comments'),
(3888, 126, 'test', 0, '2015-12-22 08:00:21', '0000-00-00 00:00:00', 'comments'),
(3889, 126, 'test', 36, '2015-12-22 08:01:44', '0000-00-00 00:00:00', 'comments'),
(3890, 126, 'shhgashfas\nasfjiasfhas\nasfjasfjasf\nasjfikasjfas\njaskfjapsfas\njasfkjaspfa\njaksfjpasf\njasfjas\njaskfjasf\najspfjasfas\nasfjpasjfa\nasjkajsfas\nasfjkasjfas\najsfkjasf\njkasfjkasf\njfaskajsfas', 35, '2015-12-22 08:12:39', '0000-00-00 00:00:00', 'comments'),
(3891, 126, 'jhkjhkhjk\n\n', 35, '2015-12-22 08:12:51', '0000-00-00 00:00:00', 'comments'),
(3892, 126, 'dasdasd\nas\n\n\n', 35, '2015-12-22 08:14:12', '0000-00-00 00:00:00', 'comments'),
(3893, 126, 'sadasdasd\n\n', 35, '2015-12-22 08:14:21', '0000-00-00 00:00:00', 'comments'),
(3894, 126, 'asdasdas\n\n', 35, '2015-12-22 08:14:37', '0000-00-00 00:00:00', 'comments'),
(3895, 126, 'test 1', 37, '2015-12-22 08:21:50', '0000-00-00 00:00:00', 'comments'),
(3896, 126, 'test 2', 37, '2015-12-22 08:22:05', '0000-00-00 00:00:00', 'comments'),
(3897, 126, 'test 3', 37, '2015-12-22 08:22:08', '0000-00-00 00:00:00', 'comments'),
(3898, 126, 'asdasdasdasdasd', 37, '2015-12-22 08:40:43', '0000-00-00 00:00:00', 'comments'),
(3899, 126, 'hi', 37, '2015-12-22 08:59:17', '0000-00-00 00:00:00', 'comments'),
(3900, 126, 'test', 37, '2015-12-22 08:59:21', '0000-00-00 00:00:00', 'comments'),
(3901, 126, 'test', 37, '2015-12-22 08:59:31', '0000-00-00 00:00:00', 'comments'),
(3902, 126, 'test', 9, '2015-12-22 08:59:41', '0000-00-00 00:00:00', 'admin_messages'),
(3903, 126, 'hi', 9, '2015-12-22 08:59:44', '0000-00-00 00:00:00', 'admin_messages'),
(3904, 126, 'test', 9, '2015-12-22 09:01:05', '0000-00-00 00:00:00', 'admin_messages'),
(3905, 126, 'asdasdasdasdasd\nadasdasdasd', 9, '2015-12-22 09:26:05', '0000-00-00 00:00:00', 'admin_messages'),
(3906, 126, 'asdasdasdasd', 37, '2015-12-22 09:31:52', '0000-00-00 00:00:00', 'comments'),
(3907, 126, 'Tfifiv\nOnono\nBonono', 37, '2015-12-22 09:40:07', '0000-00-00 00:00:00', 'comments'),
(3908, 126, 'Ovivivibhbpnonp', 37, '2015-12-22 09:40:11', '0000-00-00 00:00:00', 'comments'),
(3909, 126, 'asdasdasd', 9, '2015-12-22 09:49:57', '0000-00-00 00:00:00', 'admin_messages'),
(3910, 126, 'asdasdasdasd', 9, '2015-12-22 09:50:01', '0000-00-00 00:00:00', 'admin_messages'),
(3911, 126, 'asdasdasdasd\nasdasd\nasdasd\nas\ndas\nda\nsdasd\nas\nd\nasd\nasd\nas\nd\nasd\nas\nd\nasd\nasdasd\nasd\nas\ndas\nd\na', 9, '2015-12-22 10:11:38', '0000-00-00 00:00:00', 'admin_messages'),
(3912, 126, 's', 9, '2015-12-22 10:11:40', '0000-00-00 00:00:00', 'admin_messages'),
(3913, 126, 'qweqweqweqweqw\neqwe\nqweqwe\nq\nwe\nqw\neqw\ne\nqw\ne\nqweqweqweqweqweqwe', 37, '2015-12-22 10:20:45', '0000-00-00 00:00:00', 'comments'),
(3914, 126, 'qweqweqweqweqweqweq', 9, '2015-12-22 10:21:10', '0000-00-00 00:00:00', 'admin_messages'),
(3915, 126, 'asdasdasdasdasasd\nasdasda\nsd\nasdas\ndas\nd\nasd\nasdaas\nd\nas\ndasdasdasdasdasdasdasda\nsda\nsd\nasd\nas\ndasdasdasdasdasd', 9, '2015-12-22 10:28:07', '0000-00-00 00:00:00', 'admin_messages'),
(3916, 126, 'asdasdasdasd\nasdasdasd', 37, '2015-12-23 01:27:33', '0000-00-00 00:00:00', 'comments'),
(3917, 126, 'Test', 37, '2015-12-23 09:06:23', '0000-00-00 00:00:00', 'comments'),
(3918, 126, 'Nick\nTest\nWith\nMutiple\nLines\nThanks', 37, '2015-12-23 09:06:58', '0000-00-00 00:00:00', 'comments'),
(3919, 126, 'Ok', 37, '2015-12-23 09:07:05', '0000-00-00 00:00:00', 'comments'),
(3920, 126, 'Test\nHjjj\nHivibvi\nBoobo\nNonno\nNonnon\nNononon\nNononono\nNononono\nOppno\n', 37, '2015-12-23 09:07:27', '0000-00-00 00:00:00', 'comments'),
(3921, 126, 'BibibibiHi', 9, '2015-12-23 10:04:24', '0000-00-00 00:00:00', 'admin_messages'),
(3922, 126, 'Hello', 9, '2015-12-23 10:06:10', '0000-00-00 00:00:00', 'admin_messages'),
(3923, 126, 'I''m testing', 9, '2015-12-23 10:06:21', '0000-00-00 00:00:00', 'admin_messages'),
(3924, 126, 'Ok', 10, '2015-12-23 10:08:48', '0000-00-00 00:00:00', 'admin_messages'),
(3925, 136, 'test', 10, '2015-12-23 10:10:23', '0000-00-00 00:00:00', 'admin_messages'),
(3926, 126, 'Testing', 10, '2015-12-23 10:10:48', '0000-00-00 00:00:00', 'admin_messages'),
(3927, 1, 'asasdasdasd', 9, '2015-12-23 10:11:36', '0000-00-00 00:00:00', 'admin_messages'),
(3928, 1, 'asdasdasdasd', 11, '2015-12-23 10:15:42', '0000-00-00 00:00:00', 'admin_messages'),
(3929, 126, 'S lh pah phah a a a \nA a\n A\n \nA\n A\n\n A\n \nA valvao ', 37, '2015-12-23 10:16:52', '0000-00-00 00:00:00', 'comments'),
(3930, 126, 'ok', 10, '2015-12-24 01:43:03', '0000-00-00 00:00:00', 'admin_messages'),
(3931, 126, 'Fujgg\nNljnljnlj\nLnljnlnlj\nNlknljnlkno\nLnjlnlnjlj\nLjbknklblkn\nLknlknklnl\nNlknlknn', 11, '2015-12-24 02:53:24', '0000-00-00 00:00:00', 'admin_messages'),
(3932, 126, 'Test\nLjjknp\nNoknkknkp\nNoknkp\nNoknpknko\nNoknpknpkn\nLnknobjn\nPnlknkn', 10, '2015-12-24 02:53:51', '0000-00-00 00:00:00', 'admin_messages'),
(3933, 1, 'asdasdasd', 11, '2015-12-24 02:56:40', '0000-00-00 00:00:00', 'admin_messages'),
(3934, 126, 'Ok', 11, '2015-12-24 02:56:52', '0000-00-00 00:00:00', 'admin_messages'),
(3935, 1, 'fgdfgdfgdf', 11, '2015-12-24 02:57:39', '0000-00-00 00:00:00', 'admin_messages'),
(3936, 1, 'sdfsdfsdf', 11, '2015-12-24 02:57:58', '0000-00-00 00:00:00', 'admin_messages'),
(3937, 1, 'sdfsdfsdfsdf', 11, '2015-12-24 02:58:15', '0000-00-00 00:00:00', 'admin_messages'),
(3938, 1, 'adasdasd', 11, '2015-12-24 03:00:45', '0000-00-00 00:00:00', 'admin_messages'),
(3939, 1, 'asdasdasd', 11, '2015-12-24 03:01:44', '0000-00-00 00:00:00', 'admin_messages'),
(3940, 1, 'asdasdasds', 11, '2015-12-24 03:02:08', '0000-00-00 00:00:00', 'admin_messages'),
(3941, 126, '', 37, '2015-12-24 03:03:45', '0000-00-00 00:00:00', 'comments'),
(3942, 126, '', 37, '2015-12-24 03:04:04', '0000-00-00 00:00:00', 'comments'),
(3943, 126, ':)', 37, '2015-12-24 03:04:08', '0000-00-00 00:00:00', 'comments'),
(3944, 126, '', 37, '2015-12-24 03:05:06', '0000-00-00 00:00:00', 'comments'),
(3945, 126, '', 37, '2015-12-24 03:09:12', '0000-00-00 00:00:00', 'comments'),
(3946, 126, '????????????????', 37, '2015-12-24 03:24:49', '0000-00-00 00:00:00', 'comments'),
(3947, 126, '????????????????????', 37, '2015-12-24 03:29:06', '0000-00-00 00:00:00', 'comments'),
(3948, 126, ':))', 37, '2015-12-24 03:29:16', '0000-00-00 00:00:00', 'comments'),
(3949, 126, 'Cscsc\nScdgdg\nDgdvdv\nDbdvfvf\nDvdvdv\nCbdvfvf\nCbcbfb\nCvcvcv\nCbcbcbc\nCvcbcb\nCvcbcbcbcbcb', 37, '2015-12-24 03:35:30', '0000-00-00 00:00:00', 'comments'),
(3950, 126, '????????????????????', 37, '2015-12-24 03:38:37', '0000-00-00 00:00:00', 'comments'),
(3951, 126, '????', 37, '2015-12-24 03:39:33', '0000-00-00 00:00:00', 'comments'),
(3952, 126, ':)', 37, '2015-12-24 03:40:02', '0000-00-00 00:00:00', 'comments'),
(3953, 126, ':D????', 37, '2015-12-24 03:40:46', '0000-00-00 00:00:00', 'comments'),
(3954, 126, ':)', 37, '2015-12-24 03:53:49', '0000-00-00 00:00:00', 'comments'),
(3955, 126, '?????', 37, '2015-12-24 04:02:19', '0000-00-00 00:00:00', 'comments'),
(3956, 126, ':)', 37, '2015-12-24 04:02:40', '0000-00-00 00:00:00', 'comments'),
(3957, 126, '?', 37, '2015-12-24 04:03:29', '0000-00-00 00:00:00', 'comments'),
(3958, 126, '?????', 37, '2015-12-24 07:17:27', '0000-00-00 00:00:00', 'comments'),
(3959, 126, '????????', 37, '2015-12-24 07:17:36', '0000-00-00 00:00:00', 'comments'),
(3960, 126, ':smile: ', 11, '2015-12-24 07:18:00', '0000-00-00 00:00:00', 'admin_messages'),
(3961, 126, 'Ua', 11, '2015-12-24 07:18:05', '0000-00-00 00:00:00', 'admin_messages'),
(3962, 126, ':kiss:', 37, '2015-12-24 07:18:19', '0000-00-00 00:00:00', 'comments'),
(3963, 126, ':smile:', 37, '2015-12-24 07:18:29', '0000-00-00 00:00:00', 'comments'),
(3964, 126, 'asdasdasdasdasdasd', 11, '2015-12-24 08:31:37', '0000-00-00 00:00:00', 'admin_messages'),
(3965, 126, 'asdasdasdasd', 11, '2015-12-24 08:31:45', '0000-00-00 00:00:00', 'admin_messages'),
(3966, 1, 'asdasdasd', 11, '2015-12-24 08:32:06', '0000-00-00 00:00:00', 'admin_messages'),
(3967, 126, 'asdasdasd', 11, '2015-12-24 08:32:23', '0000-00-00 00:00:00', 'admin_messages'),
(3968, 126, 'asdasdasd', 11, '2015-12-24 08:32:26', '0000-00-00 00:00:00', 'admin_messages'),
(3969, 126, 'asdasdasd', 11, '2015-12-24 08:32:28', '0000-00-00 00:00:00', 'admin_messages'),
(3970, 126, 'asdasdasd', 11, '2015-12-24 08:32:31', '0000-00-00 00:00:00', 'admin_messages'),
(3971, 126, 'asfdasdasdas', 11, '2015-12-24 08:32:33', '0000-00-00 00:00:00', 'admin_messages'),
(3972, 126, 'asdasdasdas\n', 11, '2015-12-24 08:32:37', '0000-00-00 00:00:00', 'admin_messages'),
(3973, 126, 'adasd', 11, '2015-12-24 08:32:37', '0000-00-00 00:00:00', 'admin_messages'),
(3974, 126, 's', 11, '2015-12-24 08:32:38', '0000-00-00 00:00:00', 'admin_messages'),
(3975, 126, 'asd', 11, '2015-12-24 08:32:38', '0000-00-00 00:00:00', 'admin_messages'),
(3976, 126, 'd', 11, '2015-12-24 08:32:38', '0000-00-00 00:00:00', 'admin_messages'),
(3977, 126, 'dasd', 11, '2015-12-24 08:32:39', '0000-00-00 00:00:00', 'admin_messages'),
(3978, 126, 'as', 11, '2015-12-24 08:32:39', '0000-00-00 00:00:00', 'admin_messages'),
(3979, 126, 'asdasd', 11, '2015-12-24 08:32:39', '0000-00-00 00:00:00', 'admin_messages'),
(3980, 126, 'dasdaas', 11, '2015-12-24 08:32:39', '0000-00-00 00:00:00', 'admin_messages'),
(3981, 126, 'sd', 11, '2015-12-24 08:32:39', '0000-00-00 00:00:00', 'admin_messages'),
(3982, 126, 'a', 11, '2015-12-24 08:32:43', '0000-00-00 00:00:00', 'admin_messages'),
(3983, 126, 'daasdasd', 11, '2015-12-24 08:33:20', '0000-00-00 00:00:00', 'admin_messages'),
(3984, 126, 'asd', 11, '2015-12-24 08:33:20', '0000-00-00 00:00:00', 'admin_messages'),
(3985, 126, 'asd', 11, '2015-12-24 08:33:20', '0000-00-00 00:00:00', 'admin_messages'),
(3986, 126, 'as', 11, '2015-12-24 08:33:20', '0000-00-00 00:00:00', 'admin_messages'),
(3987, 126, 'ad', 11, '2015-12-24 08:33:21', '0000-00-00 00:00:00', 'admin_messages'),
(3988, 126, 'das', 11, '2015-12-24 08:33:21', '0000-00-00 00:00:00', 'admin_messages'),
(3989, 126, 'ds', 11, '2015-12-24 08:33:21', '0000-00-00 00:00:00', 'admin_messages'),
(3990, 126, 'asd', 11, '2015-12-24 08:33:21', '0000-00-00 00:00:00', 'admin_messages'),
(3991, 126, 'as', 11, '2015-12-24 08:33:21', '0000-00-00 00:00:00', 'admin_messages'),
(3992, 126, 'ad', 11, '2015-12-24 08:33:22', '0000-00-00 00:00:00', 'admin_messages'),
(3993, 126, 'sd', 11, '2015-12-24 08:33:22', '0000-00-00 00:00:00', 'admin_messages'),
(3994, 126, 'asd', 11, '2015-12-24 08:33:22', '0000-00-00 00:00:00', 'admin_messages'),
(3995, 126, 'das', 11, '2015-12-24 08:33:22', '0000-00-00 00:00:00', 'admin_messages'),
(3996, 126, 'asd', 11, '2015-12-24 08:33:24', '0000-00-00 00:00:00', 'admin_messages'),
(3997, 126, '?????', 37, '2015-12-25 02:22:14', '0000-00-00 00:00:00', 'comments'),
(3998, 126, '??????', 37, '2015-12-25 02:22:19', '0000-00-00 00:00:00', 'comments'),
(3999, 126, '?????', 37, '2015-12-25 02:22:32', '0000-00-00 00:00:00', 'comments'),
(4000, 126, 'asdasdasda', 37, '2015-12-25 02:23:37', '0000-00-00 00:00:00', 'comments'),
(4001, 126, 'asdasdasdasdasdas\ndasdasdaasdaaa\nasdasdasd\nasdasd\nsadasd\nasdasd\nasdasd\nasdasdasd\nsdadasdasd', 37, '2015-12-25 02:26:49', '0000-00-00 00:00:00', 'comments'),
(4002, 1, 'dasdasdad', 37, '2015-12-25 02:27:14', '0000-00-00 00:00:00', 'comments'),
(4003, 126, ' dasdasdas\ndasdasd\nasdasdasdasd', 9, '2015-12-25 02:28:37', '0000-00-00 00:00:00', 'admin_messages'),
(4004, 126, 'asdasdasdasd', 9, '2015-12-25 02:28:38', '0000-00-00 00:00:00', 'admin_messages'),
(4005, 1, 'asdasdasd', 37, '2015-12-25 02:28:53', '0000-00-00 00:00:00', 'comments'),
(4006, 1, 'asdadasdad', 37, '2015-12-25 02:29:06', '0000-00-00 00:00:00', 'comments'),
(4007, 1, 'adasdasdasdasd', 37, '2015-12-25 02:29:23', '0000-00-00 00:00:00', 'comments'),
(4008, 1, 'asd', 37, '2015-12-25 02:30:29', '0000-00-00 00:00:00', 'comments'),
(4009, 1, 'nick testing\nabc', 37, '2015-12-25 02:31:27', '0000-00-00 00:00:00', 'comments'),
(4010, 126, 'asdasdasd', 38, '2015-12-25 07:34:00', '0000-00-00 00:00:00', 'comments'),
(4011, 126, 'asdasd', 38, '2015-12-25 07:34:01', '0000-00-00 00:00:00', 'comments'),
(4012, 126, 'asdasdasd', 38, '2015-12-25 07:34:02', '0000-00-00 00:00:00', 'comments'),
(4013, 126, 'asdasdasd', 38, '2015-12-25 07:34:03', '0000-00-00 00:00:00', 'comments'),
(4014, 126, 'Gggg', 38, '2015-12-25 07:34:08', '0000-00-00 00:00:00', 'comments'),
(4015, 126, 'adasdasdasd', 38, '2015-12-25 07:35:50', '0000-00-00 00:00:00', 'comments'),
(4016, 126, 'asdasdasd', 38, '2015-12-25 07:35:52', '0000-00-00 00:00:00', 'comments'),
(4017, 126, 'as', 38, '2015-12-25 07:35:52', '0000-00-00 00:00:00', 'comments'),
(4018, 126, 'asd', 38, '2015-12-25 07:35:53', '0000-00-00 00:00:00', 'comments'),
(4019, 126, 'd', 38, '2015-12-25 07:35:53', '0000-00-00 00:00:00', 'comments'),
(4020, 126, 'das', 38, '2015-12-25 07:35:53', '0000-00-00 00:00:00', 'comments'),
(4021, 126, 'a', 38, '2015-12-25 07:35:54', '0000-00-00 00:00:00', 'comments'),
(4022, 126, 'das', 38, '2015-12-25 07:35:54', '0000-00-00 00:00:00', 'comments'),
(4023, 126, 'ds', 38, '2015-12-25 07:35:54', '0000-00-00 00:00:00', 'comments'),
(4024, 126, 'as', 38, '2015-12-25 07:35:55', '0000-00-00 00:00:00', 'comments'),
(4025, 126, 'ad', 38, '2015-12-25 07:35:55', '0000-00-00 00:00:00', 'comments'),
(4026, 126, 'ds', 38, '2015-12-25 07:35:55', '0000-00-00 00:00:00', 'comments'),
(4027, 126, 'as', 38, '2015-12-25 07:35:55', '0000-00-00 00:00:00', 'comments'),
(4028, 126, 'das', 38, '2015-12-25 07:35:56', '0000-00-00 00:00:00', 'comments'),
(4029, 126, 'd', 38, '2015-12-25 07:35:56', '0000-00-00 00:00:00', 'comments'),
(4030, 126, 'asd', 38, '2015-12-25 07:35:57', '0000-00-00 00:00:00', 'comments'),
(4031, 126, 'asd', 38, '2015-12-25 07:35:59', '0000-00-00 00:00:00', 'comments'),
(4032, 1, 'adasdasdasdasd', 41, '2015-12-28 08:58:22', '0000-00-00 00:00:00', 'comments'),
(4033, 126, 'adasdasdasdasdaasdasdasda\nasdadadasdasd\nasdasdas\ndasdas\ndasd\nasdas\ndasd\nasda\nsdas\ndasd\nasd\nasd\nasdas\ndasd\nasdas\nasdasd\nasdadas\nasdasdasd', 11, '2015-12-29 04:27:55', '0000-00-00 00:00:00', 'admin_messages'),
(4034, 126, 'asdasdasdasdasdasd\nasdasd\nasd\nasdas\ndasd\nasd\nasd\nasdas\ndasd\nasd\nasda\nsdas\ndasd\nasd\nasd\nasd\nasda\nsdas\ndasd\nasd\nasd\nasd\nasd\nasda\nsdas\nasdasd\nadasdasdasd', 11, '2015-12-29 04:28:16', '0000-00-00 00:00:00', 'admin_messages'),
(4035, 126, 'hi', 41, '2015-12-29 04:29:32', '0000-00-00 00:00:00', 'comments'),
(4036, 126, 'dasdasdasdasdasd\nasdas\ndas\ndas\nd\nasd\nas\nd\nas\nd\nasd\nas\nd\nas\nd\nasd\nas\nd\nas\ndas\nd\nas\ndas\nd\nas\nd\nasd', 41, '2015-12-29 04:29:40', '0000-00-00 00:00:00', 'comments'),
(4037, 126, 'asdasdasdasdasdasd\nasdas\ndas\nd\nas\nd\nasd\n\nasd\n\nasd\nas\nd\nasdasdasdasd', 41, '2015-12-29 04:29:51', '0000-00-00 00:00:00', 'comments'),
(4038, 126, 'asdasdsadasdasd\nasd\nas\nd\nasd\na\nsd\nasdasdasdasd', 41, '2015-12-29 04:29:58', '0000-00-00 00:00:00', 'comments'),
(4039, 126, 'asdasdasdasd\nasdas\ndas\ndas\ndasdasdasdasd', 41, '2015-12-29 04:30:06', '0000-00-00 00:00:00', 'comments'),
(4040, 126, 'asdasdasdasdas', 41, '2015-12-29 04:30:08', '0000-00-00 00:00:00', 'comments'),
(4041, 126, 'dasdasdas', 41, '2015-12-29 04:30:10', '0000-00-00 00:00:00', 'comments'),
(4042, 126, 'dasd', 41, '2015-12-29 04:30:11', '0000-00-00 00:00:00', 'comments'),
(4043, 126, 'asdasdas', 41, '2015-12-29 04:30:12', '0000-00-00 00:00:00', 'comments'),
(4044, 126, 'sdasdasdasa', 41, '2015-12-29 04:30:12', '0000-00-00 00:00:00', 'comments'),
(4045, 126, 'dasdasdasd', 41, '2015-12-29 04:30:13', '0000-00-00 00:00:00', 'comments'),
(4046, 126, 'asdasdasd', 41, '2015-12-29 04:30:14', '0000-00-00 00:00:00', 'comments'),
(4047, 126, 'asdasdasdas', 41, '2015-12-29 04:30:15', '0000-00-00 00:00:00', 'comments'),
(4048, 126, 'dasdasdasd', 41, '2015-12-29 04:30:16', '0000-00-00 00:00:00', 'comments'),
(4049, 126, 'asda', 41, '2015-12-29 04:30:17', '0000-00-00 00:00:00', 'comments'),
(4050, 126, 'asdasd', 41, '2015-12-29 04:30:17', '0000-00-00 00:00:00', 'comments'),
(4051, 126, 'a', 41, '2015-12-29 04:30:18', '0000-00-00 00:00:00', 'comments'),
(4052, 126, 's', 41, '2015-12-29 04:30:19', '0000-00-00 00:00:00', 'comments'),
(4053, 126, 'd', 41, '2015-12-29 04:30:20', '0000-00-00 00:00:00', 'comments'),
(4054, 126, 'c', 41, '2015-12-29 04:30:20', '0000-00-00 00:00:00', 'comments'),
(4055, 126, 'b', 41, '2015-12-29 04:30:21', '0000-00-00 00:00:00', 'comments'),
(4056, 126, 'sdf', 41, '2015-12-29 04:30:21', '0000-00-00 00:00:00', 'comments'),
(4057, 126, 'sf', 41, '2015-12-29 04:30:22', '0000-00-00 00:00:00', 'comments'),
(4058, 126, 'wer', 41, '2015-12-29 04:30:23', '0000-00-00 00:00:00', 'comments'),
(4059, 126, 'sdf', 41, '2015-12-29 04:30:23', '0000-00-00 00:00:00', 'comments'),
(4060, 126, 'dfs', 41, '2015-12-29 04:30:24', '0000-00-00 00:00:00', 'comments'),
(4061, 126, 'fdsds', 41, '2015-12-29 04:30:24', '0000-00-00 00:00:00', 'comments'),
(4062, 126, 'f', 41, '2015-12-29 04:30:24', '0000-00-00 00:00:00', 'comments'),
(4063, 126, 'dfs', 41, '2015-12-29 04:30:24', '0000-00-00 00:00:00', 'comments'),
(4064, 126, 'ffd', 41, '2015-12-29 04:30:25', '0000-00-00 00:00:00', 'comments'),
(4065, 126, 'fds', 41, '2015-12-29 04:30:25', '0000-00-00 00:00:00', 'comments'),
(4066, 126, 'fd', 41, '2015-12-29 04:30:26', '0000-00-00 00:00:00', 'comments'),
(4067, 126, 'dffd', 41, '2015-12-29 04:30:26', '0000-00-00 00:00:00', 'comments'),
(4068, 126, 'df', 41, '2015-12-29 04:30:26', '0000-00-00 00:00:00', 'comments'),
(4069, 126, 'f', 41, '2015-12-29 04:30:26', '0000-00-00 00:00:00', 'comments'),
(4070, 126, 'dfsfdsdf', 41, '2015-12-29 04:30:27', '0000-00-00 00:00:00', 'comments'),
(4071, 126, 's', 41, '2015-12-29 04:30:27', '0000-00-00 00:00:00', 'comments'),
(4072, 126, 'fdd', 41, '2015-12-29 04:30:27', '0000-00-00 00:00:00', 'comments'),
(4073, 126, 'dsfs', 41, '2015-12-29 04:30:28', '0000-00-00 00:00:00', 'comments'),
(4074, 126, 'f', 41, '2015-12-29 04:30:28', '0000-00-00 00:00:00', 'comments'),
(4075, 126, 'fddfs', 41, '2015-12-29 04:30:28', '0000-00-00 00:00:00', 'comments'),
(4076, 126, 'fd', 41, '2015-12-29 04:30:29', '0000-00-00 00:00:00', 'comments'),
(4077, 126, 's', 41, '2015-12-29 04:30:29', '0000-00-00 00:00:00', 'comments'),
(4078, 126, 'dfsf', 41, '2015-12-29 04:30:29', '0000-00-00 00:00:00', 'comments'),
(4079, 126, 'hujasdsadasd', 41, '2015-12-29 06:28:29', '0000-00-00 00:00:00', 'comments'),
(4080, 126, 'adsasdasdasdasdsdasdasdasd', 10, '2015-12-29 06:28:36', '0000-00-00 00:00:00', 'admin_messages'),
(4081, 1, 'asd\nasd', 41, '2016-01-11 02:56:29', '0000-00-00 00:00:00', 'comments'),
(4082, 1, 'asd\nasd', 41, '2016-01-11 02:58:22', '0000-00-00 00:00:00', 'comments'),
(4083, 1, 'asd asd\nasd', 37, '2016-01-11 03:09:29', '0000-00-00 00:00:00', 'comments'),
(4084, 1, 'asd\nasd', 37, '2016-01-11 03:10:02', '0000-00-00 00:00:00', 'comments'),
(4085, 1, 'asd\nasd', 37, '2016-01-11 03:12:52', '0000-00-00 00:00:00', 'comments'),
(4086, 1, 'sdf\nasd', 41, '2016-01-11 03:14:05', '0000-00-00 00:00:00', 'comments'),
(4087, 1, 'asd\ngfh', 41, '2016-01-11 03:14:16', '0000-00-00 00:00:00', 'comments'),
(4088, 1, 'asd', 41, '2016-01-11 03:14:44', '0000-00-00 00:00:00', 'comments'),
(4089, 1, 'asd\nasd', 40, '2016-01-11 03:14:59', '0000-00-00 00:00:00', 'comments'),
(4090, 1, 'asd\nasd\nasd', 41, '2016-01-11 03:18:29', '0000-00-00 00:00:00', 'comments'),
(4091, 126, 'What?', 7, '2016-01-12 04:03:42', '0000-00-00 00:00:00', 'admin_messages'),
(4092, 126, 'Who is testing this?', 7, '2016-01-12 04:04:12', '0000-00-00 00:00:00', 'admin_messages'),
(4093, 1, 'OK Got it.', 59, '2016-01-13 07:15:28', '0000-00-00 00:00:00', 'comments'),
(4094, 1, 'OK Got it 2.', 59, '2016-01-13 07:15:28', '0000-00-00 00:00:00', 'comments'),
(4095, 1, 'OK Got it 3.', 59, '2016-01-14 07:15:28', '0000-00-00 00:00:00', 'comments'),
(4096, 85, 'OK OK OK', 59, '2016-01-13 08:43:09', '0000-00-00 00:00:00', 'comments'),
(4097, 85, 'OK', 59, '2016-01-13 09:12:16', '0000-00-00 00:00:00', 'comments'),
(4098, 85, 'asd', 59, '2016-01-13 09:12:47', '0000-00-00 00:00:00', 'comments'),
(4099, 85, 'asdasd', 59, '2016-01-13 09:13:21', '0000-00-00 00:00:00', 'comments'),
(4100, 85, 'as dfgdfg', 59, '2016-01-13 09:14:26', '0000-00-00 00:00:00', 'comments'),
(4101, 85, 'asdasd', 58, '2016-01-13 09:14:42', '0000-00-00 00:00:00', 'comments'),
(4102, 85, 'sadsad', 56, '2016-01-13 09:15:40', '0000-00-00 00:00:00', 'comments'),
(4103, 85, 'sadsad 2', 56, '2016-01-13 09:15:44', '0000-00-00 00:00:00', 'comments'),
(4104, 85, 'Hello', 56, '2016-01-13 09:15:50', '0000-00-00 00:00:00', 'comments'),
(4105, 85, 'Các chuyên gia nói rằng Saudi Aramco trị giá "hàng nghìn tỷ USD" nhưng đây lại là một trong những công ty dầu mỏ "kín tiếng" nhất thế giới, chính vì vậy không thể biết thông tin chính xác về doanh thu, lợi nhuận. Phần thông tin ít ỏi được tiết lộ chỉ là về khối lượng nguồn dự trữ hydrocarbon của họ.', 56, '2016-01-13 09:18:23', '0000-00-00 00:00:00', 'comments'),
(4106, 85, 'Các chuyên gia nói rằng Saudi Aramco trị giá "hàng nghìn tỷ USD" nhưng đây lại là một trong những công ty dầu mỏ "kín tiếng" nhất thế giới, chính vì vậy không thể biết thông tin chính xác về doanh thu, lợi nhuận. Phần thông tin ít ỏi được tiết lộ chỉ là về khối lượng nguồn dự trữ hydrocarbon của họ. Các chuyên gia nói rằng Saudi Aramco trị giá "hàng nghìn tỷ USD" nhưng đây lại là một trong những công ty dầu mỏ "kín tiếng" nhất thế giới, chính vì vậy không thể biết thông tin chính xác về doanh thu, lợi nhuận. Phần thông tin ít ỏi được tiết lộ chỉ là về khối lượng nguồn dự trữ hydrocarbon của họ.', 56, '2016-01-13 09:18:41', '0000-00-00 00:00:00', 'comments'),
(4107, 85, 'trhth', 59, '2016-01-13 09:41:07', '0000-00-00 00:00:00', 'comments'),
(4108, 85, 'HEE', 59, '2016-01-14 01:43:34', '0000-00-00 00:00:00', 'comments'),
(4109, 85, 'HEE 32', 59, '2016-01-14 01:43:56', '0000-00-00 00:00:00', 'comments'),
(4110, 1, 'HIHI', 59, '2016-01-14 02:43:00', '0000-00-00 00:00:00', 'comments'),
(4111, 1, 'fdgd', 59, '2016-01-14 02:58:21', '0000-00-00 00:00:00', 'comments'),
(4112, 1, 'dfgfdg', 59, '2016-01-14 02:58:25', '0000-00-00 00:00:00', 'comments'),
(4113, 1, 'jhkkjkjjkj', 59, '2016-01-14 02:59:15', '0000-00-00 00:00:00', 'comments'),
(4114, 1, 'assadasd', 63, '2016-01-14 03:05:29', '0000-00-00 00:00:00', 'comments'),
(4115, 85, 'asdsad', 63, '2016-01-14 03:16:50', '0000-00-00 00:00:00', 'comments'),
(4116, 85, 'dsa', 63, '2016-01-14 03:19:48', '0000-00-00 00:00:00', 'comments'),
(4117, 85, 'sadas', 63, '2016-01-14 03:20:26', '0000-00-00 00:00:00', 'comments'),
(4118, 85, 'asdas', 63, '2016-01-14 03:24:32', '0000-00-00 00:00:00', 'comments'),
(4119, 85, 'asd', 63, '2016-01-14 03:25:30', '0000-00-00 00:00:00', 'comments'),
(4120, 85, 'asdasd', 63, '2016-01-14 03:40:14', '0000-00-00 00:00:00', 'comments'),
(4121, 85, 'asddsa', 63, '2016-01-14 03:42:33', '0000-00-00 00:00:00', 'comments'),
(4122, 85, 'th', 63, '2016-01-14 03:44:43', '0000-00-00 00:00:00', 'comments'),
(4123, 1, '??', 10, '2016-01-14 06:27:39', '0000-00-00 00:00:00', 'admin_messages'),
(4124, 85, 'OK', 10, '2016-01-14 06:29:38', '0000-00-00 00:00:00', 'admin_messages'),
(4125, 1, 'Ola', 14, '2016-01-14 06:42:35', '0000-00-00 00:00:00', 'admin_messages'),
(4126, 1, 'asdsad', 14, '2016-01-14 07:28:06', '0000-00-00 00:00:00', 'admin_messages'),
(4127, 85, '??', 14, '2016-01-14 07:28:21', '0000-00-00 00:00:00', 'admin_messages');

-- --------------------------------------------------------

--
-- Table structure for table `shifts`
--

CREATE TABLE IF NOT EXISTS `shifts` (
  `id` int(11) NOT NULL AUTO_INCREMENT,
  `name` text CHARACTER SET utf8 NOT NULL,
  `description` text CHARACTER SET utf8,
  `start_time` time NOT NULL DEFAULT '00:00:00',
  `end_time` time NOT NULL DEFAULT '00:00:00',
  `created_at` timestamp NOT NULL DEFAULT CURRENT_TIMESTAMP ON UPDATE CURRENT_TIMESTAMP,
  `updated_at` timestamp NOT NULL DEFAULT '0000-00-00 00:00:00',
  PRIMARY KEY (`id`)
) ENGINE=InnoDB  DEFAULT CHARSET=latin1 AUTO_INCREMENT=4 ;

--
-- Dumping data for table `shifts`
--

INSERT INTO `shifts` (`id`, `name`, `description`, `start_time`, `end_time`, `created_at`, `updated_at`) VALUES
(1, '1', 'Shift 1', '11:00:00', '11:30:00', '2015-11-11 08:26:40', '2015-11-11 08:26:40'),
(2, '2', 'Shift 2', '11:35:00', '12:00:00', '2015-11-16 15:32:46', '2015-11-16 15:32:46'),
(3, '3', 'Shift 3', '12:05:00', '12:30:00', '2015-11-16 15:33:07', '2015-11-16 15:33:07');

-- --------------------------------------------------------

--
-- Table structure for table `status_user`
--

CREATE TABLE IF NOT EXISTS `status_user` (
  `id` int(11) NOT NULL AUTO_INCREMENT,
  `status` varchar(100) NOT NULL,
  PRIMARY KEY (`id`)
) ENGINE=InnoDB  DEFAULT CHARSET=utf8 AUTO_INCREMENT=4 ;

--
-- Dumping data for table `status_user`
--

INSERT INTO `status_user` (`id`, `status`) VALUES
(1, 'attend'),
(2, 'absent'),
(3, 'late');

-- --------------------------------------------------------

--
-- Table structure for table `tables`
--

CREATE TABLE IF NOT EXISTS `tables` (
  `id` int(11) NOT NULL AUTO_INCREMENT,
  `name` text CHARACTER SET utf8 NOT NULL,
  `description` text CHARACTER SET utf8,
  `for_vegans` tinyint(1) NOT NULL DEFAULT '0',
  `seats` int(11) NOT NULL,
  `available_seats` int(11) NOT NULL,
  `shift_id` int(11) DEFAULT NULL,
  `created_at` timestamp NOT NULL DEFAULT CURRENT_TIMESTAMP ON UPDATE CURRENT_TIMESTAMP,
  `updated_at` timestamp NOT NULL DEFAULT '0000-00-00 00:00:00',
  PRIMARY KEY (`id`)
) ENGINE=InnoDB  DEFAULT CHARSET=latin1 AUTO_INCREMENT=20 ;

--
-- Dumping data for table `tables`
--

INSERT INTO `tables` (`id`, `name`, `description`, `for_vegans`, `seats`, `available_seats`, `shift_id`, `created_at`, `updated_at`) VALUES
(1, '1.1', 'Table 1.1', 0, 5, 0, 1, '2015-12-07 01:33:43', '0000-00-00 00:00:00'),
(2, '1.2', 'Table 1.2', 0, 7, 0, 1, '2015-11-11 06:45:55', '0000-00-00 00:00:00'),
(3, '1.3', 'Table 1.3', 0, 7, 0, 1, '2015-11-11 06:46:06', '0000-00-00 00:00:00'),
(4, '2.1', 'Table 2.1', 0, 7, 0, 2, '2015-11-11 06:46:16', '0000-00-00 00:00:00'),
(5, '2.2', 'Table 2.2', 0, 7, 0, 2, '2015-11-11 06:46:35', '0000-00-00 00:00:00'),
(6, '2.3', 'Table 2.3', 0, 7, 0, 2, '2015-11-11 06:47:02', '0000-00-00 00:00:00'),
(7, '2.4', 'Table 2.4', 0, 7, 0, 2, '2015-11-11 06:47:31', '0000-00-00 00:00:00'),
(8, '2.5', 'Table 2.5', 0, 7, 0, 2, '2015-11-11 06:47:42', '0000-00-00 00:00:00'),
(9, '2.6', 'Table 2.6', 0, 7, 0, 2, '2015-11-11 06:48:09', '0000-00-00 00:00:00'),
(10, '2.7', 'Table 2.7', 1, 7, 0, 2, '2015-11-11 06:48:18', '0000-00-00 00:00:00'),
(11, '2.8', 'Table 2.8', 1, 7, 0, 2, '2015-11-11 06:48:53', '0000-00-00 00:00:00'),
(12, '2.9', 'Table 2.9', 1, 7, 0, 2, '2015-11-11 06:49:29', '0000-00-00 00:00:00'),
(13, '3.1', 'Table 3.1', 0, 7, 0, 3, '2015-11-11 06:49:50', '0000-00-00 00:00:00'),
(14, '3.2', 'Table 3.2', 0, 7, 0, 3, '2015-11-11 06:50:23', '0000-00-00 00:00:00'),
(15, '3.3', 'Table 3.3', 0, 7, 0, 3, '2015-11-11 06:50:40', '0000-00-00 00:00:00'),
(16, '3.4', 'Table 3.4', 0, 7, 0, 3, '2015-11-11 06:50:58', '0000-00-00 00:00:00'),
(17, '3.5', 'Table 3.5', 0, 7, 0, 3, '2015-11-11 06:51:18', '0000-00-00 00:00:00'),
(18, '3.6', 'Table 3.6', 0, 7, 0, 3, '2015-11-11 06:51:35', '0000-00-00 00:00:00'),
(19, '3.7', 'Table 3.7', 0, 7, 0, 3, '2015-11-11 06:51:52', '0000-00-00 00:00:00');

-- --------------------------------------------------------

--
-- Table structure for table `tables_users`
--

CREATE TABLE IF NOT EXISTS `tables_users` (
  `table_id` int(11) NOT NULL,
  `user_id` int(11) NOT NULL,
  `vegan_day` tinyint(4) NOT NULL
) ENGINE=InnoDB DEFAULT CHARSET=latin1;

--
-- Dumping data for table `tables_users`
--

INSERT INTO `tables_users` (`table_id`, `user_id`, `vegan_day`) VALUES
(5, 221, 0),
(5, 221, 1),
(9, 98, 0),
(9, 98, 1),
(7, 225, 0),
(7, 87, 0),
(7, 87, 1),
(8, 186, 0),
(8, 186, 1),
(8, 167, 0),
(8, 167, 1),
(8, 153, 0),
(8, 153, 1),
(8, 155, 0),
(8, 155, 1),
(7, 146, 0),
(10, 146, 1),
(7, 139, 0),
(10, 139, 1),
(7, 203, 0),
(10, 203, 1),
(10, 86, 1),
(18, 96, 0),
(18, 96, 1),
(18, 94, 0),
(18, 94, 1),
(18, 118, 0),
(18, 118, 1),
(14, 156, 0),
(7, 86, 0),
(13, 152, 0),
(13, 152, 1),
(13, 192, 0),
(13, 192, 1),
(13, 91, 0),
(13, 91, 1),
(13, 95, 0),
(13, 95, 1),
(13, 101, 0),
(13, 101, 1),
(13, 145, 0),
(13, 224, 0),
(13, 224, 1),
(14, 166, 0),
(14, 166, 1),
(1, 190, 0),
(1, 190, 1),
(1, 200, 0),
(1, 200, 1),
(2, 113, 0),
(2, 113, 1),
(2, 92, 0),
(2, 92, 1),
(2, 212, 0),
(2, 212, 1),
(6, 159, 0),
(6, 159, 1),
(1, 191, 0),
(1, 191, 1),
(1, 160, 0),
(1, 160, 1),
(1, 197, 0),
(1, 197, 1),
(4, 116, 0),
(4, 116, 1),
(2, 88, 0),
(2, 88, 1),
(5, 85, 0),
(6, 126, 0);

-- --------------------------------------------------------

--
-- Table structure for table `tables_users_temporary`
--

CREATE TABLE IF NOT EXISTS `tables_users_temporary` (
  `user_id` int(11) NOT NULL,
  `table_id` int(11) NOT NULL,
  `meal_date` datetime NOT NULL
) ENGINE=InnoDB DEFAULT CHARSET=utf8;

-- --------------------------------------------------------

--
-- Table structure for table `tracking_users`
--

CREATE TABLE IF NOT EXISTS `tracking_users` (
  `user_id` int(11) NOT NULL,
  `status_id` int(11) NOT NULL,
  `manually_set` tinyint(4) NOT NULL,
  `created_at` timestamp NOT NULL DEFAULT CURRENT_TIMESTAMP,
  `updated_at` timestamp NOT NULL DEFAULT '0000-00-00 00:00:00'
) ENGINE=InnoDB DEFAULT CHARSET=utf8;

--
-- Dumping data for table `tracking_users`
--

INSERT INTO `tracking_users` (`user_id`, `status_id`, `manually_set`, `created_at`, `updated_at`) VALUES
(85, 2, 0, '2015-11-09 08:22:02', '2016-01-08 08:38:26'),
(86, 2, 0, '2015-11-09 08:22:02', '2016-01-08 08:38:26'),
(87, 2, 0, '2015-11-09 08:22:02', '2016-01-08 08:38:26'),
(88, 2, 0, '2015-11-09 08:26:56', '2016-01-14 06:26:47'),
(89, 2, 0, '2015-11-09 08:26:56', '2015-11-09 08:26:56'),
(90, 2, 0, '2015-11-09 08:26:56', '2015-11-09 08:26:56'),
(91, 2, 0, '2015-11-09 08:32:41', '2015-12-24 07:21:57'),
(92, 2, 0, '2015-11-09 08:32:41', '2016-01-14 06:26:47'),
(93, 2, 0, '2015-11-09 08:32:41', '2015-11-09 08:32:41'),
(94, 2, 0, '2015-11-09 08:32:41', '2015-12-24 07:21:57'),
(95, 2, 0, '2015-11-09 08:32:42', '2015-12-24 07:21:57'),
(96, 2, 0, '2015-11-09 08:32:42', '2015-12-24 07:21:57'),
(97, 2, 0, '2015-11-09 08:32:42', '2015-11-09 08:32:42'),
(98, 2, 0, '2015-11-09 08:32:42', '2016-01-08 08:38:26'),
(99, 2, 0, '2015-11-09 08:32:42', '2015-11-09 08:32:42'),
(100, 2, 0, '2015-11-09 08:41:12', '2015-11-09 08:41:12'),
(101, 2, 0, '2015-11-09 08:41:12', '2015-12-24 07:21:57'),
(102, 2, 0, '2015-11-09 08:41:12', '2015-11-09 08:41:12'),
(103, 2, 0, '2015-11-09 08:41:12', '2015-11-09 08:41:12'),
(104, 2, 0, '2015-11-09 08:41:12', '2015-11-09 08:41:12'),
(105, 2, 0, '2015-11-09 08:41:13', '2015-11-09 08:41:13'),
(106, 2, 0, '2015-11-09 08:41:13', '2015-11-09 08:41:13'),
(107, 2, 0, '2015-11-09 08:41:13', '2015-11-17 06:21:02'),
(108, 2, 0, '2015-11-09 08:41:13', '2015-11-09 08:41:13'),
(109, 1, 0, '2015-11-09 08:49:09', '2015-11-19 05:28:01'),
(110, 2, 0, '2015-11-09 08:49:09', '2015-11-09 08:49:09'),
(111, 2, 0, '2015-11-09 08:49:09', '2015-11-09 08:49:09'),
(112, 2, 0, '2015-11-09 08:49:09', '2015-11-09 08:49:09'),
(113, 2, 0, '2015-11-09 08:49:09', '2016-01-14 06:26:47'),
(114, 2, 0, '2015-11-09 08:49:09', '2015-11-09 08:49:09'),
(115, 2, 0, '2015-11-09 08:49:09', '2015-11-09 08:49:09'),
(116, 2, 0, '2015-11-09 08:49:09', '2016-01-08 08:38:26'),
(117, 2, 0, '2015-11-09 08:49:09', '2015-11-09 08:49:09'),
(118, 2, 0, '2015-11-09 08:56:05', '2015-12-24 07:21:57'),
(119, 2, 0, '2015-11-09 08:56:05', '2015-11-09 08:56:05'),
(120, 2, 0, '2015-11-09 08:56:05', '2015-12-04 02:05:05'),
(121, 2, 0, '2015-11-09 08:56:05', '2015-11-09 08:56:05'),
(122, 2, 0, '2015-11-09 08:56:05', '2015-11-09 08:56:05'),
(123, 2, 0, '2015-11-09 08:56:05', '2015-11-09 08:56:05'),
(124, 2, 0, '2015-11-09 08:56:05', '2015-11-09 08:56:05'),
(125, 2, 0, '2015-11-09 08:56:05', '2015-11-09 08:56:05'),
(126, 2, 0, '2015-11-09 08:56:06', '2016-01-08 08:38:26'),
(127, 2, 0, '2015-11-09 08:56:06', '2015-11-09 08:56:06'),
(128, 2, 0, '2015-11-09 08:56:06', '2015-11-09 08:56:06'),
(129, 2, 0, '2015-11-09 08:56:06', '2015-11-09 08:56:06'),
(130, 2, 0, '2015-11-09 08:56:06', '2015-11-09 08:56:06'),
(131, 1, 0, '2015-11-09 08:56:06', '2015-11-18 04:42:42'),
(132, 2, 0, '2015-11-09 09:03:19', '2015-11-09 09:03:19'),
(133, 2, 0, '2015-11-09 09:03:19', '2015-11-09 09:03:19'),
(134, 2, 0, '2015-11-09 09:03:19', '2015-11-09 09:03:19'),
(135, 2, 0, '2015-11-09 09:03:19', '2015-11-09 09:03:19'),
(136, 2, 1, '2015-11-09 09:03:19', '2015-11-11 06:59:42'),
(137, 2, 0, '2015-11-09 09:03:19', '2015-11-09 09:03:19'),
(138, 2, 0, '2015-11-09 09:03:19', '2015-11-09 09:03:19'),
(139, 2, 0, '2015-11-09 09:03:19', '2016-01-08 08:38:26'),
(140, 2, 0, '2015-11-09 09:03:19', '2015-11-09 09:03:19'),
(141, 2, 0, '2015-11-09 09:03:20', '2015-11-09 09:03:20'),
(142, 2, 0, '2015-11-09 09:03:20', '2015-11-09 09:03:20'),
(143, 2, 0, '2015-11-09 09:03:20', '2015-11-09 09:03:20'),
(144, 2, 0, '2015-11-09 09:03:20', '2015-11-09 09:03:20'),
(145, 2, 0, '2015-11-09 09:03:20', '2015-12-24 07:21:57'),
(146, 2, 0, '2015-11-09 09:08:56', '2016-01-08 08:38:26'),
(147, 2, 0, '2015-11-09 09:08:57', '2015-11-09 09:08:57'),
(148, 2, 0, '2015-11-09 09:08:57', '2015-11-09 09:08:57'),
(149, 2, 0, '2015-11-09 09:08:57', '2015-11-09 09:08:57'),
(150, 2, 0, '2015-11-09 09:08:57', '2015-11-09 09:08:57'),
(151, 2, 0, '2015-11-09 09:08:57', '2015-11-09 09:08:57'),
(152, 2, 0, '2015-11-09 09:08:57', '2015-12-24 07:21:57'),
(153, 2, 0, '2015-11-09 09:08:57', '2016-01-08 08:38:26'),
(154, 2, 0, '2015-11-09 09:08:57', '2015-11-09 09:08:57'),
(155, 2, 0, '2015-11-09 09:08:57', '2016-01-08 08:38:26'),
(156, 2, 0, '2015-11-09 09:08:57', '2015-12-24 07:21:57'),
(157, 2, 0, '2015-11-09 09:08:57', '2015-11-09 09:08:57'),
(158, 2, 0, '2015-11-09 09:08:57', '2015-11-09 09:08:57'),
(159, 2, 0, '2015-11-09 09:08:57', '2016-01-08 08:38:26'),
(160, 2, 0, '2015-11-09 09:16:36', '2016-01-14 06:26:47'),
(161, 2, 0, '2015-11-09 09:16:36', '2015-11-09 09:16:36'),
(162, 2, 0, '2015-11-09 09:16:36', '2015-11-09 09:16:36'),
(163, 2, 0, '2015-11-09 09:16:37', '2015-11-09 09:16:37'),
(164, 1, 0, '2015-11-09 09:16:37', '2015-11-19 04:54:52'),
(165, 2, 0, '2015-11-09 09:16:37', '2015-11-09 09:16:37'),
(166, 2, 0, '2015-11-09 09:16:37', '2015-12-24 07:21:57'),
(167, 2, 0, '2015-11-09 09:16:37', '2016-01-08 08:38:26'),
(168, 2, 0, '2015-11-09 09:16:37', '2015-11-09 09:16:37'),
(169, 2, 0, '2015-11-09 09:16:37', '2015-11-09 09:16:37'),
(170, 2, 0, '2015-11-09 09:16:37', '2015-11-09 09:16:37'),
(171, 2, 0, '2015-11-09 09:16:37', '2015-11-09 09:16:37'),
(172, 2, 0, '2015-11-09 09:16:37', '2015-11-09 09:16:37'),
(173, 2, 0, '2015-11-09 09:16:37', '2015-11-09 09:16:37'),
(174, 2, 0, '2015-11-09 09:41:10', '2015-11-09 09:41:10'),
(175, 2, 0, '2015-11-09 09:41:10', '2015-11-09 09:41:10'),
(176, 2, 0, '2015-11-09 09:41:10', '2015-11-09 09:41:10'),
(177, 2, 0, '2015-11-09 09:41:10', '2015-11-09 09:41:10'),
(178, 2, 0, '2015-11-09 09:41:10', '2015-11-09 09:41:10'),
(179, 2, 0, '2015-11-09 09:41:10', '2015-11-09 09:41:10'),
(180, 1, 0, '2015-11-09 09:41:10', '2015-11-19 05:29:58'),
(181, 2, 0, '2015-11-09 09:41:10', '2015-11-09 09:41:10'),
(182, 2, 0, '2015-11-09 09:41:10', '2015-11-09 09:41:10'),
(183, 1, 0, '2015-11-09 09:41:10', '2015-11-18 05:29:37'),
(184, 2, 0, '2015-11-09 09:41:11', '2015-11-09 09:41:11'),
(185, 2, 0, '2015-11-09 09:41:11', '2015-11-09 09:41:11'),
(186, 2, 0, '2015-11-09 09:41:11', '2016-01-08 08:38:26'),
(187, 2, 0, '2015-11-09 09:41:11', '2015-11-09 09:41:11'),
(188, 2, 0, '2015-11-09 09:41:11', '2015-11-09 09:41:11'),
(189, 2, 0, '2015-11-09 09:41:11', '2015-11-09 09:41:11'),
(190, 2, 0, '2015-11-09 09:41:11', '2016-01-14 06:26:47'),
(191, 2, 0, '2015-11-09 09:41:11', '2016-01-14 06:26:47'),
(192, 2, 0, '2015-11-09 09:41:11', '2015-12-24 07:21:57'),
(193, 2, 0, '2015-11-09 09:41:11', '2015-11-09 09:41:11'),
(194, 2, 0, '2015-11-09 09:41:11', '2015-11-09 09:41:11'),
(195, 2, 0, '2015-11-09 09:41:11', '2015-11-09 09:41:11'),
(196, 2, 0, '2015-11-09 09:41:11', '2015-11-09 09:41:11'),
(197, 2, 0, '2015-11-09 09:41:12', '2016-01-14 06:26:47'),
(198, 2, 0, '2015-11-09 09:41:12', '2015-11-09 09:41:12'),
(199, 2, 0, '2015-11-09 09:41:12', '2015-11-09 09:41:12'),
(200, 2, 0, '2015-11-09 09:41:12', '2016-01-14 06:26:47'),
(201, 2, 0, '2015-11-09 09:41:12', '2015-11-09 09:41:12'),
(202, 2, 0, '2015-11-09 09:41:12', '2015-11-09 09:41:12'),
(203, 2, 0, '2015-11-09 09:41:12', '2016-01-08 08:38:26'),
(204, 1, 1, '2015-11-09 09:41:12', '2015-11-17 06:38:46'),
(205, 2, 0, '2015-11-09 09:41:12', '2015-12-15 06:06:38'),
(206, 2, 0, '2015-11-09 09:41:12', '2015-11-09 09:41:12'),
(207, 2, 0, '2015-11-09 09:41:12', '2015-11-09 09:41:12'),
(208, 2, 0, '2015-11-09 09:41:12', '2015-11-09 09:41:12'),
(209, 2, 0, '2015-11-09 09:41:12', '2015-11-09 09:41:12'),
(210, 1, 0, '2015-11-09 09:41:12', '2015-11-19 04:50:28'),
(211, 2, 0, '2015-11-09 09:41:13', '2015-11-09 09:41:13'),
(212, 2, 0, '2015-11-09 09:41:13', '2016-01-14 06:26:47'),
(213, 2, 0, '2015-11-09 09:41:13', '2015-11-09 09:41:13'),
(214, 2, 0, '2015-11-09 09:41:13', '2015-11-09 09:41:13'),
(215, 2, 0, '2015-11-09 09:41:13', '2015-11-09 09:41:13'),
(216, 2, 0, '2015-11-09 09:41:13', '2015-11-09 09:41:13'),
(217, 2, 0, '2015-11-09 09:41:13', '2015-11-09 09:41:13'),
(218, 2, 0, '2015-11-09 09:41:13', '2015-12-24 07:21:57'),
(219, 2, 0, '2015-11-09 09:41:13', '2015-11-09 09:41:13'),
(220, 2, 0, '2015-11-09 09:41:13', '2015-11-09 09:41:13'),
(221, 2, 0, '2015-11-09 09:41:13', '2016-01-08 08:38:26'),
(222, 2, 0, '2015-11-09 09:41:13', '2015-11-09 09:41:13'),
(223, 2, 0, '2015-11-09 09:41:14', '2015-11-09 09:41:14'),
(224, 2, 0, '2015-11-09 09:41:14', '2015-12-24 07:21:57'),
(225, 2, 0, '2015-11-16 10:16:06', '2016-01-08 08:38:26'),
(226, 1, 0, '2015-11-17 09:28:21', '2015-11-17 09:28:21'),
(228, 1, 0, '2015-11-19 09:08:31', '2015-11-19 09:08:31');

-- --------------------------------------------------------

--
-- Table structure for table `users`
--

CREATE TABLE IF NOT EXISTS `users` (
  `id` int(11) NOT NULL AUTO_INCREMENT COMMENT 'user id',
  `email` varchar(255) NOT NULL,
  `encrypted_password` text NOT NULL,
  `reset_password_token` text,
  `reset_password_sent_at` timestamp NULL DEFAULT NULL,
  `remember_created_at` timestamp NULL DEFAULT NULL,
  `sign_in_count` int(11) NOT NULL DEFAULT '0',
  `current_sign_in_at` timestamp NULL DEFAULT NULL,
  `last_sign_in_at` timestamp NULL DEFAULT NULL,
  `confirmation_token` text,
  `confirmation_sent_at` timestamp NULL DEFAULT NULL,
  `created_at` timestamp NULL DEFAULT CURRENT_TIMESTAMP,
  `updated_at` timestamp NULL DEFAULT NULL,
  `avatar_file_name` text,
  `avatar_content_file` text,
  `avatar_file_size` int(11) DEFAULT NULL,
  `avatar_updated_at` timestamp NULL DEFAULT NULL,
  `first_name` text NOT NULL,
  `last_name` text NOT NULL,
  `floor_id` int(11) DEFAULT NULL,
  `shift_id` tinyint(4) NOT NULL,
  `what_taste` text,
  `want_vegan_meal` tinyint(1) NOT NULL DEFAULT '0',
  `admin` tinyint(1) NOT NULL DEFAULT '0',
  `authentication_token` text NOT NULL,
  `read_announcements` text NOT NULL,
  `read_comments` text NOT NULL,
  `read_replies_announcements` text NOT NULL,
  `read_replies_comments` text NOT NULL,
  `gcm_regid` text NOT NULL,
  PRIMARY KEY (`id`),
  UNIQUE KEY `id` (`id`),
  UNIQUE KEY `email` (`email`)
) ENGINE=InnoDB  DEFAULT CHARSET=utf8 AUTO_INCREMENT=229 ;

--
-- Dumping data for table `users`
--

INSERT INTO `users` (`id`, `email`, `encrypted_password`, `reset_password_token`, `reset_password_sent_at`, `remember_created_at`, `sign_in_count`, `current_sign_in_at`, `last_sign_in_at`, `confirmation_token`, `confirmation_sent_at`, `created_at`, `updated_at`, `avatar_file_name`, `avatar_content_file`, `avatar_file_size`, `avatar_updated_at`, `first_name`, `last_name`, `floor_id`, `shift_id`, `what_taste`, `want_vegan_meal`, `admin`, `authentication_token`, `read_announcements`, `read_comments`, `read_replies_announcements`, `read_replies_comments`, `gcm_regid`) VALUES
(1, 'admin@enclave.vn', '$2a$08$nEbxG0vbmTGcgoaLJ2i4Du1QRs1WLAtsol0Xdy80hhS5LHQvzFK/6', NULL, NULL, NULL, 0, NULL, NULL, NULL, NULL, NULL, '2015-12-10 09:18:29', 'admin1.png', 'http://localhost/assets/images/users/admin1.png', NULL, NULL, 'Admin', 'Enclave', 1, 2, 'Normal', 0, 1, 'd4ea8ad002f0ffa085f5a7f3a558ede1655a470af6a1153b9c167859bc146aedd7e71fd91583d3cc247164e887f40458233c1320c37e93efba4c56c373c4110bboquXTIhC7ixck49J+qByRf4mmCr3z/ZCEuD4tlHyB4=', '', '', '[{"announcement":"4","replies":3045},{"announcement":"4","replies":3048},{"announcement":"7","replies":3203},{"announcement":"9","replies":3927},{"announcement":"11","replies":3928},{"announcement":"11","replies":3933},{"announcement":"11","replies":3935},{"announcement":"11","replies":3936},{"announcement":"11","replies":3937},{"announcement":"11","replies":3938},{"announcement":"11","replies":3939},{"announcement":"11","replies":3940},{"announcement":"11","replies":3966},{"announcement":"10","replies":4123},{"announcement":"14","replies":4125},{"announcement":"14","replies":4126}]', '[{"comment":"1","replies":2581},{"comment":"2","replies":2582},{"comment":"3","replies":2583},{"comment":"12","replies":2587},{"comment":"12","replies":2588},{"comment":"12","replies":2589},{"comment":"11","replies":2590},{"comment":"13","replies":2592},{"comment":"13","replies":2593},{"comment":"13","replies":2594},{"comment":"25","replies":2587},{"comment":"25","replies":2630},{"comment":"25","replies":2631},{"comment":"25","replies":2632},{"comment":"25","replies":2639},{"comment":"25","replies":2640},{"comment":"25","replies":2641},{"comment":"25","replies":2642},{"comment":"25","replies":2643},{"comment":"25","replies":2644},{"comment":"25","replies":2645},{"comment":"25","replies":2646},{"comment":"25","replies":2647},{"comment":"25","replies":2648},{"comment":"25","replies":2649},{"comment":"25","replies":2704},{"comment":"25","replies":2705},{"comment":"26","replies":2707},{"comment":"26","replies":2708},{"comment":"26","replies":2709},{"comment":"23","replies":2710},{"comment":"26","replies":2712},{"comment":"24","replies":2713},{"comment":"26","replies":2718},{"comment":"25","replies":2720},{"comment":"26","replies":2722},{"comment":"26","replies":2725},{"comment":"26","replies":2726},{"comment":"26","replies":2729},{"comment":"26","replies":2732},{"comment":"26","replies":2739},{"comment":"26","replies":2745},{"comment":"26","replies":2746},{"comment":"26","replies":2750},{"comment":"26","replies":2788},{"comment":"26","replies":2790},{"comment":"25","replies":2793},{"comment":"26","replies":2797},{"comment":"27","replies":2836},{"comment":"27","replies":2837},{"comment":"27","replies":2858},{"comment":"27","replies":2863},{"comment":"24","replies":2873},{"comment":"24","replies":2874},{"comment":"27","replies":2878},{"comment":"27","replies":2879},{"comment":"27","replies":2880},{"comment":"27","replies":2882},{"comment":"27","replies":2884},{"comment":"27","replies":2885},{"comment":"27","replies":2886},{"comment":"24","replies":2887},{"comment":"23","replies":2888},{"comment":"27","replies":2890},{"comment":"23","replies":2892},{"comment":"27","replies":2898},{"comment":"27","replies":2900},{"comment":"26","replies":2933},{"comment":"24","replies":2941},{"comment":"28","replies":2961},{"comment":"24","replies":2962},{"comment":"24","replies":2963},{"comment":"24","replies":2979},{"comment":"26","replies":2980},{"comment":"24","replies":2981},{"comment":"24","replies":2987},{"comment":"27","replies":2989},{"comment":"29","replies":3111},{"comment":"31","replies":3204},{"comment":"31","replies":3205},{"comment":"29","replies":3209},{"comment":"31","replies":3210},{"comment":"31","replies":3335},{"comment":"31","replies":3337},{"comment":"31","replies":3338},{"comment":"31","replies":3350},{"comment":"31","replies":3354},{"comment":"31","replies":3365},{"comment":"31","replies":3366},{"comment":"31","replies":3369},{"comment":"31","replies":3371},{"comment":"31","replies":3378},{"comment":"32","replies":3676},{"comment":"32","replies":3677},{"comment":"33","replies":3684},{"comment":"37","replies":4002},{"comment":"37","replies":4005},{"comment":"37","replies":4006},{"comment":"37","replies":4007},{"comment":"37","replies":4008},{"comment":"37","replies":4009},{"comment":"41","replies":4032},{"comment":"41","replies":4081},{"comment":"41","replies":4082},{"comment":"37","replies":4083},{"comment":"37","replies":4084},{"comment":"37","replies":4085},{"comment":"41","replies":4086},{"comment":"41","replies":4087},{"comment":"41","replies":4088},{"comment":"40","replies":4089},{"comment":"41","replies":4090},{"comment":"59","replies":4110},{"comment":"59","replies":4111},{"comment":"59","replies":4112},{"comment":"59","replies":4113},{"comment":"63","replies":4114}]', ''),
(85, 'cody@enclave.vn', '$2a$08$gEh8Uxi6LUEpNFADvk3COuh2Puqy0ygtIr5foLz0Ui3/9KtAos/0u', '675733726370586e4276395975455069', '2015-12-07 08:56:03', '2015-11-09 08:22:02', 0, '2015-11-09 08:22:02', '2015-11-09 08:22:02', NULL, '2015-11-09 08:22:02', '2015-11-09 08:22:02', '2015-12-01 04:23:04', 'Cody1.JPG', 'http://localhost/assets/images/users/Cody1.JPG', NULL, NULL, 'Cody', 'Nguyen', 5, 2, 'Normal 2', 1, 0, '57feb8552827725fe54b31525320a107d67822b9f2d557c0d608a71e15e9f817a267b01b3efc9fc77631fd62fb4dbdd27dfa83bca61219349033fa18228c9ae6gk6t0upCFV9KxMDcXQqlJE0SQYxM/TQNCzXbo8QxwH4=', '4;10;14', '50;51;52;53;54;55;56;57;58;59;60;61;62;63', '[{"announcement":"10","replies":"4080;3932;3930;3926;3925;3924"},{"announcement":"10","replies":"4123"},{"announcement":"10","replies":4124},{"announcement":"14","replies":"4125"},{"announcement":"14","replies":"4126"},{"announcement":"14","replies":4127}]', '[{"comment":"59","replies":4097},{"comment":"59","replies":4098},{"comment":"59","replies":4099},{"comment":"59","replies":4100},{"comment":"58","replies":4101},{"comment":"56","replies":4102},{"comment":"56","replies":4103},{"comment":"56","replies":4104},{"comment":"56","replies":4105},{"comment":"56","replies":4106},{"comment":"59","replies":4107},{"comment":"59","replies":4108},{"comment":"59","replies":4109},{"comment":"59","replies":"4095;4096;4093;4094"},{"comment":"59","replies":"4110"},{"comment":"59","replies":"4112;4111"},{"comment":"59","replies":"4113"},{"comment":"63","replies":"4114"},{"comment":"63","replies":4115},{"comment":"63","replies":4116},{"comment":"63","replies":4117},{"comment":"63","replies":4118},{"comment":"63","replies":4119},{"comment":"63","replies":4120},{"comment":"63","replies":4121},{"comment":"63","replies":4122}]', ''),
(86, 'harold@enclave.vn', '$2a$08$nEbxG0vbmTGcgoaLJ2i4Du1QRs1WLAtsol0Xdy80hhS5LHQvzFK/6', NULL, '2015-11-09 08:22:02', '2015-11-09 08:22:02', 0, '2015-11-09 08:22:02', '2015-11-09 08:22:02', NULL, '2015-11-09 08:22:02', '2015-11-09 08:22:02', '2015-11-16 09:17:26', 'Harold.JPG', 'http://localhost/assets/images/users/Harold.JPG', NULL, NULL, 'Harold', 'Bui', 2, 2, 'Normal', 1, 0, '4a8b74140bb02f0b99da933ae6cdcbee70d65cdac8d28ea75ba0b08043b2396b158a4fac567f04b2c4c589602976797f6ac7176e32334ea4654e696f2e9701bcLJPazf5kgoBMEv6eycN8p0CRQvEs/MHK0BODGhhrpXg=', '', '', '', '', 'k_nPp3Ptz4E:APA91bET4fCQJVfzNjX5rCEreEsj2xvWBR3CWinHPAy6nodS9VxyHlpt6vv5bW7eCXHA7Sjr5p_nNjh-Km8pAF7sSxieN6XnIbvFUIwdFByw_F-JI-anM5Ck_ZNw_Al_kspr90J53oHH'),
(87, 'huck@enclave.vn', '$2a$08$nEbxG0vbmTGcgoaLJ2i4Du1QRs1WLAtsol0Xdy80hhS5LHQvzFK/6', NULL, '2015-11-09 08:22:02', '2015-11-09 08:22:02', 0, '2015-11-09 08:22:02', '2015-11-09 08:22:02', NULL, '2015-11-09 08:22:02', '2015-11-09 08:22:02', '2015-11-11 07:14:08', 'Huck.JPG', 'http://localhost/assets/images/users/Huck.JPG', NULL, NULL, 'Huck', 'Nguyen', 1, 2, 'Normal', 0, 0, '076e205ee43c6719448928fc2d79bef574a8641613d0cc7602a0757862df2ea76b7dd027f11f5b839becfd8f6a1490b71c168606f9bf3f846ae1254fa93310f4pis1N5f4V0uvx2b/i5L4DMdPG92Umwym1mEMVyGJaRk=', '', '', '', '', ''),
(88, 'ace@enclave.vn', '$2a$08$gUvHux4AatpubmAECRKooucExZ7kIckbKFzgHs9.PqogUhaG/O3AW', NULL, '2015-11-09 08:26:56', '2015-11-09 08:26:56', 0, '2015-11-09 08:26:56', '2015-11-09 08:26:56', NULL, '2015-11-09 08:26:56', '2015-11-09 08:26:56', '2015-12-07 07:50:51', 'Ace.JPG', 'http://localhost/assets/images/users/Ace.JPG', NULL, NULL, 'Ace', 'Doan', 4, 1, 'Normal', 0, 0, '5a91ac44efe1662d74020aa3800713e503a0c2bf4769bec1083c3e3964837312c3a71f2e51e17084634880dbcc75303f3f07389501e8619da08c7d1fd4962489lMPug1ib1NYRjIAoaEsv1BbPNnxNzWIi9gvw6qmgo9o=', '', '', '', '', ''),
(89, 'ethan@enclave.vn', '$2a$08$nEbxG0vbmTGcgoaLJ2i4Du1QRs1WLAtsol0Xdy80hhS5LHQvzFK/6', NULL, '2015-11-09 08:26:56', '2015-11-09 08:26:56', 0, '2015-11-09 08:26:56', '2015-11-09 08:26:56', NULL, '2015-11-09 08:26:56', '2015-11-09 08:26:56', '2015-11-17 09:19:40', 'Ethan.JPG', 'http://localhost/assets/images/users/Ethan.JPG', NULL, NULL, 'Ethan', 'Nguyen', 4, 1, 'Normal', 0, 0, '768d9d259253aea8e65c07eda0cc219968707d54ffb65f63a4281605456a09c11bff7c64b96fabb44bb55169624e1ef2c23a93bc87e02f8ca6a0bcb1dbef09a8Hu15wS27j/RcncS6/exJp8Oc9G8ft9EtgIdJdrkKyAk=', '', '', '', '', 'cHpAHevEAps:APA91bHlsVmw4zvmBrsgBBG5Ck-BcOXLtZBohopikWTn7ngOYpVcr2N7JsCI2urjsAo_DV8Uid-0W_ijPGPMQXnm2jWD0aFOzhLitcI4m9IFjoKmyVGeqF-WOUItTV9UeNOycxYHpBGa'),
(90, 'diane@enclave.vn', '$2a$08$nEbxG0vbmTGcgoaLJ2i4Du1QRs1WLAtsol0Xdy80hhS5LHQvzFK/6', NULL, '2015-11-09 08:26:56', '2015-11-09 08:26:56', 0, '2015-11-09 08:26:56', '2015-11-09 08:26:56', NULL, '2015-11-09 08:26:56', '2015-11-09 08:26:56', '2015-11-17 08:49:54', 'Diane.JPG', 'http://localhost/assets/images/users/Diane.JPG', NULL, NULL, 'Diane', 'Nguyen', 5, 2, 'Normal', 0, 0, '350e3612f2ad1f137ff32485041bd08e39b6c9e5eb7ae34af5b5c1bcfb8c39a004387f2499766b1c611f269711570efc15ff5240f3032363ac464e065b2c9f6049BNArIkVHtFfCFsy1synWf6JkAI2ezIvhFu9VFRaWI=', '', '', '', '', ''),
(91, 'dash@enclave.vn', '$2a$08$nEbxG0vbmTGcgoaLJ2i4Du1QRs1WLAtsol0Xdy80hhS5LHQvzFK/6', NULL, '2015-11-09 08:32:41', '2015-11-09 08:32:41', 0, '2015-11-09 08:32:41', '2015-11-09 08:32:41', NULL, '2015-11-09 08:32:41', '2015-11-09 08:32:41', '2015-11-16 09:08:06', 'Dash.JPG', 'http://localhost/assets/images/users/Dash.JPG', NULL, NULL, 'Dash', 'Pham', 5, 3, 'Normal', 0, 0, '3bbdc55a6ebdf14501d61ce73f3ecb331a3bb0faad2b2aba5ad8fc58bbcd7e03551d101b9876e8e34a8bff68c024e66af6f444b9955ebe5bbbb93eb6d7f4d258G94JnxYAbzCWxlPQNDYHIIxpRDFSXRxS/MYrdYdlyYA=', '', '', '', '', 'dzZq5kRYeK0:APA91bFRZUYjWZ_qGzn7hVrP9VUEKQJ8HTOF3XzM1dwHIRBuDDaXzYPZ2vxN51zTmlze3SRya95TCnG6gOPVNTIUopbF3qxJZCD0icBDKREwzvlgdj3GeqIbnXihc074JX6AvhwfyHB6'),
(92, 'don@enclave.vn', '$2a$08$nEbxG0vbmTGcgoaLJ2i4Du1QRs1WLAtsol0Xdy80hhS5LHQvzFK/6', NULL, '2015-11-09 08:32:41', '2015-11-09 08:32:41', 0, '2015-11-09 08:32:41', '2015-11-09 08:32:41', NULL, '2015-11-09 08:32:41', '2015-11-09 08:32:41', '2015-11-16 09:50:20', 'Don.JPG', 'http://localhost/assets/images/users/Don.JPG', NULL, NULL, 'Don', 'Le', 3, 1, 'Normal', 0, 0, '2a27eb8f59ad9fc04f6430256aeb24c1d9f2577fda855eb2638e39be2f910ad513a7ea7557403ebf17a1173ccaf6df4b6089225800a52215bd76e7c748616325PtwAyy+mIztVQC0ONTQAR/nWauUQWHyMpoYWf+D+guY=', '', '', '', '', ''),
(93, 'dustin@enclave.vn', '$2a$08$nEbxG0vbmTGcgoaLJ2i4Du1QRs1WLAtsol0Xdy80hhS5LHQvzFK/6', NULL, '2015-11-09 08:32:41', '2015-11-09 08:32:41', 0, '2015-11-09 08:32:41', '2015-11-09 08:32:41', NULL, '2015-11-09 08:32:41', '2015-11-09 08:32:41', '2015-11-17 08:39:51', 'Dustin.JPG', 'http://localhost/assets/images/users/Dustin.JPG', NULL, NULL, 'Dustin', 'Nguyen', 2, 3, 'Normal', 0, 0, '6f1a1614448be1e36169005fe481c4bb1ebc2d6faca88151bb64b820e649787d4e01b05c768cfc16badbd60194fd400d37b1f1c3dc6efca4b7021f62feba81d3AinhDmz0GF08PQqGR6ZE0+FAdTW6+6aL2hPZtyiNN7Q=', '', '', '', '', ''),
(94, 'haven@enclave.vn', '$2a$08$nEbxG0vbmTGcgoaLJ2i4Du1QRs1WLAtsol0Xdy80hhS5LHQvzFK/6', NULL, '2015-11-09 08:32:41', '2015-11-09 08:32:41', 0, '2015-11-09 08:32:41', '2015-11-09 08:32:41', NULL, '2015-11-09 08:32:41', '2015-11-09 08:32:41', '2015-11-17 08:02:11', 'Haven.JPG', 'http://localhost/assets/images/users/Haven.JPG', NULL, NULL, 'Haven', 'Vo', 2, 3, 'Normal', 0, 0, '6c5731bc51e4d67b3a1373bc6213082d711f2fa532b5569dc6732e5e52205291820441af68086ea19b49c4187203534addfefa1f7fd9f35b029a65f28cf7fc80yAr8inotYDtL07qLXEtVPX6+3W4KO6jGjeKkw2XKjhY=', '', '', '', '', 'dDJAXjhFFAw:APA91bHz4gOg5ZDrqpcmAHb0Ulg7dCQ2bm3oT6J83phODW932SJAx68sZquAg0AD6_PyQzrNPBkTKyawPpMEGiQlbuHjVFX7rzXZS_6Zv8k54DtXg0eegeHJS6YObvl7_6Pp9kMo7S4j'),
(95, 'huey@enclave.vn', '$2a$08$nEbxG0vbmTGcgoaLJ2i4Du1QRs1WLAtsol0Xdy80hhS5LHQvzFK/6', NULL, '2015-11-09 08:32:42', '2015-11-09 08:32:42', 0, '2015-11-09 08:32:42', '2015-11-09 08:32:42', NULL, '2015-11-09 08:32:42', '2015-11-09 08:32:42', '2015-11-17 08:37:14', 'Huey.JPG', 'http://localhost/assets/images/users/Huey.JPG', NULL, NULL, 'Huey', 'Nguyen', 2, 3, 'Normal', 0, 0, '27627d20192e44d69fec2f3eb063468eefefb70ab77fa520d0cb778870399fbf769be115df0e59168fb02822909fd776fe4edf891307e4336246db19b7dfe90cKvkg5Jm6vlr7t2Yv/WGvBn9bt8Etpr8X5e0UdcTjZ0g=', '', '', '', '', 'dOjuwTahfKw:APA91bHedzCadjkdzZEgG0Wh7YJyi6fSutKKtomRCPbEj7cywCunqNLmoz7MOD3yEeeBQLOMGZRV4_nJIkerqQWuKc8gQC4W1OzBkgCI1dfZExENyCMiGa41oYGt8eNa_scSFp0GOZby'),
(96, 'king@enclave.vn', '$2a$08$nEbxG0vbmTGcgoaLJ2i4Du1QRs1WLAtsol0Xdy80hhS5LHQvzFK/6', NULL, '2015-11-09 08:32:42', '2015-11-09 08:32:42', 0, '2015-11-09 08:32:42', '2015-11-09 08:32:42', NULL, '2015-11-09 08:32:42', '2015-11-09 08:32:42', '2015-11-17 09:18:18', 'King.JPG', 'http://localhost/assets/images/users/King.JPG', NULL, NULL, 'King', 'Tran', 2, 3, 'Normal', 0, 0, 'c0c10ea4cda6352fbf2b0ac4a5ee330dcea8b87d34d03faaa97a16254afeadc828be36b1906b1876ac5e652410794efc28d94e6c808bd51413b33f178508c5696UHCC5uVVYCrmV/pvZIR/0Levsh431RGkLDy/OF9iSs=', '', '3;4', '', '[{"comment":"3","replies":2584},{"comment":"3","replies":"2583"}]', 'c_giOwkVlvY:APA91bEBTyiYuhQW-GIBL7DVxhx4Q4D8Hg4jPVOpXgG2shkKQ1timRU6YIok9UzGZAhS96Ly_bHldLNiLP_JVDVpeEeeu0orieNyOsStNO5ZOXQwIeuDWGwfTLQKjLmj7oS6N-HAooZ0'),
(97, 'leo@enclave.vn', '$2a$08$nEbxG0vbmTGcgoaLJ2i4Du1QRs1WLAtsol0Xdy80hhS5LHQvzFK/6', NULL, '2015-11-09 08:32:42', '2015-11-09 08:32:42', 0, '2015-11-09 08:32:42', '2015-11-09 08:32:42', NULL, '2015-11-09 08:32:42', '2015-11-09 08:32:42', '2015-11-17 08:51:47', 'Leo.JPG', 'http://localhost/assets/images/users/Leo.JPG', NULL, NULL, 'Leo', 'Nguyen', 3, 1, 'Normal', 0, 0, '878f2f251d93d8e4c6d00880c0e6050ad8b6dc50a92051b26e2cc95bb1292a06feeb24b36468648266e1204ef0cb3f8edcef9ffdfb385a48873ec80fe92b2a81xjPTd2U4ZAUnd7LSd/piyE3anuBel4U3VoCs0AWHypg=', '', '', '', '', 'dDoTdOqwCgw:APA91bEYUbCXOQltZq-tY7JmYaQT22rwtRzx6KVM7VdhbbpvYtKtj4-EVyewUBuGJ_Qf2g-2BKAfLxLkA6RfcTpjSTF6O_AAgetf7jh8ZcVdFgCtBapF_tkce1n5CXEj5RzdbtBc98H7'),
(98, 'lucas@enclave.vn', '$2a$08$nEbxG0vbmTGcgoaLJ2i4Du1QRs1WLAtsol0Xdy80hhS5LHQvzFK/6', NULL, '2015-11-09 08:32:42', '2015-11-09 08:32:42', 0, '2015-11-09 08:32:42', '2015-11-09 08:32:42', NULL, '2015-11-09 08:32:42', '2015-11-09 08:32:42', '2015-11-11 07:20:25', 'Lucas.JPG', 'http://localhost/assets/images/users/Lucas.JPG', NULL, NULL, 'Lucas', 'Tran', 1, 2, 'Normal', 0, 0, 'fd310f48695092613cab0eebf71c6a634c73fba5913c147051b3e7734e3b902c33355104a8527259f122f767770b74f8c1ea88c355c435c1057419cf28f99babrc/MzkmVQECmEyzbUvAaLDciH/L6TpZYqLmr0+thG40=', '', '', '', '', ''),
(99, 'william@enclave.vn', '$2a$08$nEbxG0vbmTGcgoaLJ2i4Du1QRs1WLAtsol0Xdy80hhS5LHQvzFK/6', NULL, '2015-11-09 08:32:42', '2015-11-09 08:32:42', 0, '2015-11-09 08:32:42', '2015-11-09 08:32:42', NULL, '2015-11-09 08:32:42', '2015-11-09 08:32:42', '2015-11-17 09:11:00', 'William.JPG', 'http://localhost/assets/images/users/William.JPG', NULL, NULL, 'William', 'Vo', 4, 2, 'Normal', 0, 0, '8b2b7d2281169fd1ba3712b7daecf2a403e675bb0a0279a0525dfadeed627bafa9691298bb9f6ca3a6c7ea1100a617b128f38d9bd71579c9380dbb3afde4a98a8TtFhwSDGFVDBMyMF/+Bf2w9LRQkBREalePHqgM80u4=', '', '', '', '', ''),
(100, 'jamie@enclave.vn', '$2a$08$nEbxG0vbmTGcgoaLJ2i4Du1QRs1WLAtsol0Xdy80hhS5LHQvzFK/6', NULL, '2015-11-09 08:41:12', '2015-11-09 08:41:12', 0, '2015-11-09 08:41:12', '2015-11-09 08:41:12', NULL, '2015-11-09 08:41:12', '2015-11-09 08:41:12', '2015-11-11 07:21:48', 'Jamie.JPG', 'http://localhost/assets/images/users/Jamie.JPG', NULL, NULL, 'Jamie', 'Dao', 1, 2, 'Normal', 0, 0, '32f1a6365a88a9fd730bc979bb95805d4af2848b4454908c36bee75cb6422eba48979d0a3c4cb2961dcfe681ba8fc4c659c597b1201acbcc1baf83071ffd8006q+N/6FkbsR7pORVaL3mDTfQPOIM4hC39pK5XU7soqWM=', '', '', '', '', ''),
(101, 'tharin@enclave.vn', '$2a$08$nEbxG0vbmTGcgoaLJ2i4Du1QRs1WLAtsol0Xdy80hhS5LHQvzFK/6', NULL, '2015-11-09 08:41:12', '2015-11-09 08:41:12', 0, '2015-11-09 08:41:12', '2015-11-09 08:41:12', NULL, '2015-11-09 08:41:12', '2015-11-09 08:41:12', '2015-11-16 09:30:41', 'Tharin.JPG', 'http://localhost/assets/images/users/Tharin.JPG', NULL, NULL, 'Tharin', 'Nguyen', 2, 3, 'Normal', 0, 0, 'c383e586c1aeb30e9d863db94ea7a689a0b62c31d066b022f0446afe1aff8093c7525626125a27143296f9577ea3c7681db4e2ddd58aec901c446f5554c37c5bWvmkI40r3NjnHREeuNJPQpjO+u3mSZaApNVIlxKaqf4=', '', '', '', '', 'nAi9t-0JXZE:APA91bEAeiVY1TBIjkfXDvyWJ-CiLb9UpaqyyY4DC-LhNsjxxxsvCArG7XOQukv0ajZfuSHankPNw5wq4113Y6wimey3tycu7ig4cgoZyq5nr5zNLyEqa4lFpqkjhc3rktv2TOzogHE2'),
(102, 'toni@enclave.vn', '$2a$08$nEbxG0vbmTGcgoaLJ2i4Du1QRs1WLAtsol0Xdy80hhS5LHQvzFK/6', NULL, '2015-11-09 08:41:12', '2015-11-09 08:41:12', 0, '2015-11-09 08:41:12', '2015-11-09 08:41:12', NULL, '2015-11-09 08:41:12', '2015-11-09 08:41:12', '2015-11-17 08:40:19', 'Toni.JPG', 'http://localhost/assets/images/users/Toni.JPG', NULL, NULL, 'Toni', 'Vo', 3, 1, 'Normal', 0, 0, 'b80753a3371904e3155dda1ed3a0aa7a1b7776580c17896ff5a9c70c7df7f1e1a9163641b55af3c65addf13529dc862f45d82c5d61286aefe9f4e308b679c81dIx8jyn7P8JOCXXdPv1hK901g5v4cBUB5Snw80USrWR4=', '', '', '', '', ''),
(103, 'tony@enclave.vn', '$2a$08$nEbxG0vbmTGcgoaLJ2i4Du1QRs1WLAtsol0Xdy80hhS5LHQvzFK/6', NULL, '2015-11-09 08:41:12', '2015-11-09 08:41:12', 0, '2015-11-09 08:41:12', '2015-11-09 08:41:12', NULL, '2015-11-09 08:41:12', '2015-11-09 08:41:12', '2015-11-17 09:10:07', 'Tony.JPG', 'http://localhost/assets/images/users/Tony.JPG', NULL, NULL, 'Tony', 'Tran', 4, 2, 'Normal', 0, 0, '17c8709514ea760694d8bdac6c9e9a86abf23d09552a5df408169e0bb8fefc0284c24d675ad32273e28cf95b4581d33a199bd44207c2b64106def7c99b341e14DSOYuk/VLxVzEA+Q5ghrO3PtvXw3fhxvsuhzohfNXJU=', '', '', '', '', 'l5R6aABtO5s:APA91bEDaYfzd6_n9HyGJU504mFVCiN1Dks-lku_EAoXs3YGpfT5XE79qZ5WH0p5kglixQp79gUC6tcBpPWGssCKhq6FLeCUw9TfEMG1KcPH7Qc6Y8nwvpjtxiDy4n8z59W0c3uoGEIm'),
(104, 'topher@enclave.vn', '$2a$08$nEbxG0vbmTGcgoaLJ2i4Du1QRs1WLAtsol0Xdy80hhS5LHQvzFK/6', NULL, '2015-11-09 08:41:12', '2015-11-09 08:41:12', 0, '2015-11-09 08:41:12', '2015-11-09 08:41:12', NULL, '2015-11-09 08:41:12', '2015-11-09 08:41:12', '2015-11-17 08:57:13', 'Topher.JPG', 'http://localhost/assets/images/users/Topher.JPG', NULL, NULL, 'Topher', 'Nguyen', 3, 1, 'Normal', 0, 0, '44a39ab9c16b01c4a6b922e981b9eb94af7c95493fa9dcbe36b3729a935c2eb52cd385fcb73a7571349d070cba88a3879bf4ffd4b40484f629266210968d78fbgMq2mJo3z1TISDhV0YoDnlrFEKiWlrEsrqQN3goxxnE=', '', '', '', '', 'f0fw_K1X43Q:APA91bFW75quN4OUkc-lvoYV67fV31EJ3ihIKottGC5NmMQYlDq0vjzklA94AYIvaNWk_BEiR5gyN9HdvUNMCqg7mwrPrEQukW7e_GjlNTEk2NSTb6MFT2U3VL4mSUHgKn7_5pKh_A7k'),
(105, 'violet@enclave.vn', '$2a$08$nEbxG0vbmTGcgoaLJ2i4Du1QRs1WLAtsol0Xdy80hhS5LHQvzFK/6', NULL, '2015-11-09 08:41:13', '2015-11-09 08:41:13', 0, '2015-11-09 08:41:13', '2015-11-09 08:41:13', NULL, '2015-11-09 08:41:13', '2015-11-09 08:41:13', '2015-11-17 07:59:53', 'Violet.JPG', 'http://localhost/assets/images/users/Violet.JPG', NULL, NULL, 'Violet', 'Dao', 3, 1, 'Normal', 0, 0, 'd8046ebf041b78e580b73492c060770096ce3025ae5fc2da8bb350852ae9b3999e5e8f1c5b1b95ddbaa738f14e6fa11d206c711befdf89a23d59039ec83a03502phx/6G3P9y2mLDoSf00MFwRRyZ6GpS3WpvphF5NcBs=', '', '', '', '', ''),
(106, 'varick@enclave.vn', '$2a$08$nEbxG0vbmTGcgoaLJ2i4Du1QRs1WLAtsol0Xdy80hhS5LHQvzFK/6', NULL, '2015-11-09 08:41:13', '2015-11-09 08:41:13', 0, '2015-11-09 08:41:13', '2015-11-09 08:41:13', NULL, '2015-11-09 08:41:13', '2015-11-09 08:41:13', '2015-11-17 08:47:33', 'Varick.JPG', 'http://localhost/assets/images/users/Varick.JPG', NULL, NULL, 'Varick', 'Tran', 4, 2, 'Normal', 0, 0, '0308d58a3d9240213c9682c140846dee4358f0f031a2dd82a9bae3607eb6cce5ee09a3bf6499a2fb2ec82787cce0deb20071a8c40fc163d2f6c6057d849df9fajErxEJfmkUNBbDeA83CcrjqqJk6u2nQmH0p8UswhekQ=', '', '', '', '', ''),
(107, 'david@enclave.vn', '$2a$08$nEbxG0vbmTGcgoaLJ2i4Du1QRs1WLAtsol0Xdy80hhS5LHQvzFK/6', NULL, '2015-11-09 08:41:13', '2015-11-09 08:41:13', 0, '2015-11-09 08:41:13', '2015-11-09 08:41:13', NULL, '2015-11-09 08:41:13', '2015-11-09 08:41:13', '2015-11-16 09:08:27', 'David.JPG', 'http://localhost/assets/images/users/David.JPG', NULL, NULL, 'David', 'Tran', 2, 2, 'Normal', 0, 0, '17c0e6196cef04f95757c50448e7829fbb3d624b62f07f9f66314c98dd108611d08db0eeed278f1da646d17581fa51605389f20261c7e5028b3cab3c954b4d47e7mFUWXH7cLnsk9P2VUw80JUtjhOrWKrM69Bg1Glrx0=', '', '', '', '', 'cILLSJsZQao:APA91bHF8gXpe8eVZsSlbmR-Mu5bSgyXRP2dnqhbliaVMuXyaSyG7W_03qtv2_FGCmRx26wgpAws2DUNucx6rI0XlNI3Gac8OUHx6JP3s_9ijogkej_QoZuPfZOwvOo9lIWp23re_pX4'),
(108, 'calvin@enclave.vn', '$2a$08$nEbxG0vbmTGcgoaLJ2i4Du1QRs1WLAtsol0Xdy80hhS5LHQvzFK/6', NULL, '2015-11-09 08:41:13', '2015-11-09 08:41:13', 0, '2015-11-09 08:41:13', '2015-11-09 08:41:13', NULL, '2015-11-09 08:41:13', '2015-11-09 08:41:13', '2015-11-17 08:00:38', 'Calvin.JPG', 'http://localhost/assets/images/users/Calvin.JPG', NULL, NULL, 'Calvin', 'Nguyen', 1, 2, 'Normal', 0, 0, 'a594c2981bd98b147d0bea0aee39bacb5ca896b517374483999e36eff9b03be812e63a6c852ff8ddc925b648b73a8ce55f2de0604b70aca88355743443a09355d6alVcQ/+Fflg+M97jnEYq39E5yZ4BDroSs0y7EtQbc=', '', '', '', '', ''),
(109, 'clark@enclave.vn', '$2a$08$nEbxG0vbmTGcgoaLJ2i4Du1QRs1WLAtsol0Xdy80hhS5LHQvzFK/6', NULL, '2015-11-09 08:49:09', '2015-11-09 08:49:09', 0, '2015-11-09 08:49:09', '2015-11-09 08:49:09', NULL, '2015-11-09 08:49:09', '2015-11-09 08:49:09', '2015-11-17 09:22:28', 'Clark.JPG', 'http://localhost/assets/images/users/Clark.JPG', NULL, NULL, 'Clark', 'Pham', 3, 3, 'Normal', 0, 0, '61e7a9c6c8ad756717c7c2087241c41acbf28452251aead705f2b3b38da1744896e989934e2bfa374cb0e0d4ec2bf1bb95769b39f3cf81248844e28d9401bf433DW9z0YLTU01HPFABN9oa5ZTSBihXhdG5o6EWV+nGQc=', '', '', '', '', 'dyANOamPw50:APA91bHMmp_wh6CLbIBGLjPNks_D61DvfuKBRaW19b0Bfvdmakr-ml_3wMQ3TYvBEUrPbhhMXyzu2SEYJGoZzICuPRFUhsSLTWt_b1Z5zd2ngMO5StsbrEbFfW6sC0_OD_V_L37Y6MEx'),
(110, 'dennis@enclave.vn', '$2a$08$nEbxG0vbmTGcgoaLJ2i4Du1QRs1WLAtsol0Xdy80hhS5LHQvzFK/6', NULL, '2015-11-09 08:49:09', '2015-11-09 08:49:09', 0, '2015-11-09 08:49:09', '2015-11-09 08:49:09', NULL, '2015-11-09 08:49:09', '2015-11-09 08:49:09', '2015-11-16 09:08:39', 'Dennis.JPG', 'http://localhost/assets/images/users/Dennis.JPG', NULL, NULL, 'Dennis', 'Tran', 5, 2, 'Normal', 0, 0, 'ffe9727bc0e98f6fe83d8a94233af20f08fc473eac61d25ce2875e476a1e9bb57dcc0fa5ed489f8eee21da9a9c6defab97c09e8a0a882847bd2e8920da66a538CESPnfW2OBHfLzlJtgqSQ/k8Q3rW9lBREn7KyC032Zo=', '', '', '', '', ''),
(111, 'vincent@enclave.vn', '$2a$08$nEbxG0vbmTGcgoaLJ2i4Du1QRs1WLAtsol0Xdy80hhS5LHQvzFK/6', NULL, '2015-11-09 08:49:09', '2015-11-09 08:49:09', 0, '2015-11-09 08:49:09', '2015-11-09 08:49:09', NULL, '2015-11-09 08:49:09', '2015-11-09 08:49:09', '2015-11-17 08:37:58', 'Vincent.JPG', 'http://localhost/assets/images/users/Vincent.JPG', NULL, NULL, 'Vincent', 'Dao', 2, 3, 'Normal', 0, 0, '3cc6802518537e765b7a54cde7eb159a23e85b045d4bec67add5ca62bb5350bf420ec9d7edbeb6db286b838d1bfefed52b19c8ebbc1b7f136d4e54df409d9c23a/9NC9Vo1gzPxPOsQUzuk/wgmjBnszdV3m4SX0NJ/gQ=', '', '', '', '', ''),
(112, 'permelia@enclave.vn', '$2a$08$nEbxG0vbmTGcgoaLJ2i4Du1QRs1WLAtsol0Xdy80hhS5LHQvzFK/6', NULL, '2015-11-09 08:49:09', '2015-11-09 08:49:09', 0, '2015-11-09 08:49:09', '2015-11-09 08:49:09', NULL, '2015-11-09 08:49:09', '2015-11-09 08:49:09', '2015-11-11 07:27:37', 'Permelia.JPG', 'http://localhost/assets/images/users/Permelia.JPG', NULL, NULL, 'Permelia', 'Dao', 1, 2, 'Normal', 0, 0, '55a9235528aa8c89d5048fd27771a23f4fdbef8c23ab78e7e164293684ec8e57241a711a9dad65e10b7cdfcd65acba990adaff435e7808b71668d60f6eae04abYpvlh3FyuHKAY+45Kov6aEwXRC03jbwJi5RpVxFpT6k=', '', '', '', '', ''),
(113, 'dino@enclave.vn', '$2a$08$nEbxG0vbmTGcgoaLJ2i4Du1QRs1WLAtsol0Xdy80hhS5LHQvzFK/6', NULL, '2015-11-09 08:49:09', '2015-11-09 08:49:09', 0, '2015-11-09 08:49:09', '2015-11-09 08:49:09', NULL, '2015-11-09 08:49:09', '2015-11-09 08:49:09', '2015-11-16 09:43:23', 'Dino.JPG', 'http://localhost/assets/images/users/Dino.JPG', NULL, NULL, 'Dino', 'Nguyen', 3, 1, 'Normal', 0, 0, 'c2eaae48546a7de48a4a19bfc482d102c12fceab9bc95fe0b56845e82c7fb889c7c5176c3630a113a326664f6e592e54122f1a298a23d4a5d7115f79c876f44bKPjQnelQfe19as1x4Lx+bk33Vn+4VwOplbYE4VDf7GE=', '', '', '', '', 'cHlPuILNql0:APA91bEVUPr0tFkyvUC8OZNDZdjROblF96a_wQnsKuF-AX8IYeObaK74MnrIvuGLZSmqCo_EdCXH7N8QVScD8OaurVKV-95UvNL5iQpMH8gmHwbw61NyuJ38EQ8fqXniA3RTeOOuxD3Z'),
(114, 'clara@enclave.vn', '$2a$08$nEbxG0vbmTGcgoaLJ2i4Du1QRs1WLAtsol0Xdy80hhS5LHQvzFK/6', NULL, '2015-11-09 08:49:09', '2015-11-09 08:49:09', 0, '2015-11-09 08:49:09', '2015-11-09 08:49:09', NULL, '2015-11-09 08:49:09', '2015-11-09 08:49:09', '2015-11-11 07:28:21', 'Clara.JPG', 'http://localhost/assets/images/users/Clara.JPG', NULL, NULL, 'Clara', 'Dinh', 1, 2, 'Normal', 0, 0, '3145d4e9357f9c506e168ff31ec49f632573bf32e1a6965c942fbbc39dd6be96d866423e376dbfaf9c243810f8cc42e0f83157de7d5d5741d63f280163339acagyGAOjnVtPEbbC9oITMj9WKyy2wYIaM5yWZiNu5Dio8=', '', '', '', '', ''),
(115, 'anna@enclave.vn', '$2a$08$nEbxG0vbmTGcgoaLJ2i4Du1QRs1WLAtsol0Xdy80hhS5LHQvzFK/6', NULL, '2015-11-09 08:49:09', '2015-11-09 08:49:09', 0, '2015-11-09 08:49:09', '2015-11-09 08:49:09', NULL, '2015-11-09 08:49:09', '2015-11-09 08:49:09', '2015-11-11 07:28:49', 'Anna.JPG', 'http://localhost/assets/images/users/Anna.JPG', NULL, NULL, 'Anna', 'Doan', 1, 2, 'Normal', 0, 0, 'e4a85f7ed09343ab1519f6072223bb59a319bf8d492efaa93966a0d7c40d295a3e476d8b198516f08016e0ee6feb4cff725bd10c0f2d31b89383cf5764b71b86AFuNRPoafSmZ6305hykHXmO+eLvaafMPaRNJyWO351w=', '', '', '', '', ''),
(116, 'river@enclave.vn', '$2a$08$JGsoqnE/GVPl1pJrcVfUzuBAa0DrgW10gaB0aY2ujXXhD0GY5EQlq', NULL, '2015-11-09 08:49:09', '2015-11-09 08:49:09', 0, '2015-11-09 08:49:09', '2015-11-09 08:49:09', NULL, '2015-11-09 08:49:09', '2015-11-09 08:49:09', '2015-11-16 09:28:09', 'River.JPG', 'http://localhost/assets/images/users/River.JPG', NULL, NULL, 'River', 'Do', 5, 2, 'Normal', 0, 0, '6d3ebd6a60fefcce960ff3ebeee8ced3fd5268882267fa34fd171866e473b1a0f3f38eac42627a7e02220005e4f1edb18859dc4fc1fc25bad4931785d49325a2owBBNvK0ZFYTWVPq77eunc5FPpsCVLxY9Mzm+4gJsgc=', '', '7', '', '[{"comment":"7","replies":2586},{"comment":"7","replies":2633},{"comment":"7","replies":2634},{"comment":"7","replies":2635},{"comment":"7","replies":2636},{"comment":"7","replies":2637},{"comment":"7","replies":2638}]', 'fNdPEjlHldI:APA91bGVM_CRIiOjdenr68g-NJFt8Rr1MCg7pMGrjcvoQ5GApm4fYkVzK9p5-UyFISYVpyUvedOD8M4PRaW5IABBY-pZroEFRLlrz_PyCsnQIkye3TbckV97kRlQdqKfQFxzFGubcgst'),
(117, 'daryl@enclave.vn', '$2a$08$nEbxG0vbmTGcgoaLJ2i4Du1QRs1WLAtsol0Xdy80hhS5LHQvzFK/6', NULL, '2015-11-09 08:49:09', '2015-11-09 08:49:09', 0, '2015-11-09 08:49:09', '2015-11-09 08:49:09', NULL, '2015-11-09 08:49:09', '2015-11-09 08:49:09', '2015-11-17 08:56:41', 'Daryl.JPG', 'http://localhost/assets/images/users/Daryl.JPG', NULL, NULL, 'Daryl', 'Dang', 2, 3, 'Normal', 0, 0, '695b16c6b325a78afb7a439754a1c7fca6e687206bb56fed2cdac700f036f5b40339d85196b37648b25d6e0df37b035d1d15fcc79e7289ad6b06c35ae1dda766JnoaQrrpWsfAjemTfsVX5Q4m7tuz5XytWLp6HyG5O88=', '', '', '', '', 'kD1kDosX4z8:APA91bGEUYWRkrNaMHmp85nTaHQ4O2oghpDEXKVaEUflCvh_NbUZAQzNas5LFtWNroGHzjoMWYTJXYTLNbBbMy7I4LFKCdQ_kL9R61fwJsMrq7GsK2D-27LVN_FCLz59Bgetl1KNiWFr'),
(118, 'hans@enclave.vn', '$2a$08$nEbxG0vbmTGcgoaLJ2i4Du1QRs1WLAtsol0Xdy80hhS5LHQvzFK/6', NULL, '2015-11-09 08:56:05', '2015-11-09 08:56:05', 0, '2015-11-09 08:56:05', '2015-11-09 08:56:05', NULL, '2015-11-09 08:56:05', '2015-11-09 08:56:05', '2015-11-17 08:01:34', 'Hans.JPG', 'http://localhost/assets/images/users/Hans.JPG', NULL, NULL, 'Hans', 'Tran', 2, 3, 'Normal', 0, 0, '7157d56492896aaeb065cd06d97be53d85ddc82dada35dadf4cb8b04dd5b1cd142f098b81da441959b0ee9abcdb026a2ae2f95203548dd2c1789a78029941cfeJoelA1qY2918XidoP9xHMRVC2RNk8JNxNeW+nOo1y1g=', '', '2', '', '', 'erJ3UOc7hSI:APA91bHajjwS4PDABj2X9nd3S7fMytgLF1itF2XfX_WFLy2PcEXs8S8O7Rh9nUdz0e-BD9LSPgKZfCXIQKJQvtL_weinCHwE3mwS8aGLWfa9i8PeP4jgIkZppwbW7FUeSwoRm3TeaWzj'),
(119, 'hayward@enclave.vn', '$2a$08$nEbxG0vbmTGcgoaLJ2i4Du1QRs1WLAtsol0Xdy80hhS5LHQvzFK/6', NULL, '2015-11-09 08:56:05', '2015-11-09 08:56:05', 0, '2015-11-09 08:56:05', '2015-11-09 08:56:05', NULL, '2015-11-09 08:56:05', '2015-11-09 08:56:05', '2015-11-11 07:30:52', 'Hayward.JPG', 'http://localhost/assets/images/users/Hayward.JPG', NULL, NULL, 'Hayward', 'Le', 1, 2, 'Normal', 0, 0, '7e1d66112a71945ed2d7786b69e308b0fd935361493c50fa60d870022bd539ede87dc7463866e1f1646e01fafbdbe7954332bd8a733e1c2294df10c7c648c977j1Zb8k8tcAANCGRIRU15DBSvWpbWBuFWdAIY3E5yWhg=', '', '', '', '', 'm0vfkbqP_E4:APA91bHmk1SkL4JkGf1Sk4BDsB6D8HHDMWbgyA2N2VbagZNwr8bIkfwNrGLYLRZYHxAlTEJvW6HtINX3oNj4m4OEJDUE6MQTD-gwdKLED1jWfzJZRW-MnmiPxRrj0gwIH7MDWtWE0pA0'),
(120, 'hugh@enclave.vn', '$2a$08$nEbxG0vbmTGcgoaLJ2i4Du1QRs1WLAtsol0Xdy80hhS5LHQvzFK/6', NULL, '2015-11-09 08:56:05', '2015-11-09 08:56:05', 0, '2015-11-09 08:56:05', '2015-11-09 08:56:05', NULL, '2015-11-09 08:56:05', '2015-11-09 08:56:05', '2015-11-17 09:09:02', 'Hugh.JPG', 'http://localhost/assets/images/users/Hugh.JPG', NULL, NULL, 'Hugh', 'Nguyen', 3, 1, 'Normal', 0, 0, 'dd749dc7b615f740dc8fae195ec15de52e8f634bbe492d787ef19822ff8fce0aaeff5375371813bc65913827e4cdabcfb126ebf66e24d2a8fe27ff76bfd21e39daw/G55cCdQFjEd3d3QXnmRJUDt8FaNtUNTkLHEWpKY=', '', '', '', '', ''),
(121, 'hanie@enclave.vn', '$2a$08$nEbxG0vbmTGcgoaLJ2i4Du1QRs1WLAtsol0Xdy80hhS5LHQvzFK/6', NULL, '2015-11-09 08:56:05', '2015-11-09 08:56:05', 0, '2015-11-09 08:56:05', '2015-11-09 08:56:05', NULL, '2015-11-09 08:56:05', '2015-11-09 08:56:05', '2015-11-17 09:13:43', 'Hanie.JPG', 'http://localhost/assets/images/users/Hanie.JPG', NULL, NULL, 'Hanie', 'Pham', 2, 3, 'Normal', 0, 0, '05b4499931421c2be2933a687a831d811d7442ea91ed21948e38ead721b6bee6619283b919e4e840cbbb61ec8f795c46ab69bf538d837793c019fdda21b6e4c6aKNezpzg0yLohe0XEeAPVQVW3xk+CYehhWrYMkquJBg=', '', '', '', '', ''),
(122, 'datherine@enclave.vn', '$2a$08$nEbxG0vbmTGcgoaLJ2i4Du1QRs1WLAtsol0Xdy80hhS5LHQvzFK/6', NULL, '2015-11-09 08:56:05', '2015-11-09 08:56:05', 0, '2015-11-09 08:56:05', '2015-11-09 08:56:05', NULL, '2015-11-09 08:56:05', '2015-11-09 08:56:05', '2015-11-17 08:59:17', 'Datherine.JPG', 'http://localhost/assets/images/users/Datherine.JPG', NULL, NULL, 'Datherine', 'Hoang', 4, 2, 'Normal', 0, 0, '7e404a73273029d8190d0d3adeada38a6b18038ca20d6b85e0bf6eec2880119551b05af2cfaa7b75b5c868b9e3978f72b127966c5933938c57cc09b96741f9b8Pc/Q4eZo8wrb8x9f6OxVNDiLFSE4GemN1Jrds3ZuJqE=', '', '', '', '', ''),
(123, 'alvin@enclave.vn', '$2a$08$nEbxG0vbmTGcgoaLJ2i4Du1QRs1WLAtsol0Xdy80hhS5LHQvzFK/6', NULL, '2015-11-09 08:56:05', '2015-11-09 08:56:05', 0, '2015-11-09 08:56:05', '2015-11-09 08:56:05', NULL, '2015-11-09 08:56:05', '2015-11-09 08:56:05', '2015-11-16 08:02:31', 'Alvin.JPG', 'http://localhost/assets/images/users/Alvin.JPG', NULL, NULL, 'Alvin', 'Ho', 5, 2, 'Normal', 0, 0, 'b707633de7669bed1cec5e3c2798f53e8882700a123440c96bf60a4b02fad118f464a7d71036b729fc7358a1ec5918ca27483157109dfd50859d1ba1e531c128sEE49teb+38Mfc11jWDOVsmc0OqAX8tWKniOadZaulk=', '', '', '', '', ''),
(124, 'helen@enclave.vn', '$2a$08$nEbxG0vbmTGcgoaLJ2i4Du1QRs1WLAtsol0Xdy80hhS5LHQvzFK/6', NULL, '2015-11-09 08:56:05', '2015-11-09 08:56:05', 0, '2015-11-09 08:56:05', '2015-11-09 08:56:05', NULL, '2015-11-09 08:56:05', '2015-11-09 08:56:05', '2015-11-17 09:10:48', 'Helen.JPG', 'http://localhost/assets/images/users/Helen.JPG', NULL, NULL, 'Helen', 'Le', 4, 2, 'Normal', 0, 0, '3967fa2d165205d9ee845c71c60f04d3123ac7186e12ecc4214c3046af4146e430e162cc284694bb0756970c800e7ec0de39301dcbd8fcec2d99f1a00338e5b5fMGe64oCvA94ihhpiUTbuJclyDP/Lny9kIbifJl11Qk=', '', '', '', '', ''),
(125, 'henri@enclave.vn', '$2a$08$nEbxG0vbmTGcgoaLJ2i4Du1QRs1WLAtsol0Xdy80hhS5LHQvzFK/6', NULL, '2015-11-09 08:56:05', '2015-11-09 08:56:05', 0, '2015-11-09 08:56:05', '2015-11-09 08:56:05', NULL, '2015-11-09 08:56:05', '2015-11-09 08:56:05', '2015-11-11 07:33:40', 'Henri.JPG', 'http://localhost/assets/images/users/Henri.JPG', NULL, NULL, 'Henri', 'Nguyen', 1, 2, 'Normal', 0, 0, '20757e9e6d80e3e3a5c3305ef31a63d3ab068ad834c237c592f6e39a92cb9c3c06355580bf1d358aa821aee6ca4edb14bbcfcc6aeb022fceb1e36cc4230009f0vSlipg50tO1WG6by7kvUwUZ4Z0B1GuNlzli6r4XhOsE=', '', '', '', '', ''),
(126, 'nick@enclave.vn', '$2a$08$f7kC/vKbIG5Oazw2/C1iluBFPke3SXSacUxmwo.LFWGchGUe2gtBa', '436f75646a536d58385a6b5248444656', '2015-12-04 10:32:41', '2015-11-09 08:56:06', 0, '2015-11-09 08:56:06', '2015-11-09 08:56:06', NULL, '2015-11-09 08:56:06', '2015-11-09 08:56:06', '2015-12-15 07:15:53', 'Nick1.JPG', 'http://localhost/assets/images/users/Nick1.JPG', NULL, NULL, 'Nick', 'Huynh', 2, 2, 'Normal', 1, 0, '57ee30166db24d3734507a1fece6a01df65b05a753597a37bfa5e39c7317476567369eacfe423cfe6d2dae7136f0d18a9fb9d7794bef06f54c6933f20de28513kOC0+AaNNqO0c4Rzo/n2v8PuFNiKyupeRjd/XJaFIoU=', '5;9;10;11;7', '37;38;39;40;41', '[{"announcement":"9","replies":3902},{"announcement":"9","replies":3903},{"announcement":"9","replies":3904},{"announcement":"9","replies":3905},{"announcement":"9","replies":3909},{"announcement":"9","replies":3910},{"announcement":"9","replies":3911},{"announcement":"9","replies":3912},{"announcement":"9","replies":3914},{"announcement":"9","replies":3915},{"announcement":"9","replies":3921},{"announcement":"9","replies":"3916"},{"announcement":"9","replies":3922},{"announcement":"9","replies":3923},{"announcement":"9","replies":"3922;3923"},{"announcement":"10","replies":3924},{"announcement":"10","replies":"11"},{"announcement":"10","replies":3926},{"announcement":"10","replies":"3925;3926"},{"announcement":"11","replies":"3928"},{"announcement":"10","replies":3930},{"announcement":"11","replies":3931},{"announcement":"11","replies":"3929"},{"announcement":"10","replies":3932},{"announcement":"10","replies":"3931"},{"announcement":"11","replies":3934},{"announcement":"11","replies":"3933;3935;3936;3937"},{"announcement":"11","replies":"3938;3939;3940"},{"announcement":"11","replies":3960},{"announcement":"11","replies":3961},{"announcement":"11","replies":"3941;3942"},{"announcement":"11","replies":3964},{"announcement":"11","replies":3965},{"announcement":"11","replies":"3962;3963"},{"announcement":"11","replies":"3966"},{"announcement":"11","replies":3967},{"announcement":"11","replies":3968},{"announcement":"11","replies":3969},{"announcement":"11","replies":3970},{"announcement":"11","replies":3971},{"announcement":"11","replies":3972},{"announcement":"11","replies":3973},{"announcement":"11","replies":3974},{"announcement":"11","replies":3975},{"announcement":"11","replies":3976},{"announcement":"11","replies":3977},{"announcement":"11","replies":3978},{"announcement":"11","replies":3979},{"announcement":"11","replies":3980},{"announcement":"11","replies":3981},{"announcement":"11","replies":3982},{"announcement":"11","replies":3983},{"announcement":"11","replies":3984},{"announcement":"11","replies":3985},{"announcement":"11","replies":3986},{"announcement":"11","replies":3987},{"announcement":"11","replies":3988},{"announcement":"11","replies":3989},{"announcement":"11","replies":3990},{"announcement":"11","replies":3991},{"announcement":"11","replies":3992},{"announcement":"11","replies":3993},{"announcement":"11","replies":3994},{"announcement":"11","replies":3995},{"announcement":"11","replies":3996},{"announcement":"11","replies":"3967;3968;3969;3970;3971;3972;3973;3974;3975;3976;3977;3978;3979;3980;3981;3982;3983;3984;3985;3986;3987;3988;3989;3990;3991;3992;3993;3994;3995;3996"},{"announcement":"9","replies":"3927"},{"announcement":"11","replies":"0"},{"announcement":"10","replies":"0"},{"announcement":"9","replies":"0"},{"announcement":"11","replies":"0"},{"announcement":"11","replies":"0"},{"announcement":"11","replies":"0"},{"announcement":"11","replies":"0"},{"announcement":"11","replies":"0"},{"announcement":"9","replies":4003},{"announcement":"9","replies":4004},{"announcement":"9","replies":"3928;3929"},{"announcement":"11","replies":4033},{"announcement":"11","replies":4034},{"announcement":"11","replies":"3997;3998"},{"announcement":"10","replies":4080},{"announcement":"10","replies":"3933"},{"announcement":"7","replies":4091},{"announcement":"7","replies":4092},{"announcement":"7","replies":"3203;3204;3205"}]', '[{"comment":"37","replies":3895},{"comment":"37","replies":3896},{"comment":"37","replies":3897},{"comment":"37","replies":"38;39;40"},{"comment":"37","replies":3898},{"comment":"37","replies":3899},{"comment":"37","replies":3900},{"comment":"37","replies":"3899"},{"comment":"37","replies":"3899;3900;3901"},{"comment":"37","replies":"3899;3900"},{"comment":"37","replies":3901},{"comment":"0","replies":"9"},{"comment":"0","replies":"9;10"},{"comment":"0","replies":"9;10;11"},{"comment":"0","replies":"9"},{"comment":"0","replies":"9;3902"},{"comment":"0","replies":"9;3902;3903"},{"comment":"0","replies":"9;3902;3903;3904"},{"comment":"0","replies":"9"},{"comment":"0","replies":"9;3902"},{"comment":"0","replies":"9;3902;3903;3904"},{"comment":"0","replies":"9;3902;3903"},{"comment":"0","replies":"9;3902;3903"},{"comment":"0","replies":"9;3902;3903;3904"},{"comment":"0","replies":"9;3902"},{"comment":"0","replies":"9"},{"comment":"0","replies":"9"},{"comment":"0","replies":"9;3902;3903"},{"comment":"0","replies":"9;3902"},{"comment":"0","replies":"9;3902;3903;3904"},{"comment":"0","replies":"9"},{"comment":"0","replies":"9;3902;3903;3904"},{"comment":"0","replies":"9;3902;3903"},{"comment":"0","replies":"9;3902"},{"comment":"37","replies":3906},{"comment":"37","replies":3907},{"comment":"37","replies":3908},{"comment":"0","replies":"9"},{"comment":"0","replies":"9;3902"},{"comment":"0","replies":"9;3902;3903"},{"comment":"0","replies":"9;3902;3903;3904"},{"comment":"0","replies":"9;3902;3903;3904;3905"},{"comment":"0","replies":"9"},{"comment":"0","replies":"9;3902;3903"},{"comment":"0","replies":"9;3902;3903;3904"},{"comment":"0","replies":"9;3902"},{"comment":"0","replies":"9;3902;3903;3904;3905"},{"comment":"0","replies":"9"},{"comment":"0","replies":"9;3902"},{"comment":"0","replies":"9;3902;3903"},{"comment":"0","replies":"9;3902;3903;3904"},{"comment":"0","replies":"9;3902;3903;3904;3905"},{"comment":"0","replies":"9;3902;3903;3904;3905;3906"},{"comment":"0","replies":"9;3902;3903;3904;3905;3906;3907;3908"},{"comment":"0","replies":"9;3902;3903;3904;3905;3906;3907"},{"comment":"0","replies":"9"},{"comment":"0","replies":"9;3902"},{"comment":"0","replies":"9;3902;3903;3904"},{"comment":"0","replies":"9;3902;3903;3904;3905"},{"comment":"0","replies":"9;3902;3903;3904;3905;3909"},{"comment":"0","replies":"9;3902;3903;3904;3905;3909;3910"},{"comment":"0","replies":"9;3902;3903"},{"comment":"0","replies":"9"},{"comment":"0","replies":"9;3902"},{"comment":"0","replies":"9;3902;3903"},{"comment":"0","replies":"9;3902;3903;3904"},{"comment":"0","replies":"9;3902;3903;3904;3905"},{"comment":"0","replies":"9;3902;3903;3904;3905;3909"},{"comment":"0","replies":"9;3902;3903;3904;3905;3909;3910"},{"comment":"0","replies":"9"},{"comment":"0","replies":"9;3902;3903"},{"comment":"0","replies":"9;3902;3903;3904"},{"comment":"0","replies":"9;3902"},{"comment":"0","replies":"9;3902;3903;3904;3905"},{"comment":"0","replies":"9;3902;3903;3904;3905;3909"},{"comment":"0","replies":"9;3902;3903;3904;3905;3909;3910"},{"comment":"0","replies":"9"},{"comment":"0","replies":"9;3902;3903"},{"comment":"0","replies":"9;3902;3903;3904;3905"},{"comment":"0","replies":"9;3902;3903;3904"},{"comment":"0","replies":"9;3902;3903;3904;3905;3909"},{"comment":"0","replies":"9;3902"},{"comment":"0","replies":"9;3902;3903;3904;3905;3909;3910"},{"comment":"0","replies":"9;3902"},{"comment":"0","replies":"9;3902;3903"},{"comment":"0","replies":"9"},{"comment":"0","replies":"9;3902;3903;3904"},{"comment":"0","replies":"9;3902;3903;3904;3905"},{"comment":"0","replies":"9;3902;3903"},{"comment":"0","replies":"9;3902;3903;3904"},{"comment":"0","replies":"9;3902;3903;3904;3905"},{"comment":"0","replies":"9;3902"},{"comment":"0","replies":"9"},{"comment":"0","replies":"9;3902;3903;3904"},{"comment":"0","replies":"9;3902"},{"comment":"0","replies":"9;3902;3903"},{"comment":"0","replies":"9;3902;3903;3904;3905"},{"comment":"0","replies":"9;3902;3903;3904;3905;3909"},{"comment":"0","replies":"9;3902;3903;3904;3905;3909;3910"},{"comment":"0","replies":"9;3902;3903;3904;3905;3909;3910;3911"},{"comment":"0","replies":"9;3902;3903;3904;3905;3909;3910;3911;3912"},{"comment":"0","replies":"9"},{"comment":"0","replies":"9;3902"},{"comment":"0","replies":"9;3902;3903"},{"comment":"0","replies":"9;3902;3903;3904"},{"comment":"0","replies":"9;3902;3903;3904;3905"},{"comment":"37","replies":3913},{"comment":"37","replies":"3909"},{"comment":"0","replies":"9"},{"comment":"0","replies":"9;3902;3903"},{"comment":"0","replies":"9;3902"},{"comment":"0","replies":"9;3902;3903;3904"},{"comment":"0","replies":"9;3902;3903;3904;3905"},{"comment":"0","replies":"9;3902;3903;3904;3905;3909"},{"comment":"0","replies":"9;3902;3903;3904;3905;3909;3910"},{"comment":"0","replies":"9;3902;3903;3904;3905;3909;3910;3911"},{"comment":"0","replies":"9;3902;3903;3904;3905;3909;3910;3911;3912"},{"comment":"0","replies":"9;3902;3903;3904;3905;3909;3910;3911;3912;3913"},{"comment":"0","replies":"9;3902;3903;3904;3905;3909;3910;3911;3912;3913;3914"},{"comment":"0","replies":"9;3902"},{"comment":"0","replies":"9;3902;3903"},{"comment":"0","replies":"9;3902;3903;3904;3905"},{"comment":"0","replies":"9;3902;3903;3904;3905;3909"},{"comment":"0","replies":"9;3902;3903;3904"},{"comment":"0","replies":"9;3902;3903;3904;3905;3909;3910;3911;3912"},{"comment":"0","replies":"9;3902;3903;3904;3905;3909;3910;3911;3912;3914"},{"comment":"0","replies":"9;3902;3903;3904;3905;3909;3910"},{"comment":"0","replies":"9;3902;3903;3904;3905;3909;3910;3911"},{"comment":"37","replies":3916},{"comment":"37","replies":"3914"},{"comment":"37","replies":3917},{"comment":"37","replies":3918},{"comment":"37","replies":3919},{"comment":"37","replies":3920},{"comment":"37","replies":3929},{"comment":"37","replies":"3921"},{"comment":"37","replies":3941},{"comment":"37","replies":3942},{"comment":"37","replies":3943},{"comment":"37","replies":3944},{"comment":"37","replies":"3930;3931;3932;3933"},{"comment":"37","replies":3945},{"comment":"37","replies":"3945"},{"comment":"37","replies":3946},{"comment":"37","replies":"3946"},{"comment":"37","replies":3947},{"comment":"37","replies":3948},{"comment":"37","replies":"3947;3948;3949"},{"comment":"37","replies":3949},{"comment":"37","replies":3950},{"comment":"37","replies":3951},{"comment":"37","replies":"3951"},{"comment":"37","replies":3952},{"comment":"37","replies":"3952"},{"comment":"37","replies":3953},{"comment":"37","replies":"3953"},{"comment":"37","replies":3954},{"comment":"37","replies":3955},{"comment":"37","replies":3956},{"comment":"37","replies":3957},{"comment":"37","replies":3958},{"comment":"37","replies":3959},{"comment":"37","replies":"3958;3959"},{"comment":"37","replies":3962},{"comment":"37","replies":3963},{"comment":"37","replies":"3960;3961"},{"comment":"37","replies":3997},{"comment":"37","replies":3998},{"comment":"37","replies":3999},{"comment":"37","replies":"3964;3965;3966"},{"comment":"37","replies":4000},{"comment":"37","replies":4001},{"comment":"37","replies":"4000;4001"},{"comment":"37","replies":"4002"},{"comment":"37","replies":"4005;4006;4007;4008;4009"},{"comment":"38","replies":4010},{"comment":"38","replies":4011},{"comment":"38","replies":4012},{"comment":"38","replies":4013},{"comment":"38","replies":4014},{"comment":"38","replies":4015},{"comment":"38","replies":4016},{"comment":"38","replies":4017},{"comment":"38","replies":4018},{"comment":"38","replies":4019},{"comment":"38","replies":4020},{"comment":"38","replies":4021},{"comment":"38","replies":4022},{"comment":"38","replies":4023},{"comment":"38","replies":4024},{"comment":"38","replies":4025},{"comment":"38","replies":4026},{"comment":"38","replies":4027},{"comment":"38","replies":4028},{"comment":"38","replies":4029},{"comment":"38","replies":4030},{"comment":"38","replies":4031},{"comment":"41","replies":"4032"},{"comment":"41","replies":4035},{"comment":"41","replies":4036},{"comment":"41","replies":4037},{"comment":"41","replies":4038},{"comment":"41","replies":4039},{"comment":"41","replies":4040},{"comment":"41","replies":4041},{"comment":"41","replies":4042},{"comment":"41","replies":4043},{"comment":"41","replies":4044},{"comment":"41","replies":4045},{"comment":"41","replies":4046},{"comment":"41","replies":4047},{"comment":"41","replies":4048},{"comment":"41","replies":4049},{"comment":"41","replies":4050},{"comment":"41","replies":4051},{"comment":"41","replies":4052},{"comment":"41","replies":4053},{"comment":"41","replies":4054},{"comment":"41","replies":4055},{"comment":"41","replies":4056},{"comment":"41","replies":4057},{"comment":"41","replies":4058},{"comment":"41","replies":4059},{"comment":"41","replies":4060},{"comment":"41","replies":4061},{"comment":"41","replies":4062},{"comment":"41","replies":4063},{"comment":"41","replies":4064},{"comment":"41","replies":4065},{"comment":"41","replies":4066},{"comment":"41","replies":4067},{"comment":"41","replies":4068},{"comment":"41","replies":4069},{"comment":"41","replies":4070},{"comment":"41","replies":4071},{"comment":"41","replies":4072},{"comment":"41","replies":4073},{"comment":"41","replies":4074},{"comment":"41","replies":4075},{"comment":"41","replies":4076},{"comment":"41","replies":4077},{"comment":"41","replies":4078},{"comment":"41","replies":4079},{"comment":"40","replies":"4089"},{"comment":"41","replies":"4081;4082;4086;4087;4088"},{"comment":"41","replies":"4090"},{"comment":"37","replies":"4083;4084;4085"}]', 'mSLXPvsYjNE:APA91bEdxJ71klc4PcvD8sO30DBSk_Q3lhgxd_nHpYtU-jkY90PA35na1n7tKx9NYimGHGTqFV3MF08sw1udxYxDqnjBu5fr3RB9IfZEnMG1iVjnf-w4rKKfHGzGVgcqzionWeLbmLe5'),
(127, 'dan@enclave.vn', '$2a$08$nEbxG0vbmTGcgoaLJ2i4Du1QRs1WLAtsol0Xdy80hhS5LHQvzFK/6', NULL, '2015-11-09 08:56:06', '2015-11-09 08:56:06', 0, '2015-11-09 08:56:06', '2015-11-09 08:56:06', NULL, '2015-11-09 08:56:06', '2015-11-09 08:56:06', '2015-11-11 07:34:44', 'Dan.JPG', 'http://localhost/assets/images/users/Dan.JPG', NULL, NULL, 'Dan', 'Huynh', 1, 2, 'Normal', 0, 0, '240b5eeff4e738bfe92115ce864d710a53d86258316bb75515c0545f764b7a463ded31e2dcc49b4ce8db7567cb23eb796ba00bce3d5c18271e300868fad0d811Kn9moE1C/pC1fj7eMSfRbJ9jl3CCUpS2foQN1eazTVg=', '', '', '', '', ''),
(128, 'kare@enclave.vn', '$2a$08$nEbxG0vbmTGcgoaLJ2i4Du1QRs1WLAtsol0Xdy80hhS5LHQvzFK/6', NULL, '2015-11-09 08:56:06', '2015-11-09 08:56:06', 0, '2015-11-09 08:56:06', '2015-11-09 08:56:06', NULL, '2015-11-09 08:56:06', '2015-11-09 08:56:06', '2015-11-11 07:35:14', 'Kare.JPG', 'http://localhost/assets/images/users/Kare.JPG', NULL, NULL, 'Kare', 'Tran', 1, 2, 'Normal', 0, 0, '31eec1dab7a0eca33d8208f3a458ca59b0a520d6252d5de84edaf48c1d079b9851ed89fcbcd7bbf57e30b0238d486efffd6200076e2ce06ba46a74321c7d2d7dVzXKotBJx+3rvr9KqPb14itFiZY5SehWQ1/CFpDL9mY=', '', '', '', '', ''),
(129, 'kayo@enclave.vn', '$2a$08$nEbxG0vbmTGcgoaLJ2i4Du1QRs1WLAtsol0Xdy80hhS5LHQvzFK/6', NULL, '2015-11-09 08:56:06', '2015-11-09 08:56:06', 0, '2015-11-09 08:56:06', '2015-11-09 08:56:06', NULL, '2015-11-09 08:56:06', '2015-11-09 08:56:06', '2015-11-17 09:07:51', 'Kayo.JPG', 'http://localhost/assets/images/users/Kayo.JPG', NULL, NULL, 'Kayo', 'Tran', 3, 2, 'Normal', 0, 0, '19f974370eabeaff3294a3636850d5269f681754d29d05dd6181932ea945575062c5946c53b98a6c00814dd4f103db45fcc4d6fbf871c1bb80bf6c09ce8d9bd3dyGJ3+PA+FmxBbfAxJwkkz1ar+fugwDL73cDn6/e+zo=', '', '', '', '', ''),
(130, 'nicholas@enclave.vn', '$2a$08$nEbxG0vbmTGcgoaLJ2i4Du1QRs1WLAtsol0Xdy80hhS5LHQvzFK/6', NULL, '2015-11-09 08:56:06', '2015-11-09 08:56:06', 0, '2015-11-09 08:56:06', '2015-11-09 08:56:06', NULL, '2015-11-09 08:56:06', '2015-11-09 08:56:06', '2015-11-17 09:09:28', 'Nicholas.JPG', 'http://localhost/assets/images/users/Nicholas.JPG', NULL, NULL, 'Nicholas', 'Khuong', 4, 2, 'Normal', 0, 0, '515ef623d1fcfc9df2c282f43d73c61afa3475dd76b369c48857b039c7c240b1d43ff0336a7a6559ec686242d8c6037276da7a2dd33817ef5507dbc9b04c7a1ewVRgpftPmTlXkEH5sRoIwdQVN156otEgjLGAOJqj9fQ=', '', '', '', '', 'fKWFTNuALKc:APA91bFyXj6Pgr_Ej1G5RTMcoLBsSOFADZV9HfYiqJyUyRZCYZaqdta1Htx6bGkDvgQRyxGoel_AMbjpmvW9FDMoWDhFvNW1tq7IsiNuLfOPlDxYopKJelCTcKwoJ0LQSFQK4u8H49GI'),
(131, 'laine@enclave.vn', '$2a$08$nEbxG0vbmTGcgoaLJ2i4Du1QRs1WLAtsol0Xdy80hhS5LHQvzFK/6', NULL, '2015-11-09 08:56:06', '2015-11-09 08:56:06', 0, '2015-11-09 08:56:06', '2015-11-09 08:56:06', NULL, '2015-11-09 08:56:06', '2015-11-09 08:56:06', '2015-11-17 08:52:44', 'Laine.JPG', 'http://localhost/assets/images/users/Laine.JPG', NULL, NULL, 'Laine', 'Truong', 4, 2, 'Normal', 0, 0, 'bd1eef2bea9a3de185e685d8fd031ca8c82a694cfe20d5011a1cde0fa99b8b659b8f78aedd9aa2027b5414f763b7494c01356b6071ec55a9b7e65dd863675339ToFv2f51CQE8s73eajZY4I1SSZs+sHXP/hVbvZEB1/o=', '', '', '', '', '');
INSERT INTO `users` (`id`, `email`, `encrypted_password`, `reset_password_token`, `reset_password_sent_at`, `remember_created_at`, `sign_in_count`, `current_sign_in_at`, `last_sign_in_at`, `confirmation_token`, `confirmation_sent_at`, `created_at`, `updated_at`, `avatar_file_name`, `avatar_content_file`, `avatar_file_size`, `avatar_updated_at`, `first_name`, `last_name`, `floor_id`, `shift_id`, `what_taste`, `want_vegan_meal`, `admin`, `authentication_token`, `read_announcements`, `read_comments`, `read_replies_announcements`, `read_replies_comments`, `gcm_regid`) VALUES
(132, 'lily@enclave.vn', '$2a$08$nEbxG0vbmTGcgoaLJ2i4Du1QRs1WLAtsol0Xdy80hhS5LHQvzFK/6', NULL, '2015-11-09 09:03:19', '2015-11-09 09:03:19', 0, '2015-11-09 09:03:19', '2015-11-09 09:03:19', NULL, '2015-11-09 09:03:19', '2015-11-09 09:03:19', '2015-11-11 07:38:31', 'Lily.JPG', 'http://localhost/assets/images/users/Lily.JPG', NULL, NULL, 'Lily', 'La', 1, 2, 'Normal', 0, 0, '8c549dc046ad3b03953b4034c3e2b401b8bdb1662574f5449cbc5e54f0f07a8b573a3fda937ffa8bc13c44cac6cab430239ab6ba798b31bee38c289b1e3859ecKC90IvNRSvugFycpjJw3VmnVDTEGzJeZWICQSbHxaWE=', '', '', '', '', ''),
(133, 'thomas@enclave.vn', '$2a$08$nEbxG0vbmTGcgoaLJ2i4Du1QRs1WLAtsol0Xdy80hhS5LHQvzFK/6', NULL, '2015-11-09 09:03:19', '2015-11-09 09:03:19', 0, '2015-11-09 09:03:19', '2015-11-09 09:03:19', NULL, '2015-11-09 09:03:19', '2015-11-09 09:03:19', '2015-11-17 08:53:42', 'Thomas.JPG', 'http://localhost/assets/images/users/Thomas.JPG', NULL, NULL, 'Thomas', 'Le', 4, 2, 'Normal', 0, 0, 'd464e93912d52c7892a5487703118f0a3fbdbe1255e2d2d2791fb8c4ddf29f1a5c2dff36beea7c6b3d4a0c89b7441e689764d9bb441d9776500964246cb5689cPmb3XNq/FY9tkmWkcXYiIV9ICc2lbWEj+Jics7Sk0O0=', '', '', '', '', ''),
(134, 'victor@enclave.vn', '$2a$08$nEbxG0vbmTGcgoaLJ2i4Du1QRs1WLAtsol0Xdy80hhS5LHQvzFK/6', NULL, '2015-11-09 09:03:19', '2015-11-09 09:03:19', 0, '2015-11-09 09:03:19', '2015-11-09 09:03:19', NULL, '2015-11-09 09:03:19', '2015-11-09 09:03:19', '2015-11-17 09:17:15', 'Victor.JPG', 'http://localhost/assets/images/users/Victor.JPG', NULL, NULL, 'Victor', 'Le', 4, 2, 'Normal', 0, 0, '5c9bc18a4739d5f1d490cb2868d7d6a0749f38c613d6c8def94a2244793db58371377f30d74ee57f0f165cb501e698385a9707a83cf04d8774b91f0232696667hBYB6lsN3JX9oRy1lXwTfDkVbVrg9g99xQ5/2i/VE6I=', '', '', '', '', ''),
(135, 'juriaan@enclave.vn', '$2a$08$nEbxG0vbmTGcgoaLJ2i4Du1QRs1WLAtsol0Xdy80hhS5LHQvzFK/6', NULL, '2015-11-09 09:03:19', '2015-11-09 09:03:19', 0, '2015-11-09 09:03:19', '2015-11-09 09:03:19', NULL, '2015-11-09 09:03:19', '2015-11-09 09:03:19', '2015-11-11 07:39:55', 'Juriaan.JPG', 'http://localhost/assets/images/users/Juriaan.JPG', NULL, NULL, 'Juriaan', 'Le', 1, 2, 'Normal', 0, 0, '9d63996bbe67e4d70a9c9571dfef23b4c37c7c7397941c72230e07f56d921ee0ab8eb3c23b8f9110d539da4f8546cb385d724df039ea9bd441d1d9a34d334cf3s8JC9rPnsSkfli18TMFQVyMDlwx9+qv4mVJfDcC+rgo=', '', '', '', '', ''),
(136, 'brian@enclave.vn', '$2a$08$nEbxG0vbmTGcgoaLJ2i4Du1QRs1WLAtsol0Xdy80hhS5LHQvzFK/6', NULL, '2015-11-09 09:03:19', '2015-11-09 09:03:19', 0, '2015-11-09 09:03:19', '2015-11-09 09:03:19', NULL, '2015-11-09 09:03:19', '2015-11-09 09:03:19', '2015-11-16 09:05:47', 'Brian.JPG', 'http://localhost/assets/images/users/Brian.JPG', NULL, NULL, 'Brian', 'Le', 5, 3, 'Normal', 0, 0, 'ec4cab2326707b1b1e6dd7bb5ba7c0367878aea609ff24fac2cf1d70c0f8db516cb74a514737016a9549460148d73befbf6da48a8669b07ed026b76d4fa07aae4PE1WiaR9hI98gW4u6ogIqY4YQuHcrGfKZ65dM0gkt0=', '10', '', '[{"announcement":"10","replies":3925},{"announcement":"10","replies":"3924;3926"}]', '', 'k8z_gmaK-QA:APA91bFgidqagjUs8tFqPo27pUWQ2elKi00BLeNIX58ycZnIo6f3CMHKINkNUlYWa7d5Auth00aRXE5Dv0gxrKD371iPCdBsv1ZKhH5cJYFOVn4lNpk21ZLei9JCKRJDfVkrQwU1K2EL'),
(137, 'dalton@enclave.vn', '$2a$08$nEbxG0vbmTGcgoaLJ2i4Du1QRs1WLAtsol0Xdy80hhS5LHQvzFK/6', NULL, '2015-11-09 09:03:19', '2015-11-09 09:03:19', 0, '2015-11-09 09:03:19', '2015-11-09 09:03:19', NULL, '2015-11-09 09:03:19', '2015-11-09 09:03:19', '2015-11-11 07:41:04', 'Dalton.JPG', 'http://localhost/assets/images/users/Dalton.JPG', NULL, NULL, 'Dalton', 'Le', 1, 2, 'Normal', 0, 0, '285918cd4cb2f8b1855732b1d4dc9a5409bcc895dc86d85697ea13017babe310847085fee86a104af051616ad27692d2bf9253dc35eb944e5e7d917997ba5608UlSgFKc7QojRHx8a911dYs4IZJO8fcPOjN/7v7DmNww=', '', '', '', '', ''),
(138, 'tiffany@enclave.vn', '$2a$08$nEbxG0vbmTGcgoaLJ2i4Du1QRs1WLAtsol0Xdy80hhS5LHQvzFK/6', NULL, '2015-11-09 09:03:19', '2015-11-09 09:03:19', 0, '2015-11-09 09:03:19', '2015-11-09 09:03:19', NULL, '2015-11-09 09:03:19', '2015-11-09 09:03:19', '2015-11-17 08:01:05', 'Tiffany.JPG', 'http://localhost/assets/images/users/Tiffany.JPG', NULL, NULL, 'Tiffany', 'Le', 4, 2, 'Normal', 0, 0, '9413f1617a8e67c999e4a7e3299e40d797ec1f950157683ae068779274112842ac596597257ecca1ec2ac243fe6b422c0ffd7875c836077e75fa9a1ef698b42cQmt1RraYELs8ebBXfORqMSUv/KdxQCe6eVMIXBoAWN8=', '', '', '', '', ''),
(139, 'vidal@enclave.vn', '$2a$08$nEbxG0vbmTGcgoaLJ2i4Du1QRs1WLAtsol0Xdy80hhS5LHQvzFK/6', NULL, '2015-11-09 09:03:19', '2015-11-09 09:03:19', 0, '2015-11-09 09:03:19', '2015-11-09 09:03:19', NULL, '2015-11-09 09:03:19', '2015-11-09 09:03:19', '2015-11-11 07:41:59', 'Vidal.JPG', 'http://localhost/assets/images/users/Vidal.JPG', NULL, NULL, 'Vidal', 'Le', 1, 2, 'Normal', 1, 0, '69a0604a882c570d15d5201f0c9fceb8b75cedfbcda8602958b54b3eefc26135b1e2ee9d635a9ff468284cef48a01709a284f17400dbccba9d96e1a93d97a8a5DLwrD3ZaJoyMJz5wHDWJP5DTEvYVit1uS28kgPewVhA=', '', '', '', '', ''),
(140, 'lambert@enclave.vn', '$2a$08$nEbxG0vbmTGcgoaLJ2i4Du1QRs1WLAtsol0Xdy80hhS5LHQvzFK/6', NULL, '2015-11-09 09:03:19', '2015-11-09 09:03:19', 0, '2015-11-09 09:03:19', '2015-11-09 09:03:19', NULL, '2015-11-09 09:03:19', '2015-11-09 09:03:19', '2015-11-16 09:21:10', 'Lambert.JPG', 'http://localhost/assets/images/users/Lambert.JPG', NULL, NULL, 'Lambert', 'Tran', 5, 2, 'Normal', 0, 0, '24e95842b11009871b64c22b69cec9cb8e3b90570531adf5a892e3f063c8f9178c28e90e745cc3b61d3ca807f65810bc093c005365ffb2d98c34367903edb2a2OsQBsd8ymalM0HXG0dFz18aXrC6C9+R+eyyh9VSlzh0=', '', '', '', '', ''),
(141, 'mica@enclave.vn', '$2a$08$nEbxG0vbmTGcgoaLJ2i4Du1QRs1WLAtsol0Xdy80hhS5LHQvzFK/6', NULL, '2015-11-09 09:03:20', '2015-11-09 09:03:20', 0, '2015-11-09 09:03:20', '2015-11-09 09:03:20', NULL, '2015-11-09 09:03:20', '2015-11-09 09:03:20', '2015-11-11 07:42:59', 'Mica.JPG', 'http://localhost/assets/images/users/Mica.JPG', NULL, NULL, 'Mica', 'Doan', 1, 2, 'Normal', 0, 0, '56493a588b6c429e1838ea62d63cb12452cfc3101300dc2ceaa1864b8b72188beffcba80d6828d35e707aede0e74bdca43305f523c1bc0f0add83ade845b1bf1q15FluPPPQE2A6Nt8bsUzReNcIdQf2IEupxk4F8/YrI=', '', '', '', '', ''),
(142, 'connor@enclave.vn', '$2a$08$nEbxG0vbmTGcgoaLJ2i4Du1QRs1WLAtsol0Xdy80hhS5LHQvzFK/6', NULL, '2015-11-09 09:03:20', '2015-11-09 09:03:20', 0, '2015-11-09 09:03:20', '2015-11-09 09:03:20', NULL, '2015-11-09 09:03:20', '2015-11-09 09:03:20', '2015-11-11 07:43:29', 'Connor.JPG', 'http://localhost/assets/images/users/Connor.JPG', NULL, NULL, 'Connor', 'Tran', 1, 2, 'Normal', 0, 0, '', '', '', '', '', ''),
(143, 'anne@enclave.vn', '$2a$08$nEbxG0vbmTGcgoaLJ2i4Du1QRs1WLAtsol0Xdy80hhS5LHQvzFK/6', NULL, '2015-11-09 09:03:20', '2015-11-09 09:03:20', 0, '2015-11-09 09:03:20', '2015-11-09 09:03:20', NULL, '2015-11-09 09:03:20', '2015-11-09 09:03:20', '2015-11-17 08:58:06', 'Anne.JPG', 'http://localhost/assets/images/users/Anne.JPG', NULL, NULL, 'Anne', 'Nguyen', 3, 3, 'Normal', 0, 0, 'a580639fd01622878a23ebf11848803159997c687503a52c0ca1f7c76a1fc6a6c3289825df30e81e51a33574976a37348ae731f9d459987bad64e7ac37617155iyZ7kKX9F0RsoMJrUqwq1Di6xzPb2c9aIiuo+FQ5smg=', '', '', '', '', ''),
(144, 'nelson@enclave.vn', '$2a$08$nEbxG0vbmTGcgoaLJ2i4Du1QRs1WLAtsol0Xdy80hhS5LHQvzFK/6', NULL, '2015-11-09 09:03:20', '2015-11-09 09:03:20', 0, '2015-11-09 09:03:20', '2015-11-09 09:03:20', NULL, '2015-11-09 09:03:20', '2015-11-09 09:03:20', '2015-11-17 08:52:25', 'Nelson.JPG', 'http://localhost/assets/images/users/Nelson.JPG', NULL, NULL, 'Nelson', 'Ngo', 5, 2, 'Normal', 0, 0, '3f6f5a0008c2b5fded73eb2311a2c3653ab02546184395a7eed0329a208a8c85f0d871a4f87365d76167d8da14e6a43874d44f79176cb09875216cc90cadf7ee7ZmnL9g7WVrly1rm4K3Z/uoeHlwPGsnDcEMkTuLm2VI=', '', '', '', '', ''),
(145, 'tommy@enclave.vn', '$2a$08$nEbxG0vbmTGcgoaLJ2i4Du1QRs1WLAtsol0Xdy80hhS5LHQvzFK/6', NULL, '2015-11-09 09:03:20', '2015-11-09 09:03:20', 0, '2015-11-09 09:03:20', '2015-11-09 09:03:20', NULL, '2015-11-09 09:03:20', '2015-11-09 09:03:20', '2015-11-16 08:02:19', 'Tommy.JPG', 'http://localhost/assets/images/users/Tommy.JPG', NULL, NULL, 'Tommy', 'Ngo', 2, 3, 'Normal', 1, 0, '848b8a0d1e6ccd4eb3ec1669378c50e244958fe29d795af938d3b276479011aa4f2ed33f5da5505cffdb87daf8461215bf5e1cae35dce90119ddf77493228822lBX8DrEcnpFwXA+bm4umHTwR0C5mMKPwePKfC51HfMs=', '', '', '', '', 'lo5tTHWajMg:APA91bFBWNLLuW0MOvSOmPbdFLHNEsrl0t2ttzyCqxyg1DRy4RqbFnsJn3CrmKjz4nuMLhX0dnosdOV42p6WuRdrUzfA-IMGNBSChwLj6byl6VpbdCEiVFU9kNPsL6EtDvmT_cXwsNKq'),
(146, 'akos@enclave.vn', '$2a$08$Mg4dbRNLUIMMLxWsGotKfOSBbySFwadHv6z27Rf19ct5utFviii7q', NULL, '2015-11-09 09:08:56', '2015-11-09 09:08:56', 0, '2015-11-09 09:08:56', '2015-11-09 09:08:56', NULL, '2015-11-09 09:08:56', '2015-11-09 09:08:56', '2015-11-16 08:06:00', 'Akos.JPG', 'http://localhost/assets/images/users/Akos.JPG', NULL, NULL, 'Akos', 'Ngo', 2, 2, 'Normal', 1, 0, '4da8eb4716fcad4a7338a7c1d28c179c0d1afbbc461c60b6164e83199f6474e6d18c04714bba8e3e8655926e194ff7df5b262876ef7b535ea77334c2c00f6cfdWKPyPqoCGGX/HfXcNVtc0ovoqiwOqZmWRvfl8DpvB5M=', '', '', '', '', ''),
(147, 'nicky@enclave.vn', '$2a$08$nEbxG0vbmTGcgoaLJ2i4Du1QRs1WLAtsol0Xdy80hhS5LHQvzFK/6', NULL, '2015-11-09 09:08:57', '2015-11-09 09:08:57', 0, '2015-11-09 09:08:57', '2015-11-09 09:08:57', NULL, '2015-11-09 09:08:57', '2015-11-09 09:08:57', '2015-11-11 07:45:23', 'Nicky.JPG', 'http://localhost/assets/images/users/Nicky.JPG', NULL, NULL, 'Nicky', 'Ngo', 1, 2, 'Normal', 0, 0, 'f51aedcfce378988814f663ea087bfbda6346b6bc2f873430c070036ad9e55f5f8f3f7f67c20daf460a85d842f02276aac575d4cb36997bc07acd0933c86ed69zX4qsO5bAov9BWMnaNvcFXaSCrUt1wa792rg0m91oXI=', '', '', '', '', ''),
(148, 'trudy@enclave.vn', '$2a$08$nEbxG0vbmTGcgoaLJ2i4Du1QRs1WLAtsol0Xdy80hhS5LHQvzFK/6', NULL, '2015-11-09 09:08:57', '2015-11-09 09:08:57', 0, '2015-11-09 09:08:57', '2015-11-09 09:08:57', NULL, '2015-11-09 09:08:57', '2015-11-09 09:08:57', '2015-11-17 09:10:30', 'Trudy.JPG', 'http://localhost/assets/images/users/Trudy.JPG', NULL, NULL, 'Trudy', 'Nguyen', 4, 2, 'Normal', 0, 0, '50dc81334f059b39f8a20f6993ecb6749ec3f3f51cf9a6ab611e15dc1e8a589853f84c1af441f6de108e95317bd1cce80ef888bccd98b339365c223bdd250245wRIpK0hVzcSYqxl7DUF0wyr310cOMWAMFFtEv9Pe0Xc=', '', '', '', '', ''),
(149, 'carter@enclave.vn', '$2a$08$nEbxG0vbmTGcgoaLJ2i4Du1QRs1WLAtsol0Xdy80hhS5LHQvzFK/6', NULL, '2015-11-09 09:08:57', '2015-11-09 09:08:57', 0, '2015-11-09 09:08:57', '2015-11-09 09:08:57', NULL, '2015-11-09 09:08:57', '2015-11-09 09:08:57', '2015-11-17 08:52:07', 'Carter.JPG', 'http://localhost/assets/images/users/Carter.JPG', NULL, NULL, 'Carter', 'Nguyen', 2, 3, 'Normal', 0, 0, '5f1d27fae7d624239dbe6acf722e7b27ff79d4171711ba3fc5936326e5c5862fc94b690d55414fc62544bebf0c61dfd73e47ca19dc1ec3158147e4fb44aa4094JLgf3ckVRAjl6XyBKNaah9dtMZZ1nXkqTo6BnkDFG6M=', '', '', '', '', ''),
(150, 'van@enclave.vn', '$2a$08$nEbxG0vbmTGcgoaLJ2i4Du1QRs1WLAtsol0Xdy80hhS5LHQvzFK/6', NULL, '2015-11-09 09:08:57', '2015-11-09 09:08:57', 0, '2015-11-09 09:08:57', '2015-11-09 09:08:57', NULL, '2015-11-09 09:08:57', '2015-11-09 09:08:57', '2015-11-17 09:12:55', 'Van.JPG', 'http://localhost/assets/images/users/Van.JPG', NULL, NULL, 'Van', 'Thai', 3, 2, 'Normal', 0, 0, 'a95a129ce086db82825223379ec51f0328577c1165b0d8303e2ea48aeeb369899b7ef0582442e8b66e640257b732d5a4e56ce97d066bb4dd966ede9be7a65c97FKQe0h7t+S8ZZ8PdcVfYNBMbWA6a3QvjVc2QW+Y3CN8=', '', '', '', '', ''),
(151, 'jack@enclave.vn', '$2a$08$nEbxG0vbmTGcgoaLJ2i4Du1QRs1WLAtsol0Xdy80hhS5LHQvzFK/6', NULL, '2015-11-09 09:08:57', '2015-11-09 09:08:57', 0, '2015-11-09 09:08:57', '2015-11-09 09:08:57', NULL, '2015-11-09 09:08:57', '2015-11-09 09:08:57', '2015-11-11 07:47:04', 'Jack.JPG', 'http://localhost/assets/images/users/Jack.JPG', NULL, NULL, 'Jack', 'Nguyen', 1, 2, 'Normal', 0, 0, '07eb1666e688f201d978934eef27d213df97edc51241742c59bf24a39526caa107b210fd43ab45fa44ee14164e2d7c7dfd582a44034d261b5f09c1e5f7b88911YB55TZhD9SpAQImA9fcAeO5+zHMExUN6smO5N2PGyUM=', '', '', '', '', ''),
(152, 'fairly@enclave.vn', '$2a$08$nEbxG0vbmTGcgoaLJ2i4Du1QRs1WLAtsol0Xdy80hhS5LHQvzFK/6', NULL, '2015-11-09 09:08:57', '2015-11-09 09:08:57', 0, '2015-11-09 09:08:57', '2015-11-09 09:08:57', NULL, '2015-11-09 09:08:57', '2015-11-09 09:08:57', '2015-11-16 09:17:09', 'Fairly.JPG', 'http://localhost/assets/images/users/Fairly.JPG', NULL, NULL, 'Fairly', 'Nguyen', 2, 3, 'Normal', 0, 0, '5b59eb2058dbb69e4cd3733123456579e166dad79c09c84408348d978efe9a8bd7603ba1831682e0f38059d3c69aae4dcbf864cfb2b3955aae6ec38cd814ee37JU2v7NMNYauwHLKAdlWfkVMVLfyIXD1Sba7JAjW2j8w=', '', '', '', '', 'nFxXNoxj0DA:APA91bFdF2eXO9gvLgdkKZjpAbUGRDENWDorFRol1M7FbvXplCD72Bogvpkc5qlQd5ujcgi0iKypJbrVCSm4FLONLfDHuEKbn_aNbbxVjRaaUdemhiMfD5idRTElnR3vk_A-gIDzpinq'),
(153, 'tom@enclave.vn', '$2a$08$nEbxG0vbmTGcgoaLJ2i4Du1QRs1WLAtsol0Xdy80hhS5LHQvzFK/6', NULL, '2015-11-09 09:08:57', '2015-11-09 09:08:57', 0, '2015-11-09 09:08:57', '2015-11-09 09:08:57', NULL, '2015-11-09 09:08:57', '2015-11-09 09:08:57', '2015-11-16 09:33:39', 'Tom.JPG', 'http://localhost/assets/images/users/Tom.JPG', NULL, NULL, 'Tom', 'Nguyen', 5, 2, 'Normal', 0, 0, '839e2ca66ed25f6b7369d9891001fff061b8e6529b45d5c0ca51a5f6c68b7b24a201cc41cc19af59e5c935bcfca27fc7341003825d39f39ec7989bcd65054017l/NWphdZy30coXRxiRFuwdk9oPnP5WeLfmbc5c5m0qM=', '', '', '', '', ''),
(154, 'thatcher@enclave.vn', '$2a$08$nEbxG0vbmTGcgoaLJ2i4Du1QRs1WLAtsol0Xdy80hhS5LHQvzFK/6', NULL, '2015-11-09 09:08:57', '2015-11-09 09:08:57', 0, '2015-11-09 09:08:57', '2015-11-09 09:08:57', NULL, '2015-11-09 09:08:57', '2015-11-09 09:08:57', '2015-11-11 07:48:26', 'Thatcher.JPG', 'http://localhost/assets/images/users/Thatcher.JPG', NULL, NULL, 'Thatcher', 'Nguyen', 1, 2, 'Normal', 0, 0, 'c6e5e2fa343d943b96544e4be7af97d69f1d7d2a2a3fd72482e4a2f28da85816f898013bcf5ea5b8626369ab2dcac1585bf136fa9f95e167c07ed638727a5511MsLa0xie+EMWgplPXp18Zun0RWiX/Qps5kLGxk8sFMc=', '', '', '', '', ''),
(155, 'castiel@enclave.vn', '$2a$08$nEbxG0vbmTGcgoaLJ2i4Du1QRs1WLAtsol0Xdy80hhS5LHQvzFK/6', NULL, '2015-11-09 09:08:57', '2015-11-09 09:08:57', 0, '2015-11-09 09:08:57', '2015-11-09 09:08:57', NULL, '2015-11-09 09:08:57', '2015-11-09 09:08:57', '2015-11-16 09:06:28', 'Castiel.JPG', 'http://localhost/assets/images/users/Castiel.JPG', NULL, NULL, 'Castiel', 'Nguyen', 5, 2, 'Normal', 0, 0, '66f81a42eb2a4d24502ccb87b6330f55dad3b70cb34e925ec919fb2c8d3de15d14a785a53b3a5844d6cb2b7e1c25b60e3e0556a7eccf26598f97ff9cc559155dtgVP0ARp0ujDT4MVpKFeElpnkJzeQNQcPmhyh8eBfDQ=', '', '', '', '', ''),
(156, 'pax@enclave.vn', '$2a$08$nEbxG0vbmTGcgoaLJ2i4Du1QRs1WLAtsol0Xdy80hhS5LHQvzFK/6', NULL, '2015-11-09 09:08:57', '2015-11-09 09:08:57', 0, '2015-11-09 09:08:57', '2015-11-09 09:08:57', NULL, '2015-11-09 09:08:57', '2015-11-09 09:08:57', '2015-11-16 09:24:55', 'Pax.JPG', 'http://localhost/assets/images/users/Pax.JPG', NULL, NULL, 'Pax', 'Nguyen', 2, 3, 'Normal', 1, 0, '6a7ee9dc5fed30fb2f0b533a7fdc5a5b3d3b98cff91033ac36e327ec2d5ce83e8a1969686c7b5b1ac8d0e242cb97edde6a559805adfcb068bb7c102de8616155fNAMTsJKo2nF2Hez6U1eQ4NpsQ34d2zct2HVtNIdco8=', '', '', '', '', 'dhxUyaKI8f0:APA91bE-WnnzPqy-TD16I3v2H90ZFkvZUoFChJVqBAqiPbLSNONig1JtPGbw6V9vqMD7nyTL-0I79rMGcrGUJzl4XTwPqYUZFLX-ZAiA_yPlZDCdoAgDRvxmY3tAvyHS4OPm-6n0wf54'),
(157, 'sherry@enclave.vn', '$2a$08$nEbxG0vbmTGcgoaLJ2i4Du1QRs1WLAtsol0Xdy80hhS5LHQvzFK/6', NULL, '2015-11-09 09:08:57', '2015-11-09 09:08:57', 0, '2015-11-09 09:08:57', '2015-11-09 09:08:57', NULL, '2015-11-09 09:08:57', '2015-11-09 09:08:57', '2015-11-17 09:16:25', 'Sherry.JPG', 'http://localhost/assets/images/users/Sherry.JPG', NULL, NULL, 'Sherry', 'Nguyen', 4, 2, 'Normal', 0, 0, 'a75625a8a3a3388a28187226ea98220296e3666d551928873c24f8b03a82d6ba46556f253de5762366fb5b40275edab4584949a5ab6895d47b3b4a3e426773f07zpi8WA4s5qKVZVLmUv2gGv9r9nY66ry24J5pKV41Ak=', '', '', '', '', ''),
(158, 'nigel@enclave.vn', '$2a$08$nEbxG0vbmTGcgoaLJ2i4Du1QRs1WLAtsol0Xdy80hhS5LHQvzFK/6', NULL, '2015-11-09 09:08:57', '2015-11-09 09:08:57', 0, '2015-11-09 09:08:57', '2015-11-09 09:08:57', NULL, '2015-11-09 09:08:57', '2015-11-09 09:08:57', '2015-11-11 07:50:09', 'Nigel.JPG', 'http://localhost/assets/images/users/Nigel.JPG', NULL, NULL, 'Nigel', 'Bui', 1, 2, 'Normal', 0, 0, '758ffc11fbea6714e0d87de4596343e61e10756526e82d278442149bd8043e212d6a17a3cc6b3cfa942c63c5b3820f6f931feeea83d128590e110f0e0d949fe1+BJEL9wo/sEcN/NJ92U75nAO50/j+LeQnT+6Vnnd8X4=', '', '', '', '', ''),
(159, 'theodore@enclave.vn', '$2a$08$nEbxG0vbmTGcgoaLJ2i4Du1QRs1WLAtsol0Xdy80hhS5LHQvzFK/6', NULL, '2015-11-09 09:08:57', '2015-11-09 09:08:57', 0, '2015-11-09 09:08:57', '2015-11-09 09:08:57', NULL, '2015-11-09 09:08:57', '2015-11-09 09:08:57', '2015-11-16 09:31:07', 'Theodore.JPG', 'http://localhost/assets/images/users/Theodore.JPG', NULL, NULL, 'Theodore', 'Nguyen', 5, 2, 'Normal', 0, 0, 'a9788afaf25f10ed54d60e0b5a0eb02b9b556b2c4d6c5d353dd23f34ff74701c020da3b0a5d15df5aa6654dad996fcec312ecb04b577472c01deeabf173a615aHfsUH8QVpL7jkG8pAZkl3yGoJODQcUuGjTbGxU31rAQ=', '', '', '', '', 'koFmWlO-OxE:APA91bE16EiydELzGfj_qb6nhhGYR1KWoLdE7hpxdqQY2j0V4f_S5vAstQMR-mBF3QgNhxtPR3LCCmDLeaxXFHJb1vyWAruqkvFbYO0XZHR2lnt7nduglyY9bB0kNT6DslNBu0Na8Mka'),
(160, 'julia@enclave.vn', '$2a$08$nEbxG0vbmTGcgoaLJ2i4Du1QRs1WLAtsol0Xdy80hhS5LHQvzFK/6', NULL, '2015-11-09 09:16:36', '2015-11-09 09:16:36', 0, '2015-11-09 09:16:36', '2015-11-09 09:16:36', NULL, '2015-11-09 09:16:36', '2015-11-09 09:16:36', '2015-11-17 09:12:12', 'Julia.JPG', 'http://localhost/assets/images/users/Julia.JPG', NULL, NULL, 'Julia', 'Nguyen', 3, 1, 'Normal', 0, 0, '43aedacd46542398679564420c7e1bd21008e5efee0fe60ecdc2cd6f50e784bf61f6a7da00a9683e28d6ba766fc23475b3087165f6bb7cbe51a73b201fb6c946XvE3plIJhHl3uh/G1LIiGJT2GoPtSIwEPf0sj4cV3Jg=', '', '', '', '', ''),
(161, 'kimberly@enclave.vn', '$2a$08$nEbxG0vbmTGcgoaLJ2i4Du1QRs1WLAtsol0Xdy80hhS5LHQvzFK/6', NULL, '2015-11-09 09:16:36', '2015-11-09 09:16:36', 0, '2015-11-09 09:16:36', '2015-11-09 09:16:36', NULL, '2015-11-09 09:16:36', '2015-11-09 09:16:36', '2015-11-11 07:51:02', 'Kimberly.JPG', 'http://localhost/assets/images/users/Kimberly.JPG', NULL, NULL, 'Kimberly', 'Nguyen', 1, 2, 'Normal', 0, 0, '20587a496ba10ef6d25f984550bf7cb0003c5bbd949db7196a508fe37835d87caaa0f1e3dcbe33bb1f1f42b4a5c7efa83c8d207f8d3e676d0e992d1364b89d56SuGBHG1Q94JUL/7lCmJH1SD+xyygqI80Qf+2+7kvyFo=', '', '', '', '', 'eyKKgDsWh24:APA91bHQXLDpmmPlYZYIOiRTPrhXbPAx7wQ2-Lv4Fx8STWgKUi0GomR8lxXoQRQ1GgWKUxoFifk9Gx1xaGJDqd-c1C1jVjPU3ofFSWY_UUXda5qjHya4ziYPBEv6gWKw-hXkO3TOn6NA'),
(162, 'tanya@enclave.vn', '$2a$08$nEbxG0vbmTGcgoaLJ2i4Du1QRs1WLAtsol0Xdy80hhS5LHQvzFK/6', NULL, '2015-11-09 09:16:36', '2015-11-09 09:16:36', 0, '2015-11-09 09:16:36', '2015-11-09 09:16:36', NULL, '2015-11-09 09:16:36', '2015-11-09 09:16:36', '2015-11-17 09:07:09', 'Tanya.JPG', 'http://localhost/assets/images/users/Tanya.JPG', NULL, NULL, 'Tanya', 'Nguyen', 3, 3, 'Normal', 0, 0, '6c7ee271129b79a52d1dd117491d0069c75e5cc6fc8df5d323f501671005b239f3991e385f3ffd68ccb2017a9850ba3d5348ca9fc10d2ab85e271fc016e8ad114nZ1SRee6PGamvBhzNwpjo1QZ4EbhqDlnPWyF/3x0q8=', '', '', '', '', ''),
(163, 'vanessa@enclave.vn', '$2a$08$nEbxG0vbmTGcgoaLJ2i4Du1QRs1WLAtsol0Xdy80hhS5LHQvzFK/6', NULL, '2015-11-09 09:16:37', '2015-11-09 09:16:37', 0, '2015-11-09 09:16:37', '2015-11-09 09:16:37', NULL, '2015-11-09 09:16:37', '2015-11-09 09:16:37', '2015-11-11 07:52:02', 'Vanessa.JPG', 'http://localhost/assets/images/users/Vanessa.JPG', NULL, NULL, 'Vanessa', 'Nguyen', 1, 2, 'Normal', 0, 0, '80b0da8a52f8870b90afdf212a735c7bf36b04276ac29265855993e8e1be8c59ca11ea3d52fc5d25cb6c432bad9196958968c019f3acee0851bde1c954a134b0YO4zj2sh7bUE8gboAwqt5/vaEe3l+XgGrKtI3DGlNvQ=', '', '', '', '', ''),
(164, 'anson@enclave.vn', '$2a$08$nEbxG0vbmTGcgoaLJ2i4Du1QRs1WLAtsol0Xdy80hhS5LHQvzFK/6', NULL, '2015-11-09 09:16:37', '2015-11-09 09:16:37', 0, '2015-11-09 09:16:37', '2015-11-09 09:16:37', NULL, '2015-11-09 09:16:37', '2015-11-09 09:16:37', '2015-11-11 07:52:16', 'Anson.JPG', 'http://localhost/assets/images/users/Anson.JPG', NULL, NULL, 'Anson', 'Nguyen', 1, 2, 'Normal', 0, 0, '6c59034b04541acf942b8ad9b87103e5bd757ba7250d76fd8aaec7cc6207047b56160c7d37dafa9f636aa37748021bea4097abe4d38cf12573f568080629b54eozcSzirpQkASqx729oBhuJvjR23Vuot6iNBQGKC5bho=', '', '', '', '', 'fGgmi-tH-Qk:APA91bHlrTE_tJm2xNIFM6ndAOHFoCPBzTykTHeM7BbjyVkKVwmsvJdzZY96_iglFP38JKDzCp915rpagjvWgNZJ-T_li3f9hvn3rFnWOEQS1jPKfm8ZiaBwDoo6FujxNKvdSdsYsd89'),
(165, 'dee@enclave.vn', '$2a$08$nEbxG0vbmTGcgoaLJ2i4Du1QRs1WLAtsol0Xdy80hhS5LHQvzFK/6', NULL, '2015-11-09 09:16:37', '2015-11-09 09:16:37', 0, '2015-11-09 09:16:37', '2015-11-09 09:16:37', NULL, '2015-11-09 09:16:37', '2015-11-09 09:16:37', '2015-11-17 08:59:49', 'Dee.JPG', 'http://localhost/assets/images/users/Dee.JPG', NULL, NULL, 'Dee', 'Nguyen', 4, 2, 'Normal', 0, 0, 'f71a6b6b1ee5d8b30b0854514751c2f54fa23b42542302b8887085fe7fb56bd6a5e1b22d5c43037b0b2183f170424edf9650773985077ddbdbd4279cc98e3cc0p0xbHIfa86i+OYS/4xymdjLcTtPeDxmWpgxp4lmEsFc=', '', '', '', '', ''),
(166, 'eric@enclave.vn', '$2a$08$nEbxG0vbmTGcgoaLJ2i4Du1QRs1WLAtsol0Xdy80hhS5LHQvzFK/6', NULL, '2015-11-09 09:16:37', '2015-11-09 09:16:37', 0, '2015-11-09 09:16:37', '2015-11-09 09:16:37', NULL, '2015-11-09 09:16:37', '2015-11-09 09:16:37', '2015-11-16 09:51:59', 'Eric.JPG', 'http://localhost/assets/images/users/Eric.JPG', NULL, NULL, 'Eric', 'Nguyen', 5, 3, 'Normal', 0, 0, 'c576dc41e5867476fffa9a9905c42b8b3a0eaa0e7538191c076c1aaaa1e59a232fde5e633b37ee64baa74f9d3478fe241a7ef2c5c53a421b8eeb8fbfcfd50e9edIe86GgfbbxR0K1FSTd/Q5ilLfB3v5yP15W5HrLkuXU=', '', '', '', '', 'drmIf-ZuOlw:APA91bFcQ1FIW0lBNfocwcpMnux2lIoTH5F0x1DJ3M22q8T0HC088z6rz_EWy_cX7TJHBWGs3jzeEFs82BJUyPtvBBVOlXC92j2TfzXmXNh9JuEMPiD4-4W3Qh4dmTYaI5_XF9Gko9R9'),
(167, 'sunny@enclave.vn', '$2a$08$nEbxG0vbmTGcgoaLJ2i4Du1QRs1WLAtsol0Xdy80hhS5LHQvzFK/6', NULL, '2015-11-09 09:16:37', '2015-11-09 09:16:37', 0, '2015-11-09 09:16:37', '2015-11-09 09:16:37', NULL, '2015-11-09 09:16:37', '2015-11-09 09:16:37', '2015-11-16 09:28:33', 'Sunny.JPG', 'http://localhost/assets/images/users/Sunny.JPG', NULL, NULL, 'Sunny', 'Nguyen', 5, 2, 'Normal', 0, 0, '4fa59fa559b5354f90f969d48f8612ce9359e94232552bd9d6266ac2d5125b505bb5dbec362eb10b9aec7d443e3555c6e63320ad2852bd8975f30b37a9ec8c35dajp7VJ+WRQOBO0MeNicLUzQ0hIKBXC5FvFzZ6LhHwA=', '', '', '', '', 'eWweQT96RJk:APA91bF-7g3e-Zhe7udQgVx_TrAkBa2O2PZuK-k9_wOpgBRJ97OEKP-kowipXwdHSCmU_FpAk8mslVacEbgYDzik5jTwpRYCGZoAC48XG3Q_VemkhFvNmFhBCh9VhUz_CUV6Wt6w--5T'),
(168, 'ballard@enclave.vn', '$2a$08$nEbxG0vbmTGcgoaLJ2i4Du1QRs1WLAtsol0Xdy80hhS5LHQvzFK/6', NULL, '2015-11-09 09:16:37', '2015-11-09 09:16:37', 0, '2015-11-09 09:16:37', '2015-11-09 09:16:37', NULL, '2015-11-09 09:16:37', '2015-11-09 09:16:37', '2015-11-17 09:19:04', 'Ballard.JPG', 'http://localhost/assets/images/users/Ballard.JPG', NULL, NULL, 'Ballard', 'Nguyen', 3, 2, 'Normal', 0, 0, '473f018ebd2ed76ff0a4a85cda10925fb17b815306791ef24e7db8129c75b7b5f593bff3897f115cc6d5c1384eacaa92a6939210a114d13e15b955e38231ef3e4o0CVrgkbqXLIMLtYke+VgY6BDxomZRCjEFCXfBhbpg=', '', '', '', '', ''),
(169, 'baker@enclave.vn', '$2a$08$nEbxG0vbmTGcgoaLJ2i4Du1QRs1WLAtsol0Xdy80hhS5LHQvzFK/6', NULL, '2015-11-09 09:16:37', '2015-11-09 09:16:37', 0, '2015-11-09 09:16:37', '2015-11-09 09:16:37', NULL, '2015-11-09 09:16:37', '2015-11-09 09:16:37', '2015-11-17 09:11:54', 'Baker.JPG', 'http://localhost/assets/images/users/Baker.JPG', NULL, NULL, 'Baker', 'Nguyen', 2, 3, 'Normal', 0, 0, '97e370fea38167d986bbca404fc9bbe0e294fae0d969a179bd38fab11e6196108f6f8709f48ac4677e684997e83e1e576dc6e00e8c1a897e20a67914e0f510adX+Q43bjWnwpWKsq+WZfwC+1eq9AEPhV4m6yBqZ7MSfA=', '', '', '', '', 'kNB1Ssvo40M:APA91bHd9f0K0iZFgwAQ2LTk6YaRcHx3tp1DCJq2tC9pwQnniTwixW61TG38YKJD0jRqzTmOMmhyyJ3CrmXPHtWdL3SmzrvHO5j_GG_4Kvvj_9N4zMZR6WS7PUW_BHGLAk9Ksdf1thUT'),
(170, 'jimmy@enclave.vn', '$2a$08$nEbxG0vbmTGcgoaLJ2i4Du1QRs1WLAtsol0Xdy80hhS5LHQvzFK/6', NULL, '2015-11-09 09:16:37', '2015-11-09 09:16:37', 0, '2015-11-09 09:16:37', '2015-11-09 09:16:37', NULL, '2015-11-09 09:16:37', '2015-11-09 09:16:37', '2015-11-17 09:01:27', 'Jimmy.JPG', 'http://localhost/assets/images/users/Jimmy.JPG', NULL, NULL, 'Jimmy', 'Nguyen', 3, 3, 'Normal', 0, 0, '9319441e25b3d77e1ae43ae73514a9524fd50a59fec5d3d4449737f10300b47d6ecb7f2a82844a0f16d9c8a4db356ddfe8cbd53a3e54172531a9e5e6b0c56445WhQ0eA+kwa9GxKeONH3u+F+/U5U49covuQK4rkt5X8s=', '', '', '', '', ''),
(171, 'kurt@enclave.vn', '$2a$08$nEbxG0vbmTGcgoaLJ2i4Du1QRs1WLAtsol0Xdy80hhS5LHQvzFK/6', NULL, '2015-11-09 09:16:37', '2015-11-09 09:16:37', 0, '2015-11-09 09:16:37', '2015-11-09 09:16:37', NULL, '2015-11-09 09:16:37', '2015-11-09 09:16:37', '2015-11-11 07:54:40', 'Kurt.JPG', 'http://localhost/assets/images/users/Kurt.JPG', NULL, NULL, 'Kurt', 'Nguyen', 1, 2, 'Normal', 0, 0, '496e15177f7e48453b977c4a8ca8d93ae128f56ad7e852fcc55636c12994212ec7b6b9a3fc7738147b8818aee52b3b4559ef6578c75c2bef9ad2acebc72f012a8EfsEX+vF4asEQQ8pERjEcnzYPbN97qscstnwj6he2w=', '', '', '', '', ''),
(172, 'enzo@enclave.vn', '$2a$08$nEbxG0vbmTGcgoaLJ2i4Du1QRs1WLAtsol0Xdy80hhS5LHQvzFK/6', NULL, '2015-11-09 09:16:37', '2015-11-09 09:16:37', 0, '2015-11-09 09:16:37', '2015-11-09 09:16:37', NULL, '2015-11-09 09:16:37', '2015-11-09 09:16:37', '2015-11-11 07:54:58', 'Enzo.JPG', 'http://localhost/assets/images/users/Enzo.JPG', NULL, NULL, 'Enzo', 'Truong', 1, 2, 'Normal', 0, 0, 'c0b70d0cb3ff1cef1261c6125c32f661c558df5c75ca0068fd15a0d9834850bb8a511a8af16b22f46eccbab6d43b1e84f804e6149a8e4908e944022da29d4980zGHyX80OzqeN9+zJBUgS8r7ahUyAefThDfbydyZWJPE=', '', '', '', '', ''),
(173, 'keane@enclave.vn', '$2a$08$nEbxG0vbmTGcgoaLJ2i4Du1QRs1WLAtsol0Xdy80hhS5LHQvzFK/6', NULL, '2015-11-09 09:16:37', '2015-11-09 09:16:37', 0, '2015-11-09 09:16:37', '2015-11-09 09:16:37', NULL, '2015-11-09 09:16:37', '2015-11-09 09:16:37', '2015-11-11 07:55:20', 'Keane.JPG', 'http://localhost/assets/images/users/Keane.JPG', NULL, NULL, 'Keane', 'Pham', 1, 2, 'Normal', 0, 0, '94160a0e3cfb9d1f100d732b76c980879c2faf238f40f39c50c91da131fe8eee030e8d0f8af22af946e14137283f3514af6afe763c05fbb505f5c9d630987be3YMvmCJ4KLRcMzzdBqBWM/aSDYTm9b7i20723U4cb6qk=', '', '', '', '', ''),
(174, 'theresa@enclave.vn', '$2a$08$nEbxG0vbmTGcgoaLJ2i4Du1QRs1WLAtsol0Xdy80hhS5LHQvzFK/6', NULL, '2015-11-09 09:41:10', '2015-11-09 09:41:10', 0, '2015-11-09 09:41:10', '2015-11-09 09:41:10', NULL, '2015-11-09 09:41:10', '2015-11-09 09:41:10', '2015-11-11 07:55:38', 'Theresa.JPG', 'http://localhost/assets/images/users/Theresa.JPG', NULL, NULL, 'Theresa', 'Pham', 1, 2, 'Normal', 0, 0, '674e450d70fe894881654b75964ef468c3f76952b34b7efcb2e7c57f47fc747baa82f50a51d5742dc27375840a825ba7c60df8f7beb74a398d42bfbbdd11d8f978XG4IjHuHKusC8rzlcw4g3+PzcOeOZijFC69pAofe8=', '', '', '', '', ''),
(175, 'sarah@enclave.vn', '$2a$08$nEbxG0vbmTGcgoaLJ2i4Du1QRs1WLAtsol0Xdy80hhS5LHQvzFK/6', NULL, '2015-11-09 09:41:10', '2015-11-09 09:41:10', 0, '2015-11-09 09:41:10', '2015-11-09 09:41:10', NULL, '2015-11-09 09:41:10', '2015-11-09 09:41:10', '2015-11-11 07:57:15', 'Sarah.JPG', 'http://localhost/assets/images/users/Sarah.JPG', NULL, NULL, 'Sarah', 'Pham', 1, 2, 'Normal', 0, 0, 'c6098984ba9edbd2591d426cd03337f277bd09c2545722dd6fd654258fa19bba06239c653fabb28202749d061c6a5005dcd76a4704d225cbfaed50b057ccd8240ZvTrnO/Xd1TDIz5+2w88/O/pnopvVa6iqI6D1M033k=', '', '', '', '', ''),
(176, 'charles@enclave.vn', '$2a$08$nEbxG0vbmTGcgoaLJ2i4Du1QRs1WLAtsol0Xdy80hhS5LHQvzFK/6', NULL, '2015-11-09 09:41:10', '2015-11-09 09:41:10', 0, '2015-11-09 09:41:10', '2015-11-09 09:41:10', NULL, '2015-11-09 09:41:10', '2015-11-09 09:41:10', '2015-11-17 09:12:30', 'Charles.JPG', 'http://localhost/assets/images/users/Charles.JPG', NULL, NULL, 'Charles', 'Pham', 3, 2, 'Normal', 0, 0, '53ef3ea6f67f426300b222319b528304036680d3bed975ddac4c4d6fb2d8fcf16a57ee087822e156ce56dbb3c076c47804fab5c40b52ce2fb0947a5d9339bc3duIrKmL8xZNqix1+LC2ofLo1PLk+NwApz5dlkNwu6W4M=', '', '', '', '', 'e7VWSbMHeBA:APA91bHH42A5xwmjyRqOSppE477zHhbd6c_QOSgkuHAi0o2pSliKjyFHUvFDGo0zgkD2pX5sjNu7HrsxBUVg3p0CNVFV_Cqb0_iTBPzWZ6Mbgmg-WJ-ijhfJYZjNHRU78VjqC7eKc11p'),
(177, 'tracy@enclave.vn', '$2a$08$nEbxG0vbmTGcgoaLJ2i4Du1QRs1WLAtsol0Xdy80hhS5LHQvzFK/6', NULL, '2015-11-09 09:41:10', '2015-11-09 09:41:10', 0, '2015-11-09 09:41:10', '2015-11-09 09:41:10', NULL, '2015-11-09 09:41:10', '2015-11-09 09:41:10', '2015-11-17 09:17:28', 'Tracy.JPG', 'http://localhost/assets/images/users/Tracy.JPG', NULL, NULL, 'Tracy', 'Phan', 4, 2, 'Normal', 0, 0, 'e4a5ee9b80caa63d930bcd33348068cbc6b43b3576d31edb7d8062aeb2ba5e79915e049f68cfa4c5014040e4f0c4c1954b694659740b45b80d3eb418c563b3e3+umbd8YoORcBS4ljgaACmI5ibYplxnPAxD+/ujmlZMk=', '', '', '', '', ''),
(178, 'harris@enclave.vn', '$2a$08$nEbxG0vbmTGcgoaLJ2i4Du1QRs1WLAtsol0Xdy80hhS5LHQvzFK/6', NULL, '2015-11-09 09:41:10', '2015-11-09 09:41:10', 0, '2015-11-09 09:41:10', '2015-11-09 09:41:10', NULL, '2015-11-09 09:41:10', '2015-11-09 09:41:10', '2015-11-11 07:58:45', 'Harris.JPG', 'http://localhost/assets/images/users/Harris.JPG', NULL, NULL, 'Harris', 'Phan', 1, 2, 'Normal', 0, 0, '3894d044c7d6cae93d9a3c972fb063f5cfabd647a5476e9226197e2dfaa6eba8b1500360e524e5b0381babc60f387c4c471e4c0d90ccc31ef90b6911a85e6f000Fs4LFBRkzUkQB4R3+rkiEd2VN8Qr8r72eCG3K9YsPQ=', '', '', '', '', ''),
(179, 'peter@enclave.vn', '$2a$08$nEbxG0vbmTGcgoaLJ2i4Du1QRs1WLAtsol0Xdy80hhS5LHQvzFK/6', NULL, '2015-11-09 09:41:10', '2015-11-09 09:41:10', 0, '2015-11-09 09:41:10', '2015-11-09 09:41:10', NULL, '2015-11-09 09:41:10', '2015-11-09 09:41:10', '2015-11-16 09:27:10', 'Peter.JPG', 'http://localhost/assets/images/users/Peter.JPG', NULL, NULL, 'Peter', 'Huynh', 5, 2, 'Normal', 0, 0, '78f0cfd609557c67e9a7c39f8e9354d77e1741500bcc73e38d5e148feecdfda168d8f235358c01a68a2d019c2adacf7f7d1512fd78965119552cc5e010bfa4aaf/pqHU0Yuv7V6UPEvYQlfaJARTuIcMgB/hkC2NsqY3w=', '', '1;5', '', '[{"comment":"1","replies":"2581"}]', 'fMXtYnr-gR8:APA91bEpeKOOuIvxIlvpTeGSpihCWo-B9pedLt3GChwnrC1wEA6mzpyguxbNA8KmwpDkDbBLTwblUfQVgx0hzI0KrbcXIYABKcowds5o8uoCnpJCX7hhUt6JAqf2SQZcIeSOC4gNUccU'),
(180, 'perla@enclave.vn', '$2a$08$nEbxG0vbmTGcgoaLJ2i4Du1QRs1WLAtsol0Xdy80hhS5LHQvzFK/6', NULL, '2015-11-09 09:41:10', '2015-11-09 09:41:10', 0, '2015-11-09 09:41:10', '2015-11-09 09:41:10', NULL, '2015-11-09 09:41:10', '2015-11-09 09:41:10', '2015-11-17 08:42:27', 'Perla.JPG', 'http://localhost/assets/images/users/Perla.JPG', NULL, NULL, 'Perla', 'Trinh', 2, 3, 'Normal', 0, 0, '0f97b2f63a5cef5c4b3d95ebdb5ed9c7b425383830205c9830dc09764c1f47202de0808d8b211f7a7e420f2cd64f4dc76a91dd8a02d4e0657ae12084ba508cd7hwtkWxrEvLFss00c6E2V7gmMYCMorFPvCI71oLU7Sm4=', '', '', '', '', 'cX9XAm3Ai9I:APA91bG9ExBq5puJtJWjx967EhaCmdAEpncn0DSH6t0CbI-PTet53ws7UV2-TwoHbhNnT9AxQOpWZspTFsR34zYkj1Y72NXqy5H4OmwlXanelIQEsBACNyqLc4z0hxrT_vNaOO-KZn_z'),
(181, 'prescott@enclave.vn', '$2a$08$nEbxG0vbmTGcgoaLJ2i4Du1QRs1WLAtsol0Xdy80hhS5LHQvzFK/6', NULL, '2015-11-09 09:41:10', '2015-11-09 09:41:10', 0, '2015-11-09 09:41:10', '2015-11-09 09:41:10', NULL, '2015-11-09 09:41:10', '2015-11-09 09:41:10', '2015-11-17 09:01:07', 'Prescott.JPG', 'http://localhost/assets/images/users/Prescott.JPG', NULL, NULL, 'Prescott', 'Nguyen', 5, 1, 'Normal', 0, 0, '8af5172e9b0c82877b6b47ee6783c755dde1f2a6d20996b1003700165a3acaaa26058fd8d622669410f5a793562d6ad9e0e4724f51a00aa0a23daa96a252365cGuNAHoi+TPz6ocQoN1Jt4fQjt/aU3Ri/L99Pu7jEC44=', '', '', '', '', ''),
(182, 'quinn@enclave.vn', '$2a$08$nEbxG0vbmTGcgoaLJ2i4Du1QRs1WLAtsol0Xdy80hhS5LHQvzFK/6', NULL, '2015-11-09 09:41:10', '2015-11-09 09:41:10', 0, '2015-11-09 09:41:10', '2015-11-09 09:41:10', NULL, '2015-11-09 09:41:10', '2015-11-09 09:41:10', '2015-11-17 08:41:01', 'Quinn.JPG', 'http://localhost/assets/images/users/Quinn.JPG', NULL, NULL, 'Quinn', 'Nguyen', 5, 1, 'Normal', 0, 0, '58d23f02aa476a99151fc4534f48de1d3542ba0bba2d64cf50f82539d45385c08c6ee48518f08475c81855dd547f7eadf6c0c79713141bf59f9328bbd30bc5d1ptuau68kAoDNh/igKfhOAI4xwHqzxU/YS3xOXsdKgyc=', '', '', '', '', ''),
(183, 'smith@enclave.vn', '$2a$08$nEbxG0vbmTGcgoaLJ2i4Du1QRs1WLAtsol0Xdy80hhS5LHQvzFK/6', NULL, '2015-11-09 09:41:10', '2015-11-09 09:41:10', 0, '2015-11-09 09:41:10', '2015-11-09 09:41:10', NULL, '2015-11-09 09:41:10', '2015-11-09 09:41:10', '2015-11-17 09:21:46', 'Smith.JPG', 'http://localhost/assets/images/users/Smith.JPG', NULL, NULL, 'Smith', 'Vo', 3, 3, 'Normal', 0, 0, '77a18ccb97f1ecb8d4561929c3cbbb525fcc65cf43eb24b5ee97e6570047250e4e8dd430aa55dd5be18446df6e74aa9a11a8800471359aaaded7ccf742cc12b3OhEHqLe5EF/iNnPmC6WXy3lw62PlWWFEm1kbZzSoY5c=', '', '', '', '', 'c24bBkCtgRc:APA91bEO0zvbKDT7S1Bmzg3U7E3bJwNflbaTj9SCf3dBkdarYJDF1JHaGMTUMvb2p7bRi2359c4SSM6WoMJ1Ilm8cHcDj0pKEfb5HGJI5i9z60-qFZn40ogJ-Fd8GGsAbqVYF8DW_Luk'),
(184, 'tywin@enclave.vn', '$2a$08$nEbxG0vbmTGcgoaLJ2i4Du1QRs1WLAtsol0Xdy80hhS5LHQvzFK/6', NULL, '2015-11-09 09:41:11', '2015-11-09 09:41:11', 0, '2015-11-09 09:41:11', '2015-11-09 09:41:11', NULL, '2015-11-09 09:41:11', '2015-11-09 09:41:11', '2015-11-17 08:49:26', 'Tywin.JPG', 'http://localhost/assets/images/users/Tywin.JPG', NULL, NULL, 'Tywin', 'Do', 4, 2, 'Normal', 0, 0, '249458a2e2304a9322c86db3ce549b33ae4564ea666890a7dc430f1d1b8f8f5a12141ea789f81af6f2ca3ec60f0fbce387e6354cd46010a0176cb422b74688d8jr9Vstl+3NrQnAqWUX22JcfbSBM2udpT1aRl448bwmk=', '', '', '', '', ''),
(185, 'vania@enclave.vn', '$2a$08$nEbxG0vbmTGcgoaLJ2i4Du1QRs1WLAtsol0Xdy80hhS5LHQvzFK/6', NULL, '2015-11-09 09:41:11', '2015-11-09 09:41:11', 0, '2015-11-09 09:41:11', '2015-11-09 09:41:11', NULL, '2015-11-09 09:41:11', '2015-11-09 09:41:11', '2015-11-11 08:03:47', 'Vania.JPG', 'http://localhost/assets/images/users/Vania.JPG', NULL, NULL, 'Vania', 'Thai', 1, 2, 'Normal', 0, 0, '2d2630541125089eba01d963b3eacaaa0fb2a2330ea39bec2a3f71ad41de896ad52cb90fb602ff6a94e32e830eaa7354974286f08f830ee07f1d75fc821145fcxYeoF8B7roRZfIIAYgGoiY8QuVKXob5tccmGH0M6y1o=', '', '', '', '', ''),
(186, 'nadie@enclave.vn', '$2a$08$nEbxG0vbmTGcgoaLJ2i4Du1QRs1WLAtsol0Xdy80hhS5LHQvzFK/6', NULL, '2015-11-09 09:41:11', '2015-11-09 09:41:11', 0, '2015-11-09 09:41:11', '2015-11-09 09:41:11', NULL, '2015-11-09 09:41:11', '2015-11-09 09:41:11', '2015-11-17 07:10:08', 'Nadie.png', 'http://localhost/assets/images/users/Nadie.png', NULL, NULL, 'Nadie', 'Thai', 5, 2, 'Normal', 0, 0, '6b75d7b5d30570cb4ab3826baddd62274b517f6c8c0449aaae9758ec74f4932884305a30a027d989d155a0e768f79fe7afac78e6ed17bba563a0dd67285d106dNSgkCs04BCH26wFf8FGQo7Ae3qL/69a1bXKlUe/fdf4=', '', '', '', '', 'ctnSNBn6Kf0:APA91bG02l75DTBNF2qpadu2uWiJgQlmyrVe40vYSLeJmgFwUHmUyqhWuywod3LilEWVMkShvxiXYCkN2P8g-OQXglTp4wmX958bcIAezUP51hSi7MS4lcBSRl7VMiJ4ndu2xs0BVEhc'),
(187, 'thurstan@enclave.vn', '$2a$08$nEbxG0vbmTGcgoaLJ2i4Du1QRs1WLAtsol0Xdy80hhS5LHQvzFK/6', NULL, '2015-11-09 09:41:11', '2015-11-09 09:41:11', 0, '2015-11-09 09:41:11', '2015-11-09 09:41:11', NULL, '2015-11-09 09:41:11', '2015-11-09 09:41:11', '2015-11-16 09:33:13', 'Thurstan.JPG', 'http://localhost/assets/images/users/Thurstan.JPG', NULL, NULL, 'Thurstan', 'Ngo', 5, 2, 'Normal', 0, 0, '8acdc4691edb523ad7c31f4ced19ca5fe6b1d08d31d7ba7b1ba6a8797bb3a17dca90099dd80b8b838a0ee6d6e4e2325b6123aa0976d9e7baa36b397252590239k2Uq5/KKyl0Ayoy0395xcL1/59FYvPDi9fGaZwnUpfY=', '', '', '', '', ''),
(188, 'tobin@enclave.vn', '$2a$08$nEbxG0vbmTGcgoaLJ2i4Du1QRs1WLAtsol0Xdy80hhS5LHQvzFK/6', NULL, '2015-11-09 09:41:11', '2015-11-09 09:41:11', 0, '2015-11-09 09:41:11', '2015-11-09 09:41:11', NULL, '2015-11-09 09:41:11', '2015-11-09 09:41:11', '2015-11-17 09:21:19', 'Tobin.JPG', 'http://localhost/assets/images/users/Tobin.JPG', NULL, NULL, 'Tobin', 'Le', 4, 2, 'Normal', 0, 0, 'fab12574befbff97705872bc8e33fee0650bffa8ee603c4c243f7ec33c04577206d24860727bb216069eee957bf24378c75d9d0580fa631c1257a036a3c7c498YNITCsNUdIR7qAJT1laiBBOTAjZAqOnFW0S24aFGK3s=', '', '', '', '', ''),
(189, 'tammy@enclave.vn', '$2a$08$nEbxG0vbmTGcgoaLJ2i4Du1QRs1WLAtsol0Xdy80hhS5LHQvzFK/6', NULL, '2015-11-09 09:41:11', '2015-11-09 09:41:11', 0, '2015-11-09 09:41:11', '2015-11-09 09:41:11', NULL, '2015-11-09 09:41:11', '2015-11-09 09:41:11', '2015-11-17 09:16:40', 'Tammy.JPG', 'http://localhost/assets/images/users/Tammy.JPG', NULL, NULL, 'Tammy', 'Than', 4, 1, 'Normal', 0, 0, '06201fdc89a083605c46beca302c603707a7a6d1a6dcfb8d87888dd510b9c32b7e82b4271ba76f2bd5d95bdb69ccad465514e260e1cef45dbfce6075738612e6oASfE4tbpkiwK/ig3MraCOCiSNvhY3Lstos7kP7yWlM=', '', '', '', '', ''),
(190, 'harva@enclave.vn', '$2a$08$nEbxG0vbmTGcgoaLJ2i4Du1QRs1WLAtsol0Xdy80hhS5LHQvzFK/6', NULL, '2015-11-09 09:41:11', '2015-11-09 09:41:11', 0, '2015-11-09 09:41:11', '2015-11-09 09:41:11', NULL, '2015-11-09 09:41:11', '2015-11-09 09:41:11', '2015-11-17 08:41:46', 'Harva.JPG', 'http://localhost/assets/images/users/Harva.JPG', NULL, NULL, 'Harva', 'Than', 3, 1, 'Normal', 0, 0, 'f84578981a4f7226f842644e64b31c452cd094809b16e34370a40c78a7c0da7f5f3916685a0fa90c69da5ee5989e9c158cdc42727e8b4e2dbdd1929a8db9135a+0pytgx6e5A29dUnYlf9ING69NJaosz0dcbcEoznrgw=', '', '', '', '', 'e5Di1nkVA0s:APA91bFw5pNwL4kP1k2law4sw8tmA4vyhbEwfCAuqPcsmPxyfhjoC7FmCtAW8qEVmkwLCr8oOMIt71Jy17UeXiTGa90pPpyLYH9ZE0Z8acx8AuWNd5hIUC4w_gLyuebkEWf0_cavUcum'),
(191, 'timon@enclave.vn', '$2a$08$nEbxG0vbmTGcgoaLJ2i4Du1QRs1WLAtsol0Xdy80hhS5LHQvzFK/6', NULL, '2015-11-09 09:41:11', '2015-11-09 09:41:11', 0, '2015-11-09 09:41:11', '2015-11-09 09:41:11', NULL, '2015-11-09 09:41:11', '2015-11-09 09:41:11', '2015-11-16 09:35:06', 'Timon.JPG', 'http://localhost/assets/images/users/Timon.JPG', NULL, NULL, 'Timon', 'Dinh', 3, 1, 'Normal', 0, 0, 'cbe278d3ee0005f322226be5e29eb08d3c0e3f224aa57cb1814ca0bdbf41b69f986e7692e2e6ec9fe8b1400aed4f54b75fd37153b62fc0ce0c875fbb5b3997ea2+utqdmZ8Wm+kFPPsaUhTE2Jl6C4LaHtsM2qy+wd+fo=', '', '', '', '', 'daAYbl4ilXo:APA91bHBxwGMjO6JiWx5YGiZqH4lmxTnli6ygzj1ydJq4UCnOLzE_8E9jHmq2JQ3DIsif5n7F7yv2zBH1ymuvhXqeW4GDcGFUrGZbeB4iKgDRilqtSiqaqgh6TQJc6yW3scpbqYgRcu1'),
(192, 'tansy@enclave.vn', '$2a$08$nEbxG0vbmTGcgoaLJ2i4Du1QRs1WLAtsol0Xdy80hhS5LHQvzFK/6', NULL, '2015-11-09 09:41:11', '2015-11-09 09:41:11', 0, '2015-11-09 09:41:11', '2015-11-09 09:41:11', NULL, '2015-11-09 09:41:11', '2015-11-09 09:41:11', '2015-11-16 09:32:24', 'Tansy.JPG', 'http://localhost/assets/images/users/Tansy.JPG', NULL, NULL, 'Tansy', 'Ho', 5, 3, 'Normal', 0, 0, '5436a63a1197938ae4750fe0d8a5486292c2525506a6eb4a8be4eff917fcbc74dd12120b414ae905abd1caa63b9e328ca7873cbecf7523b353b110814cdcefc4V67j66NBSSipdOdNtWGdKWD4DVHT5qMLhRyADQOjHwg=', '', '', '', '', ''),
(193, 'tory@enclave.vn', '$2a$08$nEbxG0vbmTGcgoaLJ2i4Du1QRs1WLAtsol0Xdy80hhS5LHQvzFK/6', NULL, '2015-11-09 09:41:11', '2015-11-09 09:41:11', 0, '2015-11-09 09:41:11', '2015-11-09 09:41:11', NULL, '2015-11-09 09:41:11', '2015-11-09 09:41:11', '2015-11-16 09:35:31', 'Tory.JPG', 'http://localhost/assets/images/users/Tory.JPG', NULL, NULL, 'Tory', 'Tran', 2, 3, 'Normal', 0, 0, 'aaeb96474069a01a484b4eb35bb30654ed1a50e87f8db9694a271c099eab9b887f8413fe70f00eec0061972d85ce3ea418fa22c9827818b25e7dc23c5daf999d7iVDKkXAaGvBiDw43XLPjw1Qan7uNjGZjOz6xay7q6c=', '', '', '', '', ''),
(194, 'timothy@enclave.vn', '$2a$08$nEbxG0vbmTGcgoaLJ2i4Du1QRs1WLAtsol0Xdy80hhS5LHQvzFK/6', NULL, '2015-11-09 09:41:11', '2015-11-09 09:41:11', 0, '2015-11-09 09:41:11', '2015-11-09 09:41:11', NULL, '2015-11-09 09:41:11', '2015-11-09 09:41:11', '2015-11-11 08:08:19', 'Timothy.JPG', 'http://localhost/assets/images/users/Timothy.JPG', NULL, NULL, 'Timothy', 'Phan', 1, 2, 'Normal', 0, 0, '20a3591ce2c323af4cd410375f5b379db7b915719467e3545674e497d6a76d64b00c87930a342da8e52e1c1e668326afb65980247238aa1f1ab27554ac83befdM8rD6agIvBADbMVROBuSYvksCSw9TJVBhas5MuZE96o=', '', '', '', '', ''),
(195, 'kathy@enclave.vn', '$2a$08$nEbxG0vbmTGcgoaLJ2i4Du1QRs1WLAtsol0Xdy80hhS5LHQvzFK/6', NULL, '2015-11-09 09:41:11', '2015-11-09 09:41:11', 0, '2015-11-09 09:41:11', '2015-11-09 09:41:11', NULL, '2015-11-09 09:41:11', '2015-11-09 09:41:11', '2015-11-16 09:20:36', 'Kathy.JPG', 'http://localhost/assets/images/users/Kathy.JPG', NULL, NULL, 'Kathy', 'Tong', 5, 2, 'Normal', 0, 0, '81cb64394096a34342497b8153ccffe44d146e630f7220f515f634c3cbeaa19baa67098837074dfd27609c7e301fbe79aef3a781a6bf2cc0d56d8266e856ed744jFz4+VD3SGD2vdJdvJDHBAj6XcQR8KvVYbf3YxLRpA=', '', '', '', '', ''),
(196, 'turner@enclave.vn', '$2a$08$nEbxG0vbmTGcgoaLJ2i4Du1QRs1WLAtsol0Xdy80hhS5LHQvzFK/6', NULL, '2015-11-09 09:41:11', '2015-11-09 09:41:11', 0, '2015-11-09 09:41:11', '2015-11-09 09:41:11', NULL, '2015-11-09 09:41:11', '2015-11-09 09:41:11', '2015-11-16 09:35:59', 'Turner.JPG', 'http://localhost/assets/images/users/Turner.JPG', NULL, NULL, 'Turner', 'Tran', 1, 3, 'Normal', 0, 0, '7cc0b0211798eae3dfa343e8b1efb550b5fe8849607e52426567c89663f452cb8929fd510a05d58ad4c8a1941dce7479bb5c5ac7e0a66472a6ab441c53505c3103dQ2kUxoVR+EGk4XXfjKh4BVTUj2dDtuFxx8QotJFE=', '', '', '', '', ''),
(197, 'terry@enclave.vn', '$2a$08$nEbxG0vbmTGcgoaLJ2i4Du1QRs1WLAtsol0Xdy80hhS5LHQvzFK/6', NULL, '2015-11-09 09:41:12', '2015-11-09 09:41:12', 0, '2015-11-09 09:41:12', '2015-11-09 09:41:12', NULL, '2015-11-09 09:41:12', '2015-11-09 09:41:12', '2015-11-11 08:11:56', 'Terry.JPG', 'http://localhost/assets/images/users/Terry.JPG', NULL, NULL, 'Terry', 'Tran', 1, 1, 'Normal', 0, 0, '974e928e4ed2970a23783e6253f1b41a566bd47157d155048a01259bfbf2788bd1fe796baaaf50456af9d102e7ed85bb9364570f9238a4e6d944d57069eac5b7Z70MfDvR1scTfk0Zm1+7JaPcuJXCwFvjpF28R/gFSC0=', '', '', '', '', ''),
(198, 'hank@enclave.vn', '$2a$08$nEbxG0vbmTGcgoaLJ2i4Du1QRs1WLAtsol0Xdy80hhS5LHQvzFK/6', NULL, '2015-11-09 09:41:12', '2015-11-09 09:41:12', 0, '2015-11-09 09:41:12', '2015-11-09 09:41:12', NULL, '2015-11-09 09:41:12', '2015-11-09 09:41:12', '2015-11-17 09:08:31', 'Hank.JPG', 'http://localhost/assets/images/users/Hank.JPG', NULL, NULL, 'Hank', 'Tran', 4, 2, 'Normal', 0, 0, 'ad55bc88b1f3c0311d4d9dc1669c769c0d45fe5264ee47fdac082410440617a58e010eeb073b5a9efab994acad397c16c2fdc80bc70c3f6bedeec478dda46ec4Fu+8lb3/Ss08edPbnk3vJS/STQgqyKwSjdSLcB3bNPI=', '', '', '', '', 'f-OD2efsKg0:APA91bEFslgj4YQrEBGooKWJOvDHc44RV0Xq1fPkqovD27eqJ3EKTBQ3RC86oEImOpZdG1nqbRxM7WqEoGs_pRLOfkA1_iB_kRtBZ1uUfyiaV5ntPxqB7L2DUF9yNYQwK-gk5tPI0GfE'),
(199, 'talon@enclave.vn', '$2a$08$nEbxG0vbmTGcgoaLJ2i4Du1QRs1WLAtsol0Xdy80hhS5LHQvzFK/6', NULL, '2015-11-09 09:41:12', '2015-11-09 09:41:12', 0, '2015-11-09 09:41:12', '2015-11-09 09:41:12', NULL, '2015-11-09 09:41:12', '2015-11-09 09:41:12', '2015-11-16 09:28:57', 'Talon.JPG', 'http://localhost/assets/images/users/Talon.JPG', NULL, NULL, 'Talon', 'Tran', 5, 2, 'Normal', 0, 0, '511013e8d723c3e1b2edc8f1f54a2216df18aaf7795cf9cc82dc00b08eb6ef9ebf58805b4afd82c37048a3dbd7c578feb0c62956af5aa1a615cc3d33fed4f21eYCk5gtgG793XAg5yup5NDLdIeNNOlxpaQiUgr/kXIjc=', '', '', '', '', ''),
(200, 'duke@enclave.vn', '$2a$08$nEbxG0vbmTGcgoaLJ2i4Du1QRs1WLAtsol0Xdy80hhS5LHQvzFK/6', NULL, '2015-11-09 09:41:12', '2015-11-09 09:41:12', 0, '2015-11-09 09:41:12', '2015-11-09 09:41:12', NULL, '2015-11-09 09:41:12', '2015-11-09 09:41:12', '2015-11-17 08:53:07', 'Duke.JPG', 'http://localhost/assets/images/users/Duke.JPG', NULL, NULL, 'Duke', 'Tran', 3, 1, 'Normal', 0, 0, '280df04cf4b4014717ba7169ad35a1e62d4d0a33b4f4470866e983cd0720d52d038998dc59e918dc446a4d9ec467897beb4244fe460168eaa40cb413bc2f7fa21YLFJk83m+bp8quppfWR8XAmfU/fBFTzW/3S+hsRIKM=', '', '', '', '', ''),
(201, 'chloe@enclave.vn', '$2a$08$nEbxG0vbmTGcgoaLJ2i4Du1QRs1WLAtsol0Xdy80hhS5LHQvzFK/6', NULL, '2015-11-09 09:41:12', '2015-11-09 09:41:12', 0, '2015-11-09 09:41:12', '2015-11-09 09:41:12', NULL, '2015-11-09 09:41:12', '2015-11-09 09:41:12', '2015-11-16 09:41:10', 'Chloe.JPG', 'http://localhost/assets/images/users/Chloe.JPG', NULL, NULL, 'Chloe', 'Tran', 4, 2, 'Normal', 0, 0, '9744e9afcd3437383499d161ff0f3c84d74652d0a92f353706426380d00e7c0bc5b5ca2a63ec10603f9c5da9075117444c9f2b2e8d56a166cbb981dae27a4839T7UKvdwTIRpQMV8ieqkZ6oKZBYVRa7c9yBRAyB5c0Gg=', '', '', '', '', ''),
(202, 'lyn@enclave.vn', '$2a$08$nEbxG0vbmTGcgoaLJ2i4Du1QRs1WLAtsol0Xdy80hhS5LHQvzFK/6', NULL, '2015-11-09 09:41:12', '2015-11-09 09:41:12', 0, '2015-11-09 09:41:12', '2015-11-09 09:41:12', NULL, '2015-11-09 09:41:12', '2015-11-09 09:41:12', '2015-11-16 09:23:40', 'Lyn.JPG', 'http://localhost/assets/images/users/Lyn.JPG', NULL, NULL, 'Lyn', 'Tran', 4, 2, 'Normal', 0, 0, '75070748ba706f79a2f250bdc131df1d050f5225a65e18e810daf93187c21f2343c42bd76a4bf3c0bf3127a808f3c73a3097a3643aafede3768076931ae794b9seYNFcAgAj7G4YHnPPVcUuQXqZrd9kMcxPbelLVACu0=', '', '', '', '', ''),
(203, 'hawk@enclave.vn', '$2a$08$nEbxG0vbmTGcgoaLJ2i4Du1QRs1WLAtsol0Xdy80hhS5LHQvzFK/6', NULL, '2015-11-09 09:41:12', '2015-11-09 09:41:12', 0, '2015-11-09 09:41:12', '2015-11-09 09:41:12', NULL, '2015-11-09 09:41:12', '2015-11-09 09:41:12', '2015-11-11 08:14:34', 'Hawk.JPG', 'http://localhost/assets/images/users/Hawk.JPG', NULL, NULL, 'Hawk', 'Tran', 1, 2, 'Normal', 1, 0, '', '', '', '', '', ''),
(204, 'audrey@enclave.vn', '$2a$08$nEbxG0vbmTGcgoaLJ2i4Du1QRs1WLAtsol0Xdy80hhS5LHQvzFK/6', NULL, '2015-11-09 09:41:12', '2015-11-09 09:41:12', 0, '2015-11-09 09:41:12', '2015-11-09 09:41:12', NULL, '2015-11-09 09:41:12', '2015-11-09 09:41:12', '2015-11-17 08:50:37', 'Audrey.JPG', 'http://localhost/assets/images/users/Audrey.JPG', NULL, NULL, 'Audrey', 'Tran', 2, 3, 'Normal', 0, 0, '20f5a2e99344ab3ec5c31e9380ae4184f8358bb90a94e60de2bd6f0906d359cfcac25ef6eee3b346481ab48a9295cb768939b7bebdf12ea76439d6b6972ab92cqdHxQQ5ZaxvPIR65KeX+MAi6RTDrM1dreUcxaExxlF0=', '', '', '', '', 'f_Dpxv8wzcs:APA91bF5RD41CnncsyDbxHBFAqzbeDgkJ4T6CO299s3_cjc9jXPavzl8kWzka02DA7zfItluwB2NCMHd2uxXmEvjCznqZeOQCNFBEiUx31Qv5Of6Ckbv6ruTz7JglA9G3c_q_M0E0-hV'),
(205, 'perry@enclave.vn', '$2a$08$nEbxG0vbmTGcgoaLJ2i4Du1QRs1WLAtsol0Xdy80hhS5LHQvzFK/6', NULL, '2015-11-09 09:41:12', '2015-11-09 09:41:12', 0, '2015-11-09 09:41:12', '2015-11-09 09:41:12', NULL, '2015-11-09 09:41:12', '2015-11-09 09:41:12', '2015-11-17 08:00:17', 'Perry.JPG', 'http://localhost/assets/images/users/Perry.JPG', NULL, NULL, 'Perry', 'Tran', 3, 1, 'Normal', 0, 0, '4d8b1497d10b14e6f22a7b3ee79106a5a320948fe2841d2fb92831de8b9c6573c216e141be65178adf63b8b7b55934219c663f3b8854b62a0e58a590d8089c659T/cyIQPmAQjawNYodg6n/5mp1yMH3uc7zEjsA0s2GA=', '', '', '', '', ''),
(206, 'nolan@enclave.vn', '$2a$08$nEbxG0vbmTGcgoaLJ2i4Du1QRs1WLAtsol0Xdy80hhS5LHQvzFK/6', NULL, '2015-11-09 09:41:12', '2015-11-09 09:41:12', 0, '2015-11-09 09:41:12', '2015-11-09 09:41:12', NULL, '2015-11-09 09:41:12', '2015-11-09 09:41:12', '2015-11-11 08:16:30', 'Nolan.JPG', 'http://localhost/assets/images/users/Nolan.JPG', NULL, NULL, 'Nolan', 'Tran', 1, 2, 'Normal', 0, 0, '1ac251208cf0d282fc08db57e0bfb19694853785420ffd2ae96852c790d7032c4f8e32f3650133897049cb1cbc7654bfdab139292a4306709e49a46f2d24dc34Br7Vt7l4D9LTCl/No+LQLDsjZ9IvEfeAHULa1RvVpEk=', '', '', '', '', ''),
(207, 'jane@enclave.vn', '$2a$08$nEbxG0vbmTGcgoaLJ2i4Du1QRs1WLAtsol0Xdy80hhS5LHQvzFK/6', NULL, '2015-11-09 09:41:12', '2015-11-09 09:41:12', 0, '2015-11-09 09:41:12', '2015-11-09 09:41:12', NULL, '2015-11-09 09:41:12', '2015-11-09 09:41:12', '2015-11-17 08:48:19', 'Jane.JPG', 'http://localhost/assets/images/users/Jane.JPG', NULL, NULL, 'Jane', 'Pham', 5, 2, 'Normal', 1, 0, 'e6da57561e5e5069d6f98fa64fc0e5483086af3d0e3619100a3a0ff60500cb3ef5a74fdad1fa09ba5828b2dc6d219d2c78c7e9d00ccb19748c9444511628cbc9FIUhNktkl7m6fVq73UYJS4bHSxgVtMCXQqFRpcz+3/Y=', '', '', '', '', 'n0tXhJSMW0w:APA91bE-abhKlB1W8N0YBPRAQ3sZ0HUqSsB_RniFQqB-cs-r7-GfZcJ--ZqnOgbrXQjUycbSTYsivyv1T4QtdeQUiZj38ADXa4zUfo9L0G_tNOiGvi0bExV6GbU-9Iug9-sxaMf7US8T'),
(208, 'tiana@enclave.vn', '$2a$08$nEbxG0vbmTGcgoaLJ2i4Du1QRs1WLAtsol0Xdy80hhS5LHQvzFK/6', NULL, '2015-11-09 09:41:12', '2015-11-09 09:41:12', 0, '2015-11-09 09:41:12', '2015-11-09 09:41:12', NULL, '2015-11-09 09:41:12', '2015-11-09 09:41:12', '2015-11-17 09:01:44', 'Tiana.JPG', 'http://localhost/assets/images/users/Tiana.JPG', NULL, NULL, 'Tiana', 'Tran', 4, 2, 'Normal', 0, 0, 'f7706a0bc8e76d44528c9c77908c23ea4dba1df439d923883479b3ca491951dda9d69f551d23cf55cfeb4f5bf8aa4be731412f85a522f65d19f19ff3c26c1935OGvhAHaD0rIL2/dtVITV2NytWDzQfa9gXuyEHTeTJnQ=', '', '', '', '', ''),
(209, 'karl@enclave.vn', '$2a$08$nEbxG0vbmTGcgoaLJ2i4Du1QRs1WLAtsol0Xdy80hhS5LHQvzFK/6', NULL, '2015-11-09 09:41:12', '2015-11-09 09:41:12', 0, '2015-11-09 09:41:12', '2015-11-09 09:41:12', NULL, '2015-11-09 09:41:12', '2015-11-09 09:41:12', '2015-11-16 09:19:50', 'Karl.JPG', 'http://localhost/assets/images/users/Karl.JPG', NULL, NULL, 'Karl', 'Trinh', 4, 2, 'Normal', 0, 0, '8d3a917f1303dd730e68388aa380f387504ad24fac21b3f2e30e18eaa8fe28d172c5cea1efff2835dab6abd5139d46f118829d82408a7be7d96c4e4252f83a3dHS+sRzFHjYIZqapKuGNrof8AQxKvneeeJkYPCGHJiFg=', '', '', '', '', ''),
(210, 'justin@enclave.vn', '$2a$08$nEbxG0vbmTGcgoaLJ2i4Du1QRs1WLAtsol0Xdy80hhS5LHQvzFK/6', NULL, '2015-11-09 09:41:12', '2015-11-09 09:41:12', 0, '2015-11-09 09:41:12', '2015-11-09 09:41:12', NULL, '2015-11-09 09:41:12', '2015-11-09 09:41:12', '2015-11-17 08:49:02', 'Justin.JPG', 'http://localhost/assets/images/users/Justin.JPG', NULL, NULL, 'Justin', 'Truong', 5, 2, 'Normal', 0, 0, '7eae0a3a97278ba4562aae17431b9f2bbd000544c9634e0bbe06a5df73dba4ed47688d6bd9e6821560343fa493bd1349b10c5806dc9159d2db7555a65bf0bd20ZOd9RyvJwH21yY13+4v+NrU915Wp/DU/+XVP+dujzRI=', '', '', '', '', 'eRDqpozOYyc:APA91bE5DwvZm6OL8vJRn__EuO31WOXQGQM1bd4ub_r0Jq4xPV-z3fNlRLm3thAqaVksXuyDfG3AVntQn0ibMoWBayO0CpIftqeTzjSnLPVnNDBpllsZPwvIZTzdBo7m-VwCJdA5eO05'),
(211, 'teddy@enclave.vn', '$2a$08$nEbxG0vbmTGcgoaLJ2i4Du1QRs1WLAtsol0Xdy80hhS5LHQvzFK/6', NULL, '2015-11-09 09:41:13', '2015-11-09 09:41:13', 0, '2015-11-09 09:41:13', '2015-11-09 09:41:13', NULL, '2015-11-09 09:41:13', '2015-11-09 09:41:13', '2015-11-17 09:20:55', 'Teddy.JPG', 'http://localhost/assets/images/users/Teddy.JPG', NULL, NULL, 'Teddy', 'Truong', 2, 3, 'Normal', 0, 0, '4684d0219f9ce6b9eb0b88a26a3f6c9f166f777b6c8823eaf09322089d7798176df971b79279e073f9a84e326abf451be1357f86fc71fa4189f069eba7126832O6dcxHCF6KO0MQNbt5zl2isvt884GpR6DNtMOdBt2/k=', '', '', '', '', '');
INSERT INTO `users` (`id`, `email`, `encrypted_password`, `reset_password_token`, `reset_password_sent_at`, `remember_created_at`, `sign_in_count`, `current_sign_in_at`, `last_sign_in_at`, `confirmation_token`, `confirmation_sent_at`, `created_at`, `updated_at`, `avatar_file_name`, `avatar_content_file`, `avatar_file_size`, `avatar_updated_at`, `first_name`, `last_name`, `floor_id`, `shift_id`, `what_taste`, `want_vegan_meal`, `admin`, `authentication_token`, `read_announcements`, `read_comments`, `read_replies_announcements`, `read_replies_comments`, `gcm_regid`) VALUES
(212, 'hendrix@enclave.vn', '$2a$08$nEbxG0vbmTGcgoaLJ2i4Du1QRs1WLAtsol0Xdy80hhS5LHQvzFK/6', NULL, '2015-11-09 09:41:13', '2015-11-09 09:41:13', 0, '2015-11-09 09:41:13', '2015-11-09 09:41:13', NULL, '2015-11-09 09:41:13', '2015-11-09 09:41:13', '2015-11-17 09:13:15', 'Hendrix.JPG', 'http://localhost/assets/images/users/Hendrix.JPG', NULL, NULL, 'Hendrix', 'Truong', 3, 1, 'Normal', 0, 0, 'ff3dbf4e4f1fe8758199c7e66e6aa920f7cb6f20ce9a8c9f614b4d321765d67fc23c52c103774313d289ab662678a8be1fd44f0d2f91c6d229180a444b4bc3aeEdT4g+Wv0Onf2D8O0aG9xxDbah4U2jp+/eOV7MdipPs=', '', '', '', '', ''),
(213, 'thierry@enclave.vn', '$2a$08$nEbxG0vbmTGcgoaLJ2i4Du1QRs1WLAtsol0Xdy80hhS5LHQvzFK/6', NULL, '2015-11-09 09:41:13', '2015-11-09 09:41:13', 0, '2015-11-09 09:41:13', '2015-11-09 09:41:13', NULL, '2015-11-09 09:41:13', '2015-11-09 09:41:13', '2015-11-16 09:32:47', 'Thierry.JPG', 'http://localhost/assets/images/users/Thierry.JPG', NULL, NULL, 'Thierry', 'Truong', 4, 2, 'Normal', 0, 0, '9305883e7fb31a406c0c676488a9ac2aea7893f3bede236d5c6228c0efd2dca2ab680ec7b2829b58a458dfbb0fed68d454b82108c124157f05e74f3643e5fcc8JpHukuxtVLhOg+hKw3wKMyzKR3na7M9QPkjb0uKTlmM=', '', '', '', '', ''),
(214, 'darian@enclave.vn', '$2a$08$nEbxG0vbmTGcgoaLJ2i4Du1QRs1WLAtsol0Xdy80hhS5LHQvzFK/6', NULL, '2015-11-09 09:41:13', '2015-11-09 09:41:13', 0, '2015-11-09 09:41:13', '2015-11-09 09:41:13', NULL, '2015-11-09 09:41:13', '2015-11-09 09:41:13', '2015-11-17 08:02:35', 'Darian.JPG', 'http://localhost/assets/images/users/Darian.JPG', NULL, NULL, 'Darian', 'Ung', 3, 1, 'Normal', 0, 0, '054a12c965e918f0f55a182acd6133faf63c73ae277707aa73943e2beb8a7a67e7402b156e32fa533d9118f74976206bba02e7bfd895fdfd2d5433cbf5772c0fUKfDrXSICpSKurr44W8OAFjGbZ4wBLajBmb4MoBDg3Q=', '', '', '', '', ''),
(215, 'hilary@enclave.vn', '$2a$08$nEbxG0vbmTGcgoaLJ2i4Du1QRs1WLAtsol0Xdy80hhS5LHQvzFK/6', NULL, '2015-11-09 09:41:13', '2015-11-09 09:41:13', 0, '2015-11-09 09:41:13', '2015-11-09 09:41:13', NULL, '2015-11-09 09:41:13', '2015-11-09 09:41:13', '2015-11-11 08:21:11', 'Hilary.JPG', 'http://localhost/assets/images/users/Hilary.JPG', NULL, NULL, 'Hilary', 'Van', 1, 2, 'Normal', 0, 0, '451348adef56a17d4a8148792c14df4869f45e5cea92f0c463f540ed33d01ce8f02e1c548b1fade7d25bda97022d14d16e3b751e39a8cdeee3c45244702dedc2M6yPqY0quwuQbLhgXLRlOSCSOMOL7a6v+4Rd33Ehw0I=', '', '', '', '', ''),
(216, 'vinson@enclave.vn', '$2a$08$nEbxG0vbmTGcgoaLJ2i4Du1QRs1WLAtsol0Xdy80hhS5LHQvzFK/6', NULL, '2015-11-09 09:41:13', '2015-11-09 09:41:13', 0, '2015-11-09 09:41:13', '2015-11-09 09:41:13', NULL, '2015-11-09 09:41:13', '2015-11-09 09:41:13', '2015-11-17 08:57:37', 'Vinson.JPG', 'http://localhost/assets/images/users/Vinson.JPG', NULL, NULL, 'Vinson', 'Hoang', 4, 2, 'Normal', 0, 0, 'bba91ff46b5e61c1b40fc5edcd5d97aa2a7d78ab6ae60b404c7fd4737213497a6d99588ac81bb9b4ded75f79dca8ebc54fa8a0646fe1ccf38a3cca92e186850cIZU1BVfn3QrmARLwNpwVJOZKDNrwV4WMoIfz/aK95W4=', '', '', '', '', ''),
(217, 'chuck@enclave.vn', '$2a$08$nEbxG0vbmTGcgoaLJ2i4Du1QRs1WLAtsol0Xdy80hhS5LHQvzFK/6', NULL, '2015-11-09 09:41:13', '2015-11-09 09:41:13', 0, '2015-11-09 09:41:13', '2015-11-09 09:41:13', NULL, '2015-11-09 09:41:13', '2015-11-09 09:41:13', '2015-11-16 09:07:12', 'Chuck.JPG', 'http://localhost/assets/images/users/Chuck.JPG', NULL, NULL, 'Chuck', 'Vo', 2, 3, 'Normal', 0, 0, '4f7158cbd10508d6fd2fa304cdadb8e0df535e23e75559a64bdea43a5b32336d54904a7b3e400dec590e742c131e2ad8b6a2920192eeb18cb7c49d869d3b63e96JL/uYbJIm5qnosFxPOZr2DB93tc4+Bp8vcH4ALN03k=', '', '', '', '', ''),
(218, 'luke@enclave.vn', '$2a$08$nEbxG0vbmTGcgoaLJ2i4Du1QRs1WLAtsol0Xdy80hhS5LHQvzFK/6', NULL, '2015-11-09 09:41:13', '2015-11-09 09:41:13', 0, '2015-11-09 09:41:13', '2015-11-09 09:41:13', NULL, '2015-11-09 09:41:13', '2015-11-09 09:41:13', '2015-11-17 09:20:12', 'Luke.JPG', 'http://localhost/assets/images/users/Luke.JPG', NULL, NULL, 'Luke', 'Vo', 2, 3, 'Normal', 1, 0, 'e9976b8d832df0a07b05ce6d79b4fa31703692777bdef22b50bd38ffc64f6d60b9434a49d4afa2047d23839c7012dfce024ef800f715d9cf0aff47a495413bfb5gQe6ptYZD/LkW+k/dg95R7+2FHWFi3l+6O9vf/y+qo=', '10', '', '[{"announcement":"10","replies":"3930;4080;3932;3925;3924;3926"}]', '', 'f2wO6cd5OHM:APA91bGzBmG8Ops783bwHRonMO9ulMS2KLtMvGbkiPoHNcDHT-iz3xBaSFZBtDVul424kizGgbIA9B3a6U5BdH20lrI5WxgZq8eAqm9c33Ua-krUIIq4ABf4l9jlYSZU7P-DZD3410XD'),
(219, 'natalie@enclave.vn', '$2a$08$nEbxG0vbmTGcgoaLJ2i4Du1QRs1WLAtsol0Xdy80hhS5LHQvzFK/6', NULL, '2015-11-09 09:41:13', '2015-11-09 09:41:13', 0, '2015-11-09 09:41:13', '2015-11-09 09:41:13', NULL, '2015-11-09 09:41:13', '2015-11-09 09:41:13', '2015-11-16 09:24:16', 'Natalie.JPG', 'http://localhost/assets/images/users/Natalie.JPG', NULL, NULL, 'Natalie', 'Vo', 5, 2, 'Normal', 0, 0, '257262a887162ee48a71ea5321b8ee57e7280079387f622a93746bf546b543466e8a72b14ecd2b07b3c252a741f7e9e56ba98a759e8d49a595df05fe793752f3EyKzYNvzJMjHWBZHbklumbkteD8ju7WvNj0SwDTjMTg=', '', '', '', '', ''),
(220, 'jolie@enclave.vn', '$2a$08$nEbxG0vbmTGcgoaLJ2i4Du1QRs1WLAtsol0Xdy80hhS5LHQvzFK/6', NULL, '2015-11-09 09:41:13', '2015-11-09 09:41:13', 0, '2015-11-09 09:41:13', '2015-11-09 09:41:13', NULL, '2015-11-09 09:41:13', '2015-11-09 09:41:13', '2015-11-17 09:22:10', 'Jolie.JPG', 'http://localhost/assets/images/users/Jolie.JPG', NULL, NULL, 'Jolie', 'Vo', 4, 2, 'Normal', 0, 0, '3a829bda9a04572b13b5aa8d51f7e5a50144375b18ecac0c14822638024283fe8dc0f2e68539805fe6fe312a1a8ef645f9a1a20f7fa5c74cf6504841fd46926fepaaRii8o+RtnocnU2lgjFVQG1oKci/7FGHvAy+B5v0=', '', '', '', '', ''),
(221, 'tristan@enclave.vn', '$2a$08$nEbxG0vbmTGcgoaLJ2i4Du1QRs1WLAtsol0Xdy80hhS5LHQvzFK/6', NULL, '2015-11-09 09:41:13', '2015-11-09 09:41:13', 0, '2015-11-09 09:41:13', '2015-11-09 09:41:13', NULL, '2015-11-09 09:41:13', '2015-11-09 09:41:13', '2015-11-11 08:24:12', 'Tristan.JPG', 'http://localhost/assets/images/users/Tristan.JPG', NULL, NULL, 'Tristan', 'Vu', 1, 2, 'Normal', 0, 0, '1314a1c1e4f98e264b892ea0ae791fd5f8274edc629d8bb6c8d2a084d854911ef22bebc3a318ab9cee8407ad4b3235adf8c2df15789f722881943db3bff08e73ovVKY6+TIdxiRH1jrnpwmarCivZFhtCmJ+vyoai2KtU=', '', '', '', '', ''),
(222, 'timmy@enclave.vn', '$2a$08$nEbxG0vbmTGcgoaLJ2i4Du1QRs1WLAtsol0Xdy80hhS5LHQvzFK/6', NULL, '2015-11-09 09:41:13', '2015-11-09 09:41:13', 0, '2015-11-09 09:41:13', '2015-11-09 09:41:13', NULL, '2015-11-09 09:41:13', '2015-11-09 09:41:13', '2015-11-11 08:24:41', 'Timmy.JPG', 'http://localhost/assets/images/users/Timmy.JPG', NULL, NULL, 'Timmy', 'Vu', 1, 2, 'Normal', 0, 0, 'b69037cadc08aa5978b022a313b1b6987419d6da7a61ea7a86ce6d29ff3a4e7a8a78479ebb5ca447da2ccf3e9668dae3b7dc04056b3134e4c60f7eb3fa56cdf88QxGYMHrQjV1yNq2Sq0WCu0YhAPw4yuVCw7DR/WBMWc=', '', '', '', '', ''),
(223, 'nancy@enclave.vn', '$2a$08$nEbxG0vbmTGcgoaLJ2i4Du1QRs1WLAtsol0Xdy80hhS5LHQvzFK/6', NULL, '2015-11-09 09:41:14', '2015-11-09 09:41:14', 0, '2015-11-09 09:41:14', '2015-11-09 09:41:14', NULL, '2015-11-09 09:41:14', '2015-11-09 09:41:14', '2015-11-17 08:51:06', 'Nancy.JPG', 'http://localhost/assets/images/users/Nancy.JPG', NULL, NULL, 'Nancy', 'Vu', 5, 2, 'Normal', 0, 0, '54836d677fa5144fbe3b96d16c404aca803588cc88b5c7f531910871c648e712a19ab8ba72049c03bfa58f8e166003cd6f8143332f062c70e8028aacb82b1452NNII0jpwkXH3JadJmAq9NNTZMZwJ5G3XkU9nODGCCAM=', '', '', '', '', ''),
(224, 'vin@enclave.vn', '$2a$08$nEbxG0vbmTGcgoaLJ2i4Du1QRs1WLAtsol0Xdy80hhS5LHQvzFK/6', NULL, '2015-11-09 09:41:14', '2015-11-09 09:41:14', 0, '2015-11-09 09:41:14', '2015-11-09 09:41:14', NULL, '2015-11-09 09:41:14', '2015-11-09 09:41:14', '2015-11-16 09:36:44', 'Vin.JPG', 'http://localhost/assets/images/users/Vin.JPG', NULL, NULL, 'Vin', 'Nguyen', 5, 3, 'Normal', 0, 0, 'aa42d72916b5542277d4007b2a30a81cf30f8d257970aa0dc658111a64dbbf1d7c9828f2a2ed1977552c614778a6e6d0f58d884151b6c109c194815b5f885d4dBzvNZb6UV3J3TeLIe9qMIMJtmrAhmLsN5VFVKZzY3uc=', '', '', '', '', ''),
(225, 'hiero@enclave.vn', '$2a$08$nEbxG0vbmTGcgoaLJ2i4Du1QRs1WLAtsol0Xdy80hhS5LHQvzFK/6', NULL, '2015-11-16 10:16:06', '2015-11-16 10:16:06', 0, '2015-11-16 10:16:06', '2015-11-16 10:16:06', NULL, '2015-11-16 10:16:06', '2015-11-16 10:16:06', '2015-11-17 07:06:31', 'Hiero1.JPG', 'http://localhost/assets/images/users/Hiero1.JPG', NULL, NULL, 'Hiero', 'Pham', 2, 2, 'Normal', 1, 0, '', '', '', '', '', ''),
(226, 'louie@enclave.vn', '$2a$08$nEbxG0vbmTGcgoaLJ2i4Du1QRs1WLAtsol0Xdy80hhS5LHQvzFK/6', NULL, '2015-11-17 09:28:21', '2015-11-17 09:28:21', 0, '2015-11-17 09:28:21', '2015-11-17 09:28:21', NULL, '2015-11-17 09:28:21', '2015-11-17 09:28:21', NULL, 'Louie.JPG', 'http://localhost/assets/images/users/Louie.JPG', NULL, NULL, 'Louie', 'Phan', 5, 2, 'Normal', 0, 0, 'b0632d82ab0a8884792079f0dd5d33990d537dd9e96fd1571f2e9d4b8fc2198d3810da9675392efadb798b298e43d7b162646fdbd397bbc851a0b1cc0f0cc292LQDzt9S/CiHSek+Vt3OioU0ych8iC/sqisjlUc6lCl8=', '', '', '', '', ''),
(228, 'neo@enclave.vn', '$2a$08$nEbxG0vbmTGcgoaLJ2i4Du1QRs1WLAtsol0Xdy80hhS5LHQvzFK/6', NULL, '2015-11-19 09:08:31', '2015-11-19 09:08:31', 0, '2015-11-19 09:08:31', '2015-11-19 09:08:31', NULL, '2015-11-19 09:08:31', '2015-11-19 09:08:31', NULL, 'Neo.JPG', 'http://localhost/assets/images/users/Neo.JPG', NULL, NULL, 'Neo', 'Duong', 4, 2, 'Normal', 1, 0, 'e5da45f40c00e596aea54985417f5bbf87df7908034044656dd99c09f9f45fb088237a447e0e585ef68f874310739738d1d187aebb1b0983693125fe4bc60807wE2YnfIGoPnPw/bE7+sIrbS1IwFAhuXjdplevz5Qeb4=', '', '', '', '', '');

-- --------------------------------------------------------

--
-- Table structure for table `vote_logs`
--

CREATE TABLE IF NOT EXISTS `vote_logs` (
  `user_id` int(11) NOT NULL,
  `first_day_of_week` date NOT NULL,
  `votes` varchar(100) DEFAULT NULL
) ENGINE=InnoDB DEFAULT CHARSET=utf8;

--
-- Dumping data for table `vote_logs`
--

INSERT INTO `vote_logs` (`user_id`, `first_day_of_week`, `votes`) VALUES
(85, '2016-01-11', '33;18;16;14;1;');

/*!40101 SET CHARACTER_SET_CLIENT=@OLD_CHARACTER_SET_CLIENT */;
/*!40101 SET CHARACTER_SET_RESULTS=@OLD_CHARACTER_SET_RESULTS */;
/*!40101 SET COLLATION_CONNECTION=@OLD_COLLATION_CONNECTION */;
